Workbook

Sheet Draft
A2: Pick | B2: Your Pick | C2: Round 1 | D2: Round 2 | E2: Round 3 | F2: Round 4 | G2: Round 5 | H2: Round 6 | I2: Round 7 | J2: Round 8 | K2: Round 9 | L2: Round 10 | M2: Round 11 | N2: Round 12 | O2: Round 13 | P2: Round 14
A3: 1 | B3: FALSE
A4: 2 | B4: FALSE
A5: 3 | B5: FALSE
A6: 4 | B6: FALSE
A7: 5 | B7: FALSE
A8: 6 | B8: FALSE | D8: Domantas Sabonis | F8: Jordan Poole | H8: OG Anunoby | J8: Markelle Fultz
A9: 7 | B9: TRUE | C9: Jayson Tatum | E9: Karl-Anthony Towns | G9: Josh Giddey | I9: Anfernee Simons
A10: 8 | B10: FALSE
A11: 9 | B11: FALSE
A12: 10 | B12: FALSE
A13: 11 | B13: FALSE
A14: 12 | B14: FALSE
B15: Pick Fill Direction | C15: ↓ | D15: ↓ | E15: =IF($H$19, "↑","↓") -> ↑ | F15: =IF($H$19,"↓", "↑") -> ↓ | G15: =IF($H$19, "↑","↓") -> ↑ | H15: =IF($H$19,"↓", "↑") -> ↓ | I15: =IF($H$19, "↑","↓") -> ↑ | J15: =IF($H$19,"↓", "↑") -> ↓ | K15: =IF($H$19, "↑","↓") -> ↑ | L15: =IF($H$19,"↓", "↑") -> ↓ | M15: =IF($H$19, "↑","↓") -> ↑ | N15: =IF($H$19,"↓", "↑") -> ↓ | O15: =IF($H$19, "↑","↓") -> ↑ | P15: =IF($H$19,"↓", "↑") -> ↓
B16: Pick # | C16: =IF(B3=TRUE,"1",IF(B4=TRUE,"2", IF(B5=True, "3",IF(B6=True, "4",IF(B7=True, "5",IF(B8=True, "6",IF(B9=True, "7",IF(B10=True, "8",IF(B11=True, "9",IF(B12=True, "10",IF(B13=True, "11",IF(B14=True, "12")))))))))))) -> 7 | D16: =IF(B3=TRUE,"24",IF(B4=TRUE,"23", IF(B5=True, "22",IF(B6=True, "21",IF(B7=True, "20",IF(B8=True, "19",IF(B9=True, "18",IF(B10=True, "17",IF(B11=True, "16",IF(B12=True, "15",IF(B13=True, "14",IF(B14=True, "13")))))))))))) -> 18 | E16: =IF(B3=TRUE,"25",IF(B4=TRUE,"26", IF(B5=True, "27",IF(B6=True, "28",IF(B7=True, "29",IF(B8=True, "30",IF(B9=True, "31",IF(B10=True, "32",IF(B11=True, "33",IF(B12=True, "34",IF(B13=True, "35",IF(B14=True, "36")))))))))))) -> 31 | F16: =IF(B3=TRUE,"48",IF(B4=TRUE,"47", IF(B5=True, "46",IF(B6=True, "45",IF(B7=True, "44",IF(B8=True, "43",IF(B9=True, "42",IF(B10=True, "41",IF(B11=True, "40",IF(B12=True, "39",IF(B13=True, "38",IF(B14=True, "37")))))))))))) -> 42 | G16: =IF(B3=TRUE,"49",IF(B4=TRUE,"50", IF(B5=True, "51",IF(B6=True, "52",IF(B7=True, "53",IF(B8=True, "54",IF(B9=True, "55",IF(B10=True, "56",IF(B11=True, "57",IF(B12=True, "58",IF(B13=True, "59",IF(B14=True, "60")))))))))))) -> 55 | H16: =IF(B3=TRUE,"72",IF(B4=TRUE,"71", IF(B5=True, "70",IF(B6=True, "69",IF(B7=True, "68",IF(B8=True, "67",IF(B9=True, "66",IF(B10=True, "65",IF(B11=True, "64",IF(B12=True, "63",IF(B13=True, "62",IF(B14=True, "61")))))))))))) -> 66 | I16: =IF(B3=TRUE,"73",IF(B4=TRUE,"74", IF(B5=True, "75",IF(B6=True, "76",IF(B7=True, "77",IF(B8=True, "78",IF(B9=True, "79",IF(B10=True, "80",IF(B11=True, "81",IF(B12=True, "82",IF(B13=True, "83",IF(B14=True, "84")))))))))))) -> 79 | J16: =IF(B3=TRUE,"96",IF(B4=TRUE,"95", IF(B5=True, "94",IF(B6=True, "93",IF(B7=True, "92",IF(B8=True, "91",IF(B9=True, "90",IF(B10=True, "89",IF(B11=True, "88",IF(B12=True, "87",IF(B13=True, "86",IF(B14=True, "85")))))))))))) -> 90 | K16: =IF(B3=TRUE,"97",IF(B4=TRUE,"98", IF(B5=True, "99",IF(B6=True, "100",IF(B7=True, "101",IF(B8=True, "102",IF(B9=True, "103",IF(B10=True, "104",IF(B11=True, "105",IF(B12=True, "106",IF(B13=True, "107",IF(B14=True, "108")))))))))))) -> 103 | L16: =IF(B3=TRUE,"120",IF(B4=TRUE,"119", IF(B5=True, "118",IF(B6=True, "117",IF(B7=True, "116",IF(B8=True, "115",IF(B9=True, "114",IF(B10=True, "113",IF(B11=True, "112",IF(B12=True, "111",IF(B13=True, "110",IF(B14=True, "109")))))))))))) -> 114 | M16: =IF(B3=TRUE,"121",IF(B4=TRUE,"122", IF(B5=True, "123",IF(B6=True, "124",IF(B7=True, "125",IF(B8=True, "126",IF(B9=True, "127",IF(B10=True, "128",IF(B11=True, "129",IF(B12=True, "130",IF(B13=True, "131",IF(B14=True, "132")))))))))))) -> 127 | N16: =IF(B3=TRUE,"144",IF(B4=TRUE,"143", IF(B5=True, "142",IF(B6=True, "141",IF(B7=True, "140",IF(B8=True, "139",IF(B9=True, "138",IF(B10=True, "137",IF(B11=True, "136",IF(B12=True, "135",IF(B13=True, "134",IF(B14=True, "133")))))))))))) -> 138 | O16: =IF(B3=TRUE,"145",IF(B4=TRUE,"146", IF(B5=True, "147",IF(B6=True, "148",IF(B7=True, "149",IF(B8=True, "150",IF(B9=True, "151",IF(B10=True, "152",IF(B11=True, "153",IF(B12=True, "154",IF(B13=True, "155",IF(B14=True, "156")))))))))))) -> 151 | P16: =IF(B3=TRUE,"168",IF(B4=TRUE,"167", IF(B5=True, "166",IF(B6=True, "165",IF(B7=True, "164",IF(B8=True, "163",IF(B9=True, "162",IF(B10=True, "161",IF(B11=True, "160",IF(B12=True, "159",IF(B13=True, "158",IF(B14=True, "157")))))))))))) -> 162
B17: 3RR | C17: =C16 -> 7 | D17: =D16 -> 18 | E17: =E16+IF($B$3,11, IF($B$4,9,IF($B$5,7,IF($B$6,5,IF($B$7,3,IF($B$8,1,IF($B$9,-1,IF($B$10,-3,IF($B$11,-5,IF($B$12,-7, IF($B$13,-9, IF($B$14,-11)))))))))))) -> 30 | F17: =F16-IF($B$3,11, IF($B$4,9,IF($B$5,7,IF($B$6,5,IF($B$7,3,IF($B$8,1,IF($B$9,-1,IF($B$10,-3,IF($B$11,-5,IF($B$12,-7, IF($B$13,-9, IF($B$14,-11)))))))))))) -> 43 | G17: =G16+IF($B$3,11, IF($B$4,9,IF($B$5,7,IF($B$6,5,IF($B$7,3,IF($B$8,1,IF($B$9,-1,IF($B$10,-3,IF($B$11,-5,IF($B$12,-7, IF($B$13,-9, IF($B$14,-11)))))))))))) -> 54 | H17: =H16-IF($B$3,11, IF($B$4,9,IF($B$5,7,IF($B$6,5,IF($B$7,3,IF($B$8,1,IF($B$9,-1,IF($B$10,-3,IF($B$11,-5,IF($B$12,-7, IF($B$13,-9, IF($B$14,-11)))))))))))) -> 67 | I17: =I16+IF($B$3,11, IF($B$4,9,IF($B$5,7,IF($B$6,5,IF($B$7,3,IF($B$8,1,IF($B$9,-1,IF($B$10,-3,IF($B$11,-5,IF($B$12,-7, IF($B$13,-9, IF($B$14,-11)))))))))))) -> 78 | J17: =J16-IF($B$3,11, IF($B$4,9,IF($B$5,7,IF($B$6,5,IF($B$7,3,IF($B$8,1,IF($B$9,-1,IF($B$10,-3,IF($B$11,-5,IF($B$12,-7, IF($B$13,-9, IF($B$14,-11)))))))))))) -> 91 | K17: =K16+IF($B$3,11, IF($B$4,9,IF($B$5,7,IF($B$6,5,IF($B$7,3,IF($B$8,1,IF($B$9,-1,IF($B$10,-3,IF($B$11,-5,IF($B$12,-7, IF($B$13,-9, IF($B$14,-11)))))))))))) -> 102 | L17: =L16-IF($B$3,11, IF($B$4,9,IF($B$5,7,IF($B$6,5,IF($B$7,3,IF($B$8,1,IF($B$9,-1,IF($B$10,-3,IF($B$11,-5,IF($B$12,-7, IF($B$13,-9, IF($B$14,-11)))))))))))) -> 115 | M17: =M16+IF($B$3,11, IF($B$4,9,IF($B$5,7,IF($B$6,5,IF($B$7,3,IF($B$8,1,IF($B$9,-1,IF($B$10,-3,IF($B$11,-5,IF($B$12,-7, IF($B$13,-9, IF($B$14,-11)))))))))))) -> 126 | N17: =N16-IF($B$3,11, IF($B$4,9,IF($B$5,7,IF($B$6,5,IF($B$7,3,IF($B$8,1,IF($B$9,-1,IF($B$10,-3,IF($B$11,-5,IF($B$12,-7, IF($B$13,-9, IF($B$14,-11)))))))))))) -> 139 | O17: =O16+IF($B$3,11, IF($B$4,9,IF($B$5,7,IF($B$6,5,IF($B$7,3,IF($B$8,1,IF($B$9,-1,IF($B$10,-3,IF($B$11,-5,IF($B$12,-7, IF($B$13,-9, IF($B$14,-11)))))))))))) -> 150 | P17: =P16-IF($B$3,11, IF($B$4,9,IF($B$5,7,IF($B$6,5,IF($B$7,3,IF($B$8,1,IF($B$9,-1,IF($B$10,-3,IF($B$11,-5,IF($B$12,-7, IF($B$13,-9, IF($B$14,-11)))))))))))) -> 163
C19: MAKE A COPY | G19: 3RR | H19: TRUE
C20: File -> Make a copy

Sheet Projections
G2: Sort by | H2: Remove Drafted | J2: -1 Cat | K2: -2 Cat | L2: PTS | M2: 3P | N2: REB | O2: AST | P2: STL | Q2: BLK | R2: FG% | S2: FT% | T2: TO | U2: PG | V2: SG | W2: SF | X2: PF | Y2: C
G3: PuntV | H3: FALSE | J3: TRUE | K3: FALSE | L3: 1 | M3: 0.9 | N3: 1 | O3: 1.1 | P3: 0.7 | Q3: 0.7 | R3: 0.9 | S3: 0.8 | T3: 0.25 | U3: PG | V3: SG | W3: SF | X3: PF | Y3: C
A5: TM | B5: W19 | C5: W20 | D5: W21 | E5: Total | F5: Rank | G5: LgRank | H5: Player | I5: GP | J5: Pos | K5: LeagV | L5: PuntV | M5: Punt+ | N5: PTS | O5: 3P | P5: REB | Q5: AST | R5: STL | S5: BLK | T5: FG% | U5: FT% | V5: TO | W5: z p/g | X5: z 3/g | Y5: z r/g | Z5: z a/g | AA5: z s/g | AB5: z b/g | AC5: z fg% | AD5: z ft% | AE5: z to/g
A6: =IF(VLOOKUP(H6,'Paste #BBall'!$B$2:$N1001,3,)="BRO","BKN",IF(VLOOKUP(H6,'Paste #BBall'!$B$2:$N1001,3,)="OKL","OKC",VLOOKUP(H6,'Paste #BBall'!$B$2:$N1001,3,))) -> DEN | B6: =VLOOKUP($A6,Schedule!$C$2:$G$31,2,0) -> 3 | C6: =VLOOKUP($A6,Schedule!$C$2:$G$31,3,0) -> 4 | D6: =VLOOKUP($A6,Schedule!$C$2:$G$31,4,0) -> 3 | E6: =SUM(B6:D6) -> 10 | F6: 1 | G6: =IFERROR(__xludf.DUMMYFUNCTION("Filter('NO USAR3'!B5:Z405,IF('NO USAR3'!AA5:AA405="""",FALSE,TRUE),NOT(COUNTIF('NO USAR3'!A5:A200,'NO USAR3'!C5:C405)))"),1.0) -> 1 | H6: =IFERROR(__xludf.DUMMYFUNCTION("""COMPUTED_VALUE"""),"Nikola Jokic") -> Nikola Jokic | I6: =IFERROR(__xludf.DUMMYFUNCTION("""COMPUTED_VALUE"""),72.0) -> 72 | J6: =IFERROR(__xludf.DUMMYFUNCTION("""COMPUTED_VALUE"""),"C") -> C | K6: =IFERROR(__xludf.DUMMYFUNCTION("""COMPUTED_VALUE"""),9.54924845456491) -> 9.5492485 | L6: =IFERROR(__xludf.DUMMYFUNCTION("""COMPUTED_VALUE"""),9.214627913768442) -> 9.2146279 | M6: =IFERROR(__xludf.DUMMYFUNCTION("""COMPUTED_VALUE"""),-0.3346205407964682) -> -0.33462054 | N6: =IFERROR(__xludf.DUMMYFUNCTION("""COMPUTED_VALUE"""),24.5) -> 24.5 | O6: =IFERROR(__xludf.DUMMYFUNCTION("""COMPUTED_VALUE"""),1.0) -> 1 | P6: =IFERROR(__xludf.DUMMYFUNCTION("""COMPUTED_VALUE"""),11.7) -> 11.7 | Q6: =IFERROR(__xludf.DUMMYFUNCTION("""COMPUTED_VALUE"""),9.7) -> 9.7 | R6: =IFERROR(__xludf.DUMMYFUNCTION("""COMPUTED_VALUE"""),1.4) -> 1.4 | S6: =IFERROR(__xludf.DUMMYFUNCTION("""COMPUTED_VALUE"""),0.7) -> 0.7 | T6: =IFERROR(__xludf.DUMMYFUNCTION("""COMPUTED_VALUE"""),62.16216216216215) -> 62.162162 | U6: =IFERROR(__xludf.DUMMYFUNCTION("""COMPUTED_VALUE"""),81.9672131147541) -> 81.967213 | V6: =IFERROR(__xludf.DUMMYFUNCTION("""COMPUTED_VALUE"""),3.7) -> 3.7 | W6: =IFERROR(__xludf.DUMMYFUNCTION("""COMPUTED_VALUE"""),1.2206927237691836) -> 1.2206927 | X6: =IFERROR(__xludf.DUMMYFUNCTION("""COMPUTED_VALUE"""),-0.5590090246596284) -> -0.55900902 | Y6: =IFERROR(__xludf.DUMMYFUNCTION("""COMPUTED_VALUE"""),2.3436120958610913) -> 2.3436121 | Z6: =IFERROR(__xludf.DUMMYFUNCTION("""COMPUTED_VALUE"""),2.986704087554234) -> 2.9867041 | AA6: =IFERROR(__xludf.DUMMYFUNCTION("""COMPUTED_VALUE"""),0.883828931240691) -> 0.88382893 | AB6: =IFERROR(__xludf.DUMMYFUNCTION("""COMPUTED_VALUE"""),-0.0017508778622903794) -> -0.0017508779 | AC6: =IFERROR(__xludf.DUMMYFUNCTION("""COMPUTED_VALUE"""),1.857320056544927) -> 1.8573201 | AD6: =IFERROR(__xludf.DUMMYFUNCTION("""COMPUTED_VALUE"""),0.4536630262097989) -> 0.45366303 | AE6: =IFERROR(__xludf.DUMMYFUNCTION("""COMPUTED_VALUE"""),-0.5294421295491943) -> -0.52944213
A7: =IF(VLOOKUP(H7,'Paste #BBall'!$B$2:$N1001,3,)="BRO","BKN",IF(VLOOKUP(H7,'Paste #BBall'!$B$2:$N1001,3,)="OKL","OKC",VLOOKUP(H7,'Paste #BBall'!$B$2:$N1001,3,))) -> PHI | B7: =VLOOKUP($A7,Schedule!$C$2:$G$31,2,0) -> 4 | C7: =VLOOKUP($A7,Schedule!$C$2:$G$31,3,0) -> 3 | D7: =VLOOKUP($A7,Schedule!$C$2:$G$31,4,0) -> 4 | E7: =SUM(B7:D7) -> 11 | F7: 2 | G7: =IFERROR(__xludf.DUMMYFUNCTION("""COMPUTED_VALUE"""),2.0) -> 2 | H7: =IFERROR(__xludf.DUMMYFUNCTION("""COMPUTED_VALUE"""),"Joel Embiid") -> Joel Embiid | I7: =IFERROR(__xludf.DUMMYFUNCTION("""COMPUTED_VALUE"""),67.0) -> 67 | J7: =IFERROR(__xludf.DUMMYFUNCTION("""COMPUTED_VALUE"""),"C") -> C | K7: =IFERROR(__xludf.DUMMYFUNCTION("""COMPUTED_VALUE"""),8.589996039505778) -> 8.589996 | L7: =IFERROR(__xludf.DUMMYFUNCTION("""COMPUTED_VALUE"""),7.635406106501781) -> 7.6354061 | M7: =IFERROR(__xludf.DUMMYFUNCTION("""COMPUTED_VALUE"""),-0.9545899330039962) -> -0.95458993 | N7: =IFERROR(__xludf.DUMMYFUNCTION("""COMPUTED_VALUE"""),32.6) -> 32.6 | O7: =IFERROR(__xludf.DUMMYFUNCTION("""COMPUTED_VALUE"""),1.2) -> 1.2 | P7: =IFERROR(__xludf.DUMMYFUNCTION("""COMPUTED_VALUE"""),10.2) -> 10.2 | Q7: =IFERROR(__xludf.DUMMYFUNCTION("""COMPUTED_VALUE"""),4.2) -> 4.2 | R7: =IFERROR(__xludf.DUMMYFUNCTION("""COMPUTED_VALUE"""),1.1) -> 1.1 | S7: =IFERROR(__xludf.DUMMYFUNCTION("""COMPUTED_VALUE"""),1.6) -> 1.6 | T7: =IFERROR(__xludf.DUMMYFUNCTION("""COMPUTED_VALUE"""),54.0) -> 54 | U7: =IFERROR(__xludf.DUMMYFUNCTION("""COMPUTED_VALUE"""),83.19327731092437) -> 83.193277 | V7: =IFERROR(__xludf.DUMMYFUNCTION("""COMPUTED_VALUE"""),3.3) -> 3.3 | W7: =IFERROR(__xludf.DUMMYFUNCTION("""COMPUTED_VALUE"""),2.5857563771327903) -> 2.5857564 | X7: =IFERROR(__xludf.DUMMYFUNCTION("""COMPUTED_VALUE"""),-0.38558326726780967) -> -0.38558327 | Y7: =IFERROR(__xludf.DUMMYFUNCTION("""COMPUTED_VALUE"""),1.7163815480214986) -> 1.7163815 | Z7: =IFERROR(__xludf.DUMMYFUNCTION("""COMPUTED_VALUE"""),0.18156875942098802) -> 0.18156876 | AA7: =IFERROR(__xludf.DUMMYFUNCTION("""COMPUTED_VALUE"""),0.22967922884215308) -> 0.22967923 | AB7: =IFERROR(__xludf.DUMMYFUNCTION("""COMPUTED_VALUE"""),1.1800916791835507) -> 1.1800917 | AC7: =IFERROR(__xludf.DUMMYFUNCTION("""COMPUTED_VALUE"""),0.8793122989733448) -> 0.8793123 | AD7: =IFERROR(__xludf.DUMMYFUNCTION("""COMPUTED_VALUE"""),1.2481994821952669) -> 1.2481995 | AE7: =IFERROR(__xludf.DUMMYFUNCTION("""COMPUTED_VALUE"""),-0.40525711089027455) -> -0.40525711
A8: =IF(VLOOKUP(H8,'Paste #BBall'!$B$2:$N1001,3,)="BRO","BKN",IF(VLOOKUP(H8,'Paste #BBall'!$B$2:$N1001,3,)="OKL","OKC",VLOOKUP(H8,'Paste #BBall'!$B$2:$N1001,3,))) -> DAL | B8: =VLOOKUP($A8,Schedule!$C$2:$G$31,2,0) -> 3 | C8: =VLOOKUP($A8,Schedule!$C$2:$G$31,3,0) -> 4 | D8: =VLOOKUP($A8,Schedule!$C$2:$G$31,4,0) -> 2 | E8: =SUM(B8:D8) -> 9 | F8: 3 | G8: =IFERROR(__xludf.DUMMYFUNCTION("""COMPUTED_VALUE"""),3.0) -> 3 | H8: =IFERROR(__xludf.DUMMYFUNCTION("""COMPUTED_VALUE"""),"Luka Doncic") -> Luka Doncic | I8: =IFERROR(__xludf.DUMMYFUNCTION("""COMPUTED_VALUE"""),66.0) -> 66 | J8: =IFERROR(__xludf.DUMMYFUNCTION("""COMPUTED_VALUE"""),"PG") -> PG | K8: =IFERROR(__xludf.DUMMYFUNCTION("""COMPUTED_VALUE"""),6.6677410644050665) -> 6.6677411 | L8: =IFERROR(__xludf.DUMMYFUNCTION("""COMPUTED_VALUE"""),6.872562954664767) -> 6.872563 | M8: =IFERROR(__xludf.DUMMYFUNCTION("""COMPUTED_VALUE"""),0.20482189025970055) -> 0.20482189 | N8: =IFERROR(__xludf.DUMMYFUNCTION("""COMPUTED_VALUE"""),32.7) -> 32.7 | O8: =IFERROR(__xludf.DUMMYFUNCTION("""COMPUTED_VALUE"""),3.0) -> 3 | P8: =IFERROR(__xludf.DUMMYFUNCTION("""COMPUTED_VALUE"""),8.8) -> 8.8 | Q8: =IFERROR(__xludf.DUMMYFUNCTION("""COMPUTED_VALUE"""),8.1) -> 8.1 | R8: =IFERROR(__xludf.DUMMYFUNCTION("""COMPUTED_VALUE"""),1.3) -> 1.3 | S8: =IFERROR(__xludf.DUMMYFUNCTION("""COMPUTED_VALUE"""),0.5) -> 0.5 | T8: =IFERROR(__xludf.DUMMYFUNCTION("""COMPUTED_VALUE"""),49.10714285714286) -> 49.107143 | U8: =IFERROR(__xludf.DUMMYFUNCTION("""COMPUTED_VALUE"""),76.47058823529413) -> 76.470588 | V8: =IFERROR(__xludf.DUMMYFUNCTION("""COMPUTED_VALUE"""),3.6) -> 3.6 | W8: =IFERROR(__xludf.DUMMYFUNCTION("""COMPUTED_VALUE"""),2.602609014828637) -> 2.602609 | X8: =IFERROR(__xludf.DUMMYFUNCTION("""COMPUTED_VALUE"""),1.1752485492585598) -> 1.1752485 | Y8: =IFERROR(__xludf.DUMMYFUNCTION("""COMPUTED_VALUE"""),1.1309663700378794) -> 1.1309664 | Z8: =IFERROR(__xludf.DUMMYFUNCTION("""COMPUTED_VALUE"""),2.170664719370017) -> 2.1706647 | AA8: =IFERROR(__xludf.DUMMYFUNCTION("""COMPUTED_VALUE"""),0.6657790304411786) -> 0.66577903 | AB8: =IFERROR(__xludf.DUMMYFUNCTION("""COMPUTED_VALUE"""),-0.2643825572058105) -> -0.26438256 | AC8: =IFERROR(__xludf.DUMMYFUNCTION("""COMPUTED_VALUE"""),-0.10992629718122864) -> -0.1099263 | AD8: =IFERROR(__xludf.DUMMYFUNCTION("""COMPUTED_VALUE"""),-0.6370246463324157) -> -0.63702465 | AE8: =IFERROR(__xludf.DUMMYFUNCTION("""COMPUTED_VALUE"""),-0.49839587488446435) -> -0.49839587
A9: =IF(VLOOKUP(H9,'Paste #BBall'!$B$2:$N1001,3,)="BRO","BKN",IF(VLOOKUP(H9,'Paste #BBall'!$B$2:$N1001,3,)="OKL","OKC",VLOOKUP(H9,'Paste #BBall'!$B$2:$N1001,3,))) -> IND | B9: =VLOOKUP($A9,Schedule!$C$2:$G$31,2,0) -> 3 | C9: =VLOOKUP($A9,Schedule!$C$2:$G$31,3,0) -> 3 | D9: =VLOOKUP($A9,Schedule!$C$2:$G$31,4,0) -> 4 | E9: =SUM(B9:D9) -> 10 | F9: 4 | G9: =IFERROR(__xludf.DUMMYFUNCTION("""COMPUTED_VALUE"""),5.0) -> 5 | H9: =IFERROR(__xludf.DUMMYFUNCTION("""COMPUTED_VALUE"""),"Tyrese Haliburton") -> Tyrese Haliburton | I9: =IFERROR(__xludf.DUMMYFUNCTION("""COMPUTED_VALUE"""),73.0) -> 73 | J9: =IFERROR(__xludf.DUMMYFUNCTION("""COMPUTED_VALUE"""),"PG,SG") -> PG,SG | K9: =IFERROR(__xludf.DUMMYFUNCTION("""COMPUTED_VALUE"""),6.550969880100022) -> 6.5509699 | L9: =IFERROR(__xludf.DUMMYFUNCTION("""COMPUTED_VALUE"""),6.817439699232969) -> 6.8174397 | M9: =IFERROR(__xludf.DUMMYFUNCTION("""COMPUTED_VALUE"""),0.2664698191329471) -> 0.26646982 | N9: =IFERROR(__xludf.DUMMYFUNCTION("""COMPUTED_VALUE"""),23.3) -> 23.3 | O9: =IFERROR(__xludf.DUMMYFUNCTION("""COMPUTED_VALUE"""),2.8) -> 2.8 | P9: =IFERROR(__xludf.DUMMYFUNCTION("""COMPUTED_VALUE"""),4.0) -> 4 | Q9: =IFERROR(__xludf.DUMMYFUNCTION("""COMPUTED_VALUE"""),10.5) -> 10.5 | R9: =IFERROR(__xludf.DUMMYFUNCTION("""COMPUTED_VALUE"""),1.7) -> 1.7 | S9: =IFERROR(__xludf.DUMMYFUNCTION("""COMPUTED_VALUE"""),0.4) -> 0.4 | T9: =IFERROR(__xludf.DUMMYFUNCTION("""COMPUTED_VALUE"""),48.913043478260875) -> 48.913043 | U9: =IFERROR(__xludf.DUMMYFUNCTION("""COMPUTED_VALUE"""),86.66666666666667) -> 86.666667 | V9: =IFERROR(__xludf.DUMMYFUNCTION("""COMPUTED_VALUE"""),2.6) -> 2.6 | W9: =IFERROR(__xludf.DUMMYFUNCTION("""COMPUTED_VALUE"""),1.0184610714190199) -> 1.0184611 | X9: =IFERROR(__xludf.DUMMYFUNCTION("""COMPUTED_VALUE"""),1.001822791866741) -> 1.0018228 | Y9: =IFERROR(__xludf.DUMMYFUNCTION("""COMPUTED_VALUE"""),-0.8761713830488173) -> -0.87617138 | Z9: =IFERROR(__xludf.DUMMYFUNCTION("""COMPUTED_VALUE"""),3.3947237716463428) -> 3.3947238 | AA9: =IFERROR(__xludf.DUMMYFUNCTION("""COMPUTED_VALUE"""),1.5379786336392296) -> 1.5379786 | AB9: =IFERROR(__xludf.DUMMYFUNCTION("""COMPUTED_VALUE"""),-0.39569839687757064) -> -0.3956984 | AC9: =IFERROR(__xludf.DUMMYFUNCTION("""COMPUTED_VALUE"""),-0.12597035229978393) -> -0.12597035 | AD9: =IFERROR(__xludf.DUMMYFUNCTION("""COMPUTED_VALUE"""),0.5740555080761552) -> 0.57405551 | AE9: =IFERROR(__xludf.DUMMYFUNCTION("""COMPUTED_VALUE"""),-0.18793332823716524) -> -0.18793333
A10: =IF(VLOOKUP(H10,'Paste #BBall'!$B$2:$N1001,3,)="BRO","BKN",IF(VLOOKUP(H10,'Paste #BBall'!$B$2:$N1001,3,)="OKL","OKC",VLOOKUP(H10,'Paste #BBall'!$B$2:$N1001,3,))) -> CHA | B10: =VLOOKUP($A10,Schedule!$C$2:$G$31,2,0) -> 3 | C10: =VLOOKUP($A10,Schedule!$C$2:$G$31,3,0) -> 4 | D10: =VLOOKUP($A10,Schedule!$C$2:$G$31,4,0) -> 2 | E10: =SUM(B10:D10) -> 9 | F10: 5 | G10: =IFERROR(__xludf.DUMMYFUNCTION("""COMPUTED_VALUE"""),7.0) -> 7 | H10: =IFERROR(__xludf.DUMMYFUNCTION("""COMPUTED_VALUE"""),"LaMelo Ball") -> LaMelo Ball | I10: =IFERROR(__xludf.DUMMYFUNCTION("""COMPUTED_VALUE"""),69.0) -> 69 | J10: =IFERROR(__xludf.DUMMYFUNCTION("""COMPUTED_VALUE"""),"PG,SG") -> PG,SG | K10: =IFERROR(__xludf.DUMMYFUNCTION("""COMPUTED_VALUE"""),6.185474007494449) -> 6.185474 | L10: =IFERROR(__xludf.DUMMYFUNCTION("""COMPUTED_VALUE"""),6.634110243347756) -> 6.6341102 | M10: =IFERROR(__xludf.DUMMYFUNCTION("""COMPUTED_VALUE"""),0.44863623585330714) -> 0.44863624 | N10: =IFERROR(__xludf.DUMMYFUNCTION("""COMPUTED_VALUE"""),23.4) -> 23.4 | O10: =IFERROR(__xludf.DUMMYFUNCTION("""COMPUTED_VALUE"""),3.7) -> 3.7 | P10: =IFERROR(__xludf.DUMMYFUNCTION("""COMPUTED_VALUE"""),7.0) -> 7 | Q10: =IFERROR(__xludf.DUMMYFUNCTION("""COMPUTED_VALUE"""),8.6) -> 8.6 | R10: =IFERROR(__xludf.DUMMYFUNCTION("""COMPUTED_VALUE"""),1.6) -> 1.6 | S10: =IFERROR(__xludf.DUMMYFUNCTION("""COMPUTED_VALUE"""),0.4) -> 0.4 | T10: =IFERROR(__xludf.DUMMYFUNCTION("""COMPUTED_VALUE"""),42.78350515463919) -> 42.783505 | U10: =IFERROR(__xludf.DUMMYFUNCTION("""COMPUTED_VALUE"""),85.71428571428571) -> 85.714286 | V10: =IFERROR(__xludf.DUMMYFUNCTION("""COMPUTED_VALUE"""),3.6) -> 3.6 | W10: =IFERROR(__xludf.DUMMYFUNCTION("""COMPUTED_VALUE"""),1.0353137091148663) -> 1.0353137 | X10: =IFERROR(__xludf.DUMMYFUNCTION("""COMPUTED_VALUE"""),1.7822387001299258) -> 1.7822387 | Y10: =IFERROR(__xludf.DUMMYFUNCTION("""COMPUTED_VALUE"""),0.3782897126303679) -> 0.37828971 | Z10: =IFERROR(__xludf.DUMMYFUNCTION("""COMPUTED_VALUE"""),2.4256770219275845) -> 2.425677 | AA10: =IFERROR(__xludf.DUMMYFUNCTION("""COMPUTED_VALUE"""),1.319928732839717) -> 1.3199287 | AB10: =IFERROR(__xludf.DUMMYFUNCTION("""COMPUTED_VALUE"""),-0.39569839687757064) -> -0.3956984 | AC10: =IFERROR(__xludf.DUMMYFUNCTION("""COMPUTED_VALUE"""),-1.3205973735909926) -> -1.3205974 | AD10: =IFERROR(__xludf.DUMMYFUNCTION("""COMPUTED_VALUE"""),0.5867566384673297) -> 0.58675664 | AE10: =IFERROR(__xludf.DUMMYFUNCTION("""COMPUTED_VALUE"""),-0.49839587488446435) -> -0.49839587
A11: =IF(VLOOKUP(H11,'Paste #BBall'!$B$2:$N1001,3,)="BRO","BKN",IF(VLOOKUP(H11,'Paste #BBall'!$B$2:$N1001,3,)="OKL","OKC",VLOOKUP(H11,'Paste #BBall'!$B$2:$N1001,3,))) -> BOS | B11: =VLOOKUP($A11,Schedule!$C$2:$G$31,2,0) -> 3 | C11: =VLOOKUP($A11,Schedule!$C$2:$G$31,3,0) -> 4 | D11: =VLOOKUP($A11,Schedule!$C$2:$G$31,4,0) -> 4 | E11: =SUM(B11:D11) -> 11 | F11: 6 | G11: =IFERROR(__xludf.DUMMYFUNCTION("""COMPUTED_VALUE"""),6.0) -> 6 | H11: =IFERROR(__xludf.DUMMYFUNCTION("""COMPUTED_VALUE"""),"Jayson Tatum") -> Jayson Tatum | I11: =IFERROR(__xludf.DUMMYFUNCTION("""COMPUTED_VALUE"""),75.0) -> 75 | J11: =IFERROR(__xludf.DUMMYFUNCTION("""COMPUTED_VALUE"""),"SF,PF") -> SF,PF | K11: =IFERROR(__xludf.DUMMYFUNCTION("""COMPUTED_VALUE"""),6.237419142116777) -> 6.2374191 | L11: =IFERROR(__xludf.DUMMYFUNCTION("""COMPUTED_VALUE"""),6.073044076011835) -> 6.0730441 | M11: =IFERROR(__xludf.DUMMYFUNCTION("""COMPUTED_VALUE"""),-0.16437506610494168) -> -0.16437507 | N11: =IFERROR(__xludf.DUMMYFUNCTION("""COMPUTED_VALUE"""),29.5) -> 29.5 | O11: =IFERROR(__xludf.DUMMYFUNCTION("""COMPUTED_VALUE"""),3.3) -> 3.3 | P11: =IFERROR(__xludf.DUMMYFUNCTION("""COMPUTED_VALUE"""),8.2) -> 8.2 | Q11: =IFERROR(__xludf.DUMMYFUNCTION("""COMPUTED_VALUE"""),4.8) -> 4.8 | R11: =IFERROR(__xludf.DUMMYFUNCTION("""COMPUTED_VALUE"""),1.1) -> 1.1 | S11: =IFERROR(__xludf.DUMMYFUNCTION("""COMPUTED_VALUE"""),0.7) -> 0.7 | T11: =IFERROR(__xludf.DUMMYFUNCTION("""COMPUTED_VALUE"""),46.666666666666664) -> 46.666667 | U11: =IFERROR(__xludf.DUMMYFUNCTION("""COMPUTED_VALUE"""),85.71428571428571) -> 85.714286 | V11: =IFERROR(__xludf.DUMMYFUNCTION("""COMPUTED_VALUE"""),3.0) -> 3 | W11: =IFERROR(__xludf.DUMMYFUNCTION("""COMPUTED_VALUE"""),2.0633246085615333) -> 2.0633246 | X11: =IFERROR(__xludf.DUMMYFUNCTION("""COMPUTED_VALUE"""),1.435387185346288) -> 1.4353872 | Y11: =IFERROR(__xludf.DUMMYFUNCTION("""COMPUTED_VALUE"""),0.8800741509020418) -> 0.88007415 | Z11: =IFERROR(__xludf.DUMMYFUNCTION("""COMPUTED_VALUE"""),0.4875835224900693) -> 0.48758352 | AA11: =IFERROR(__xludf.DUMMYFUNCTION("""COMPUTED_VALUE"""),0.22967922884215308) -> 0.22967923 | AB11: =IFERROR(__xludf.DUMMYFUNCTION("""COMPUTED_VALUE"""),-0.0017508778622903794) -> -0.0017508779 | AC11: =IFERROR(__xludf.DUMMYFUNCTION("""COMPUTED_VALUE"""),-0.6149742310855772) -> -0.61497423 | AD11: =IFERROR(__xludf.DUMMYFUNCTION("""COMPUTED_VALUE"""),1.2908646046281254) -> 1.2908646 | AE11: =IFERROR(__xludf.DUMMYFUNCTION("""COMPUTED_VALUE"""),-0.31211834689608486) -> -0.31211835
A12: =IF(VLOOKUP(H12,'Paste #BBall'!$B$2:$N1001,3,)="BRO","BKN",IF(VLOOKUP(H12,'Paste #BBall'!$B$2:$N1001,3,)="OKL","OKC",VLOOKUP(H12,'Paste #BBall'!$B$2:$N1001,3,))) -> OKC | B12: =VLOOKUP($A12,Schedule!$C$2:$G$31,2,0) -> 4 | C12: =VLOOKUP($A12,Schedule!$C$2:$G$31,3,0) -> 3 | D12: =VLOOKUP($A12,Schedule!$C$2:$G$31,4,0) -> 3 | E12: =SUM(B12:D12) -> 10 | F12: 7 | G12: =IFERROR(__xludf.DUMMYFUNCTION("""COMPUTED_VALUE"""),4.0) -> 4 | H12: =IFERROR(__xludf.DUMMYFUNCTION("""COMPUTED_VALUE"""),"Shai Gilgeous-Alexander") -> Shai Gilgeous-Alexander | I12: =IFERROR(__xludf.DUMMYFUNCTION("""COMPUTED_VALUE"""),67.0) -> 67 | J12: =IFERROR(__xludf.DUMMYFUNCTION("""COMPUTED_VALUE"""),"PG,SG") -> PG,SG | K12: =IFERROR(__xludf.DUMMYFUNCTION("""COMPUTED_VALUE"""),6.586598644459562) -> 6.5865986 | L12: =IFERROR(__xludf.DUMMYFUNCTION("""COMPUTED_VALUE"""),5.834728981810113) -> 5.834729 | M12: =IFERROR(__xludf.DUMMYFUNCTION("""COMPUTED_VALUE"""),-0.7518696626494483) -> -0.75186966 | N12: =IFERROR(__xludf.DUMMYFUNCTION("""COMPUTED_VALUE"""),29.6) -> 29.6 | O12: =IFERROR(__xludf.DUMMYFUNCTION("""COMPUTED_VALUE"""),1.0) -> 1 | P12: =IFERROR(__xludf.DUMMYFUNCTION("""COMPUTED_VALUE"""),5.0) -> 5 | Q12: =IFERROR(__xludf.DUMMYFUNCTION("""COMPUTED_VALUE"""),5.6) -> 5.6 | R12: =IFERROR(__xludf.DUMMYFUNCTION("""COMPUTED_VALUE"""),1.5) -> 1.5 | S12: =IFERROR(__xludf.DUMMYFUNCTION("""COMPUTED_VALUE"""),0.9) -> 0.9 | T12: =IFERROR(__xludf.DUMMYFUNCTION("""COMPUTED_VALUE"""),48.5) -> 48.5 | U12: =IFERROR(__xludf.DUMMYFUNCTION("""COMPUTED_VALUE"""),88.46153846153845) -> 88.461538 | V12: =IFERROR(__xludf.DUMMYFUNCTION("""COMPUTED_VALUE"""),2.9) -> 2.9 | W12: =IFERROR(__xludf.DUMMYFUNCTION("""COMPUTED_VALUE"""),2.08017724625738) -> 2.0801772 | X12: =IFERROR(__xludf.DUMMYFUNCTION("""COMPUTED_VALUE"""),-0.5590090246596284) -> -0.55900902 | Y12: =IFERROR(__xludf.DUMMYFUNCTION("""COMPUTED_VALUE"""),-0.45801768448908886) -> -0.45801768 | Z12: =IFERROR(__xludf.DUMMYFUNCTION("""COMPUTED_VALUE"""),0.8956032065821777) -> 0.89560321 | AA12: =IFERROR(__xludf.DUMMYFUNCTION("""COMPUTED_VALUE"""),1.101878832040204) -> 1.1018788 | AB12: =IFERROR(__xludf.DUMMYFUNCTION("""COMPUTED_VALUE"""),0.2608808014812299) -> 0.2608808 | AC12: =IFERROR(__xludf.DUMMYFUNCTION("""COMPUTED_VALUE"""),-0.21943923317493375) -> -0.21943923 | AD12: =IFERROR(__xludf.DUMMYFUNCTION("""COMPUTED_VALUE"""),2.4547179053444985) -> 2.4547179 | AE12: =IFERROR(__xludf.DUMMYFUNCTION("""COMPUTED_VALUE"""),-0.28107209223135493) -> -0.28107209
A13: =IF(VLOOKUP(H13,'Paste #BBall'!$B$2:$N1001,3,)="BRO","BKN",IF(VLOOKUP(H13,'Paste #BBall'!$B$2:$N1001,3,)="OKL","OKC",VLOOKUP(H13,'Paste #BBall'!$B$2:$N1001,3,))) -> MIL | B13: =VLOOKUP($A13,Schedule!$C$2:$G$31,2,0) -> 4 | C13: =VLOOKUP($A13,Schedule!$C$2:$G$31,3,0) -> 3 | D13: =VLOOKUP($A13,Schedule!$C$2:$G$31,4,0) -> 3 | E13: =SUM(B13:D13) -> 10 | F13: 8 | G13: =IFERROR(__xludf.DUMMYFUNCTION("""COMPUTED_VALUE"""),29.0) -> 29 | H13: =IFERROR(__xludf.DUMMYFUNCTION("""COMPUTED_VALUE"""),"Giannis Antetokounmpo") -> Giannis Antetokounmpo | I13: =IFERROR(__xludf.DUMMYFUNCTION("""COMPUTED_VALUE"""),65.0) -> 65 | J13: =IFERROR(__xludf.DUMMYFUNCTION("""COMPUTED_VALUE"""),"PF,C") -> PF,C | K13: =IFERROR(__xludf.DUMMYFUNCTION("""COMPUTED_VALUE"""),2.440947221287024) -> 2.4409472 | L13: =IFERROR(__xludf.DUMMYFUNCTION("""COMPUTED_VALUE"""),5.804536560306708) -> 5.8045366 | M13: =IFERROR(__xludf.DUMMYFUNCTION("""COMPUTED_VALUE"""),3.3635893390196845) -> 3.3635893 | N13: =IFERROR(__xludf.DUMMYFUNCTION("""COMPUTED_VALUE"""),28.3) -> 28.3 | O13: =IFERROR(__xludf.DUMMYFUNCTION("""COMPUTED_VALUE"""),0.9) -> 0.9 | P13: =IFERROR(__xludf.DUMMYFUNCTION("""COMPUTED_VALUE"""),11.6) -> 11.6 | Q13: =IFERROR(__xludf.DUMMYFUNCTION("""COMPUTED_VALUE"""),5.7) -> 5.7 | R13: =IFERROR(__xludf.DUMMYFUNCTION("""COMPUTED_VALUE"""),1.1) -> 1.1 | S13: =IFERROR(__xludf.DUMMYFUNCTION("""COMPUTED_VALUE"""),1.0) -> 1 | T13: =IFERROR(__xludf.DUMMYFUNCTION("""COMPUTED_VALUE"""),56.7251461988304) -> 56.725146 | U13: =IFERROR(__xludf.DUMMYFUNCTION("""COMPUTED_VALUE"""),67.79661016949152) -> 67.79661 | V13: =IFERROR(__xludf.DUMMYFUNCTION("""COMPUTED_VALUE"""),3.6) -> 3.6 | W13: =IFERROR(__xludf.DUMMYFUNCTION("""COMPUTED_VALUE"""),1.8610929562113694) -> 1.861093 | X13: =IFERROR(__xludf.DUMMYFUNCTION("""COMPUTED_VALUE"""),-0.6457219033555379) -> -0.6457219 | Y13: =IFERROR(__xludf.DUMMYFUNCTION("""COMPUTED_VALUE"""),2.3017967260051186) -> 2.3017967 | Z13: =IFERROR(__xludf.DUMMYFUNCTION("""COMPUTED_VALUE"""),0.9466056670936915) -> 0.94660567 | AA13: =IFERROR(__xludf.DUMMYFUNCTION("""COMPUTED_VALUE"""),0.22967922884215308) -> 0.22967923 | AB13: =IFERROR(__xludf.DUMMYFUNCTION("""COMPUTED_VALUE"""),0.39219664115299) -> 0.39219664 | AC13: =IFERROR(__xludf.DUMMYFUNCTION("""COMPUTED_VALUE"""),1.2172831192413873) -> 1.2172831 | AD13: =IFERROR(__xludf.DUMMYFUNCTION("""COMPUTED_VALUE"""),-3.2847641480178242) -> -3.2847641 | AE13: =IFERROR(__xludf.DUMMYFUNCTION("""COMPUTED_VALUE"""),-0.49839587488446435) -> -0.49839587
A14: =IF(VLOOKUP(H14,'Paste #BBall'!$B$2:$N1001,3,)="BRO","BKN",IF(VLOOKUP(H14,'Paste #BBall'!$B$2:$N1001,3,)="OKL","OKC",VLOOKUP(H14,'Paste #BBall'!$B$2:$N1001,3,))) -> MIL | B14: =VLOOKUP($A14,Schedule!$C$2:$G$31,2,0) -> 4 | C14: =VLOOKUP($A14,Schedule!$C$2:$G$31,3,0) -> 3 | D14: =VLOOKUP($A14,Schedule!$C$2:$G$31,4,0) -> 3 | E14: =SUM(B14:D14) -> 10 | F14: 9 | G14: =IFERROR(__xludf.DUMMYFUNCTION("""COMPUTED_VALUE"""),9.0) -> 9 | H14: =IFERROR(__xludf.DUMMYFUNCTION("""COMPUTED_VALUE"""),"Damian Lillard") -> Damian Lillard | I14: =IFERROR(__xludf.DUMMYFUNCTION("""COMPUTED_VALUE"""),67.0) -> 67 | J14: =IFERROR(__xludf.DUMMYFUNCTION("""COMPUTED_VALUE"""),"PG") -> PG | K14: =IFERROR(__xludf.DUMMYFUNCTION("""COMPUTED_VALUE"""),5.471375355219976) -> 5.4713754 | L14: =IFERROR(__xludf.DUMMYFUNCTION("""COMPUTED_VALUE"""),5.737778982304781) -> 5.737779 | M14: =IFERROR(__xludf.DUMMYFUNCTION("""COMPUTED_VALUE"""),0.2664036270848049) -> 0.26640363 | N14: =IFERROR(__xludf.DUMMYFUNCTION("""COMPUTED_VALUE"""),27.2) -> 27.2 | O14: =IFERROR(__xludf.DUMMYFUNCTION("""COMPUTED_VALUE"""),3.8) -> 3.8 | P14: =IFERROR(__xludf.DUMMYFUNCTION("""COMPUTED_VALUE"""),4.0) -> 4 | Q14: =IFERROR(__xludf.DUMMYFUNCTION("""COMPUTED_VALUE"""),6.9) -> 6.9 | R14: =IFERROR(__xludf.DUMMYFUNCTION("""COMPUTED_VALUE"""),0.9) -> 0.9 | S14: =IFERROR(__xludf.DUMMYFUNCTION("""COMPUTED_VALUE"""),0.3) -> 0.3 | T14: =IFERROR(__xludf.DUMMYFUNCTION("""COMPUTED_VALUE"""),46.067415730337075) -> 46.067416 | U14: =IFERROR(__xludf.DUMMYFUNCTION("""COMPUTED_VALUE"""),91.02564102564102) -> 91.025641 | V14: =IFERROR(__xludf.DUMMYFUNCTION("""COMPUTED_VALUE"""),3.1) -> 3.1 | W14: =IFERROR(__xludf.DUMMYFUNCTION("""COMPUTED_VALUE"""),1.6757139415570521) -> 1.6757139 | X14: =IFERROR(__xludf.DUMMYFUNCTION("""COMPUTED_VALUE"""),1.868951578825835) -> 1.8689516 | Y14: =IFERROR(__xludf.DUMMYFUNCTION("""COMPUTED_VALUE"""),-0.8761713830488173) -> -0.87617138 | Z14: =IFERROR(__xludf.DUMMYFUNCTION("""COMPUTED_VALUE"""),1.5586351932318547) -> 1.5586352 | AA14: =IFERROR(__xludf.DUMMYFUNCTION("""COMPUTED_VALUE"""),-0.2064205727568726) -> -0.20642057 | AB14: =IFERROR(__xludf.DUMMYFUNCTION("""COMPUTED_VALUE"""),-0.5270142365493308) -> -0.52701424 | AC14: =IFERROR(__xludf.DUMMYFUNCTION("""COMPUTED_VALUE"""),-0.6278094751804226) -> -0.62780948 | AD14: =IFERROR(__xludf.DUMMYFUNCTION("""COMPUTED_VALUE"""),2.3388871547374808) -> 2.3388872 | AE14: =IFERROR(__xludf.DUMMYFUNCTION("""COMPUTED_VALUE"""),-0.3431646015608148) -> -0.3431646
A15: =IF(VLOOKUP(H15,'Paste #BBall'!$B$2:$N1001,3,)="BRO","BKN",IF(VLOOKUP(H15,'Paste #BBall'!$B$2:$N1001,3,)="OKL","OKC",VLOOKUP(H15,'Paste #BBall'!$B$2:$N1001,3,))) -> GS | B15: =VLOOKUP($A15,Schedule!$C$2:$G$31,2,0) -> 3 | C15: =VLOOKUP($A15,Schedule!$C$2:$G$31,3,0) -> 3 | D15: =VLOOKUP($A15,Schedule!$C$2:$G$31,4,0) -> 4 | E15: =SUM(B15:D15) -> 10 | F15: 10 | G15: =IFERROR(__xludf.DUMMYFUNCTION("""COMPUTED_VALUE"""),8.0) -> 8 | H15: =IFERROR(__xludf.DUMMYFUNCTION("""COMPUTED_VALUE"""),"Stephen Curry") -> Stephen Curry | I15: =IFERROR(__xludf.DUMMYFUNCTION("""COMPUTED_VALUE"""),65.0) -> 65 | J15: =IFERROR(__xludf.DUMMYFUNCTION("""COMPUTED_VALUE"""),"PG") -> PG | K15: =IFERROR(__xludf.DUMMYFUNCTION("""COMPUTED_VALUE"""),5.8071797150291085) -> 5.8071797 | L15: =IFERROR(__xludf.DUMMYFUNCTION("""COMPUTED_VALUE"""),5.6849205284665425) -> 5.6849205 | M15: =IFERROR(__xludf.DUMMYFUNCTION("""COMPUTED_VALUE"""),-0.12225918656256596) -> -0.12225919 | N15: =IFERROR(__xludf.DUMMYFUNCTION("""COMPUTED_VALUE"""),28.0) -> 28 | O15: =IFERROR(__xludf.DUMMYFUNCTION("""COMPUTED_VALUE"""),4.7) -> 4.7 | P15: =IFERROR(__xludf.DUMMYFUNCTION("""COMPUTED_VALUE"""),5.6) -> 5.6 | Q15: =IFERROR(__xludf.DUMMYFUNCTION("""COMPUTED_VALUE"""),5.6) -> 5.6 | R15: =IFERROR(__xludf.DUMMYFUNCTION("""COMPUTED_VALUE"""),0.9) -> 0.9 | S15: =IFERROR(__xludf.DUMMYFUNCTION("""COMPUTED_VALUE"""),0.3) -> 0.3 | T15: =IFERROR(__xludf.DUMMYFUNCTION("""COMPUTED_VALUE"""),47.474747474747474) -> 47.474747 | U15: =IFERROR(__xludf.DUMMYFUNCTION("""COMPUTED_VALUE"""),91.83673469387755) -> 91.836735 | V15: =IFERROR(__xludf.DUMMYFUNCTION("""COMPUTED_VALUE"""),3.3) -> 3.3 | W15: =IFERROR(__xludf.DUMMYFUNCTION("""COMPUTED_VALUE"""),1.8105350431238283) -> 1.810535 | X15: =IFERROR(__xludf.DUMMYFUNCTION("""COMPUTED_VALUE"""),2.64936748708902) -> 2.6493675 | Y15: =IFERROR(__xludf.DUMMYFUNCTION("""COMPUTED_VALUE"""),-0.207125465353252) -> -0.20712547 | Z15: =IFERROR(__xludf.DUMMYFUNCTION("""COMPUTED_VALUE"""),0.8956032065821777) -> 0.89560321 | AA15: =IFERROR(__xludf.DUMMYFUNCTION("""COMPUTED_VALUE"""),-0.2064205727568726) -> -0.20642057 | AB15: =IFERROR(__xludf.DUMMYFUNCTION("""COMPUTED_VALUE"""),-0.5270142365493308) -> -0.52701424 | AC15: =IFERROR(__xludf.DUMMYFUNCTION("""COMPUTED_VALUE"""),-0.4200144417760026) -> -0.42001444 | AD15: =IFERROR(__xludf.DUMMYFUNCTION("""COMPUTED_VALUE"""),1.5682323824479183) -> 1.5682324 | AE15: =IFERROR(__xludf.DUMMYFUNCTION("""COMPUTED_VALUE"""),-0.40525711089027455) -> -0.40525711
A16: =IF(VLOOKUP(H16,'Paste #BBall'!$B$2:$N1001,3,)="BRO","BKN",IF(VLOOKUP(H16,'Paste #BBall'!$B$2:$N1001,3,)="OKL","OKC",VLOOKUP(H16,'Paste #BBall'!$B$2:$N1001,3,))) -> DAL | B16: =VLOOKUP($A16,Schedule!$C$2:$G$31,2,0) -> 3 | C16: =VLOOKUP($A16,Schedule!$C$2:$G$31,3,0) -> 4 | D16: =VLOOKUP($A16,Schedule!$C$2:$G$31,4,0) -> 2 | E16: =SUM(B16:D16) -> 9 | F16: 11 | G16: =IFERROR(__xludf.DUMMYFUNCTION("""COMPUTED_VALUE"""),10.0) -> 10 | H16: =IFERROR(__xludf.DUMMYFUNCTION("""COMPUTED_VALUE"""),"Kyrie Irving") -> Kyrie Irving | I16: =IFERROR(__xludf.DUMMYFUNCTION("""COMPUTED_VALUE"""),62.0) -> 62 | J16: =IFERROR(__xludf.DUMMYFUNCTION("""COMPUTED_VALUE"""),"PG,SG") -> PG,SG | K16: =IFERROR(__xludf.DUMMYFUNCTION("""COMPUTED_VALUE"""),5.39863539570384) -> 5.3986354 | L16: =IFERROR(__xludf.DUMMYFUNCTION("""COMPUTED_VALUE"""),5.304467756856497) -> 5.3044678 | M16: =IFERROR(__xludf.DUMMYFUNCTION("""COMPUTED_VALUE"""),-0.0941676388473427) -> -0.094167639 | N16: =IFERROR(__xludf.DUMMYFUNCTION("""COMPUTED_VALUE"""),26.7) -> 26.7 | O16: =IFERROR(__xludf.DUMMYFUNCTION("""COMPUTED_VALUE"""),3.2) -> 3.2 | P16: =IFERROR(__xludf.DUMMYFUNCTION("""COMPUTED_VALUE"""),4.8) -> 4.8 | Q16: =IFERROR(__xludf.DUMMYFUNCTION("""COMPUTED_VALUE"""),5.5) -> 5.5 | R16: =IFERROR(__xludf.DUMMYFUNCTION("""COMPUTED_VALUE"""),1.2) -> 1.2 | S16: =IFERROR(__xludf.DUMMYFUNCTION("""COMPUTED_VALUE"""),0.7) -> 0.7 | T16: =IFERROR(__xludf.DUMMYFUNCTION("""COMPUTED_VALUE"""),48.756218905472636) -> 48.756219 | U16: =IFERROR(__xludf.DUMMYFUNCTION("""COMPUTED_VALUE"""),90.9090909090909) -> 90.909091 | V16: =IFERROR(__xludf.DUMMYFUNCTION("""COMPUTED_VALUE"""),2.2) -> 2.2 | W16: =IFERROR(__xludf.DUMMYFUNCTION("""COMPUTED_VALUE"""),1.5914507530778172) -> 1.5914508 | X16: =IFERROR(__xludf.DUMMYFUNCTION("""COMPUTED_VALUE"""),1.3486743066503788) -> 1.3486743 | Y16: =IFERROR(__xludf.DUMMYFUNCTION("""COMPUTED_VALUE"""),-0.5416484242010347) -> -0.54164842 | Z16: =IFERROR(__xludf.DUMMYFUNCTION("""COMPUTED_VALUE"""),0.8446007460706644) -> 0.84460075 | AA16: =IFERROR(__xludf.DUMMYFUNCTION("""COMPUTED_VALUE"""),0.44772912964166556) -> 0.44772913 | AB16: =IFERROR(__xludf.DUMMYFUNCTION("""COMPUTED_VALUE"""),-0.0017508778622903794) -> -0.0017508779 | AC16: =IFERROR(__xludf.DUMMYFUNCTION("""COMPUTED_VALUE"""),-0.16909488033568423) -> -0.16909488 | AD16: =IFERROR(__xludf.DUMMYFUNCTION("""COMPUTED_VALUE"""),1.3066068891921918) -> 1.3066069 | AE16: =IFERROR(__xludf.DUMMYFUNCTION("""COMPUTED_VALUE"""),-0.06374830957824563) -> -0.06374831
A17: =IF(VLOOKUP(H17,'Paste #BBall'!$B$2:$N1001,3,)="BRO","BKN",IF(VLOOKUP(H17,'Paste #BBall'!$B$2:$N1001,3,)="OKL","OKC",VLOOKUP(H17,'Paste #BBall'!$B$2:$N1001,3,))) -> LAL | B17: =VLOOKUP($A17,Schedule!$C$2:$G$31,2,0) -> 4 | C17: =VLOOKUP($A17,Schedule!$C$2:$G$31,3,0) -> 2 | D17: =VLOOKUP($A17,Schedule!$C$2:$G$31,4,0) -> 3 | E17: =SUM(B17:D17) -> 9 | F17: 12 | G17: =IFERROR(__xludf.DUMMYFUNCTION("""COMPUTED_VALUE"""),12.0) -> 12 | H17: =IFERROR(__xludf.DUMMYFUNCTION("""COMPUTED_VALUE"""),"Anthony Davis") -> Anthony Davis | I17: =IFERROR(__xludf.DUMMYFUNCTION("""COMPUTED_VALUE"""),60.0) -> 60 | J17: =IFERROR(__xludf.DUMMYFUNCTION("""COMPUTED_VALUE"""),"PF,C") -> PF,C | K17: =IFERROR(__xludf.DUMMYFUNCTION("""COMPUTED_VALUE"""),4.746284103456114) -> 4.7462841 | L17: =IFERROR(__xludf.DUMMYFUNCTION("""COMPUTED_VALUE"""),5.121027053206726) -> 5.1210271 | M17: =IFERROR(__xludf.DUMMYFUNCTION("""COMPUTED_VALUE"""),0.37474294975061184) -> 0.37474295 | N17: =IFERROR(__xludf.DUMMYFUNCTION("""COMPUTED_VALUE"""),24.3) -> 24.3 | O17: =IFERROR(__xludf.DUMMYFUNCTION("""COMPUTED_VALUE"""),0.3) -> 0.3 | P17: =IFERROR(__xludf.DUMMYFUNCTION("""COMPUTED_VALUE"""),11.2) -> 11.2 | Q17: =IFERROR(__xludf.DUMMYFUNCTION("""COMPUTED_VALUE"""),2.8) -> 2.8 | R17: =IFERROR(__xludf.DUMMYFUNCTION("""COMPUTED_VALUE"""),1.1) -> 1.1 | S17: =IFERROR(__xludf.DUMMYFUNCTION("""COMPUTED_VALUE"""),2.1) -> 2.1 | T17: =IFERROR(__xludf.DUMMYFUNCTION("""COMPUTED_VALUE"""),54.70588235294118) -> 54.705882 | U17: =IFERROR(__xludf.DUMMYFUNCTION("""COMPUTED_VALUE"""),75.71428571428571) -> 75.714286 | V17: =IFERROR(__xludf.DUMMYFUNCTION("""COMPUTED_VALUE"""),2.1) -> 2.1 | W17: =IFERROR(__xludf.DUMMYFUNCTION("""COMPUTED_VALUE"""),1.1869874483774896) -> 1.1869874 | X17: =IFERROR(__xludf.DUMMYFUNCTION("""COMPUTED_VALUE"""),-1.1659991755309944) -> -1.1659992 | Y17: =IFERROR(__xludf.DUMMYFUNCTION("""COMPUTED_VALUE"""),2.134535246581227) -> 2.1345352 | Z17: =IFERROR(__xludf.DUMMYFUNCTION("""COMPUTED_VALUE"""),-0.5324656877402022) -> -0.53246569 | AA17: =IFERROR(__xludf.DUMMYFUNCTION("""COMPUTED_VALUE"""),0.22967922884215308) -> 0.22967923 | AB17: =IFERROR(__xludf.DUMMYFUNCTION("""COMPUTED_VALUE"""),1.8366708775423515) -> 1.8366709 | AC17: =IFERROR(__xludf.DUMMYFUNCTION("""COMPUTED_VALUE"""),0.8672792576344284) -> 0.86727926 | AD17: =IFERROR(__xludf.DUMMYFUNCTION("""COMPUTED_VALUE"""),-0.5689572631172066) -> -0.56895726 | AE17: =IFERROR(__xludf.DUMMYFUNCTION("""COMPUTED_VALUE"""),-0.032702054913515695) -> -0.032702055
A18: =IF(VLOOKUP(H18,'Paste #BBall'!$B$2:$N1001,3,)="BRO","BKN",IF(VLOOKUP(H18,'Paste #BBall'!$B$2:$N1001,3,)="OKL","OKC",VLOOKUP(H18,'Paste #BBall'!$B$2:$N1001,3,))) -> ATL | B18: =VLOOKUP($A18,Schedule!$C$2:$G$31,2,0) -> 4 | C18: =VLOOKUP($A18,Schedule!$C$2:$G$31,3,0) -> 3 | D18: =VLOOKUP($A18,Schedule!$C$2:$G$31,4,0) -> 3 | E18: =SUM(B18:D18) -> 10 | F18: 13 | G18: =IFERROR(__xludf.DUMMYFUNCTION("""COMPUTED_VALUE"""),15.0) -> 15 | H18: =IFERROR(__xludf.DUMMYFUNCTION("""COMPUTED_VALUE"""),"Trae Young") -> Trae Young | I18: =IFERROR(__xludf.DUMMYFUNCTION("""COMPUTED_VALUE"""),75.0) -> 75 | J18: =IFERROR(__xludf.DUMMYFUNCTION("""COMPUTED_VALUE"""),"PG") -> PG | K18: =IFERROR(__xludf.DUMMYFUNCTION("""COMPUTED_VALUE"""),4.266807449081796) -> 4.2668074 | L18: =IFERROR(__xludf.DUMMYFUNCTION("""COMPUTED_VALUE"""),4.937474580159613) -> 4.9374746 | M18: =IFERROR(__xludf.DUMMYFUNCTION("""COMPUTED_VALUE"""),0.670667131077817) -> 0.67066713 | N18: =IFERROR(__xludf.DUMMYFUNCTION("""COMPUTED_VALUE"""),27.1) -> 27.1 | O18: =IFERROR(__xludf.DUMMYFUNCTION("""COMPUTED_VALUE"""),2.2) -> 2.2 | P18: =IFERROR(__xludf.DUMMYFUNCTION("""COMPUTED_VALUE"""),3.4) -> 3.4 | Q18: =IFERROR(__xludf.DUMMYFUNCTION("""COMPUTED_VALUE"""),10.0) -> 10 | R18: =IFERROR(__xludf.DUMMYFUNCTION("""COMPUTED_VALUE"""),1.1) -> 1.1 | S18: =IFERROR(__xludf.DUMMYFUNCTION("""COMPUTED_VALUE"""),0.1) -> 0.1 | T18: =IFERROR(__xludf.DUMMYFUNCTION("""COMPUTED_VALUE"""),43.62745098039216) -> 43.627451 | U18: =IFERROR(__xludf.DUMMYFUNCTION("""COMPUTED_VALUE"""),88.8888888888889) -> 88.888889 | V18: =IFERROR(__xludf.DUMMYFUNCTION("""COMPUTED_VALUE"""),4.1) -> 4.1 | W18: =IFERROR(__xludf.DUMMYFUNCTION("""COMPUTED_VALUE"""),1.6588613038612057) -> 1.6588613 | X18: =IFERROR(__xludf.DUMMYFUNCTION("""COMPUTED_VALUE"""),0.48154551969128473) -> 0.48154552 | Y18: =IFERROR(__xludf.DUMMYFUNCTION("""COMPUTED_VALUE"""),-1.1270636021846543) -> -1.1270636 | Z18: =IFERROR(__xludf.DUMMYFUNCTION("""COMPUTED_VALUE"""),3.1397114690887746) -> 3.1397115 | AA18: =IFERROR(__xludf.DUMMYFUNCTION("""COMPUTED_VALUE"""),0.22967922884215308) -> 0.22967923 | AB18: =IFERROR(__xludf.DUMMYFUNCTION("""COMPUTED_VALUE"""),-0.7896459158928509) -> -0.78964592 | AC18: =IFERROR(__xludf.DUMMYFUNCTION("""COMPUTED_VALUE"""),-1.2166998568887837) -> -1.2166999 | AD18: =IFERROR(__xludf.DUMMYFUNCTION("""COMPUTED_VALUE"""),1.9980137249618144) -> 1.9980137 | AE18: =IFERROR(__xludf.DUMMYFUNCTION("""COMPUTED_VALUE"""),-0.6536271482081137) -> -0.65362715
A19: =IF(VLOOKUP(H19,'Paste #BBall'!$B$2:$N1001,3,)="BRO","BKN",IF(VLOOKUP(H19,'Paste #BBall'!$B$2:$N1001,3,)="OKL","OKC",VLOOKUP(H19,'Paste #BBall'!$B$2:$N1001,3,))) -> PHI | B19: =VLOOKUP($A19,Schedule!$C$2:$G$31,2,0) -> 4 | C19: =VLOOKUP($A19,Schedule!$C$2:$G$31,3,0) -> 3 | D19: =VLOOKUP($A19,Schedule!$C$2:$G$31,4,0) -> 4 | E19: =SUM(B19:D19) -> 11 | F19: 14 | G19: =IFERROR(__xludf.DUMMYFUNCTION("""COMPUTED_VALUE"""),14.0) -> 14 | H19: =IFERROR(__xludf.DUMMYFUNCTION("""COMPUTED_VALUE"""),"James Harden") -> James Harden | I19: =IFERROR(__xludf.DUMMYFUNCTION("""COMPUTED_VALUE"""),60.0) -> 60 | J19: =IFERROR(__xludf.DUMMYFUNCTION("""COMPUTED_VALUE"""),"PG,SG") -> PG,SG | K19: =IFERROR(__xludf.DUMMYFUNCTION("""COMPUTED_VALUE"""),4.432903750997129) -> 4.4329038 | L19: =IFERROR(__xludf.DUMMYFUNCTION("""COMPUTED_VALUE"""),4.82347949870555) -> 4.8234795 | M19: =IFERROR(__xludf.DUMMYFUNCTION("""COMPUTED_VALUE"""),0.39057574770842063) -> 0.39057575 | N19: =IFERROR(__xludf.DUMMYFUNCTION("""COMPUTED_VALUE"""),20.0) -> 20 | O19: =IFERROR(__xludf.DUMMYFUNCTION("""COMPUTED_VALUE"""),2.4) -> 2.4 | P19: =IFERROR(__xludf.DUMMYFUNCTION("""COMPUTED_VALUE"""),5.6) -> 5.6 | Q19: =IFERROR(__xludf.DUMMYFUNCTION("""COMPUTED_VALUE"""),10.1) -> 10.1 | R19: =IFERROR(__xludf.DUMMYFUNCTION("""COMPUTED_VALUE"""),1.1) -> 1.1 | S19: =IFERROR(__xludf.DUMMYFUNCTION("""COMPUTED_VALUE"""),0.5) -> 0.5 | T19: =IFERROR(__xludf.DUMMYFUNCTION("""COMPUTED_VALUE"""),42.7536231884058) -> 42.753623 | U19: =IFERROR(__xludf.DUMMYFUNCTION("""COMPUTED_VALUE"""),86.76470588235294) -> 86.764706 | V19: =IFERROR(__xludf.DUMMYFUNCTION("""COMPUTED_VALUE"""),3.8) -> 3.8 | W19: =IFERROR(__xludf.DUMMYFUNCTION("""COMPUTED_VALUE"""),0.46232402745606893) -> 0.46232403 | X19: =IFERROR(__xludf.DUMMYFUNCTION("""COMPUTED_VALUE"""),0.6549712770831033) -> 0.65497128 | Y19: =IFERROR(__xludf.DUMMYFUNCTION("""COMPUTED_VALUE"""),-0.207125465353252) -> -0.20712547 | Z19: =IFERROR(__xludf.DUMMYFUNCTION("""COMPUTED_VALUE"""),3.190713929600288) -> 3.1907139 | AA19: =IFERROR(__xludf.DUMMYFUNCTION("""COMPUTED_VALUE"""),0.22967922884215308) -> 0.22967923 | AB19: =IFERROR(__xludf.DUMMYFUNCTION("""COMPUTED_VALUE"""),-0.2643825572058105) -> -0.26438256 | AC19: =IFERROR(__xludf.DUMMYFUNCTION("""COMPUTED_VALUE"""),-0.9435130390666896) -> -0.94351304 | AD19: =IFERROR(__xludf.DUMMYFUNCTION("""COMPUTED_VALUE"""),1.3177874424969223) -> 1.3177874 | AE19: =IFERROR(__xludf.DUMMYFUNCTION("""COMPUTED_VALUE"""),-0.5604883842139241) -> -0.56048838
A20: =IF(VLOOKUP(H20,'Paste #BBall'!$B$2:$N1001,3,)="BRO","BKN",IF(VLOOKUP(H20,'Paste #BBall'!$B$2:$N1001,3,)="OKL","OKC",VLOOKUP(H20,'Paste #BBall'!$B$2:$N1001,3,))) -> SAC | B20: =VLOOKUP($A20,Schedule!$C$2:$G$31,2,0) -> 4 | C20: =VLOOKUP($A20,Schedule!$C$2:$G$31,3,0) -> 3 | D20: =VLOOKUP($A20,Schedule!$C$2:$G$31,4,0) -> 4 | E20: =SUM(B20:D20) -> 11 | F20: 15 | G20: =IFERROR(__xludf.DUMMYFUNCTION("""COMPUTED_VALUE"""),18.0) -> 18 | H20: =IFERROR(__xludf.DUMMYFUNCTION("""COMPUTED_VALUE"""),"Domantas Sabonis") -> Domantas Sabonis | I20: =IFERROR(__xludf.DUMMYFUNCTION("""COMPUTED_VALUE"""),72.0) -> 72 | J20: =IFERROR(__xludf.DUMMYFUNCTION("""COMPUTED_VALUE"""),"PF,C") -> PF,C | K20: =IFERROR(__xludf.DUMMYFUNCTION("""COMPUTED_VALUE"""),3.579700592395934) -> 3.5797006 | L20: =IFERROR(__xludf.DUMMYFUNCTION("""COMPUTED_VALUE"""),4.734502334063159) -> 4.7345023 | M20: =IFERROR(__xludf.DUMMYFUNCTION("""COMPUTED_VALUE"""),1.1548017416672254) -> 1.1548017 | N20: =IFERROR(__xludf.DUMMYFUNCTION("""COMPUTED_VALUE"""),19.5) -> 19.5 | O20: =IFERROR(__xludf.DUMMYFUNCTION("""COMPUTED_VALUE"""),0.5) -> 0.5 | P20: =IFERROR(__xludf.DUMMYFUNCTION("""COMPUTED_VALUE"""),12.4) -> 12.4 | Q20: =IFERROR(__xludf.DUMMYFUNCTION("""COMPUTED_VALUE"""),7.3) -> 7.3 | R20: =IFERROR(__xludf.DUMMYFUNCTION("""COMPUTED_VALUE"""),0.9) -> 0.9 | S20: =IFERROR(__xludf.DUMMYFUNCTION("""COMPUTED_VALUE"""),0.5) -> 0.5 | T20: =IFERROR(__xludf.DUMMYFUNCTION("""COMPUTED_VALUE"""),60.655737704918046) -> 60.655738 | U20: =IFERROR(__xludf.DUMMYFUNCTION("""COMPUTED_VALUE"""),74.54545454545453) -> 74.545455 | V20: =IFERROR(__xludf.DUMMYFUNCTION("""COMPUTED_VALUE"""),3.0) -> 3 | W20: =IFERROR(__xludf.DUMMYFUNCTION("""COMPUTED_VALUE"""),0.378060838976834) -> 0.37806084 | X20: =IFERROR(__xludf.DUMMYFUNCTION("""COMPUTED_VALUE"""),-0.9925734181391757) -> -0.99257342 | Y20: =IFERROR(__xludf.DUMMYFUNCTION("""COMPUTED_VALUE"""),2.6363196848529014) -> 2.6363197 | Z20: =IFERROR(__xludf.DUMMYFUNCTION("""COMPUTED_VALUE"""),1.7626450352779086) -> 1.762645 | AA20: =IFERROR(__xludf.DUMMYFUNCTION("""COMPUTED_VALUE"""),-0.2064205727568726) -> -0.20642057 | AB20: =IFERROR(__xludf.DUMMYFUNCTION("""COMPUTED_VALUE"""),-0.2643825572058105) -> -0.26438256 | AC20: =IFERROR(__xludf.DUMMYFUNCTION("""COMPUTED_VALUE"""),1.3474589061050153) -> 1.3474589 | AD20: =IFERROR(__xludf.DUMMYFUNCTION("""COMPUTED_VALUE"""),-0.6070606542907326) -> -0.60706065 | AE20: =IFERROR(__xludf.DUMMYFUNCTION("""COMPUTED_VALUE"""),-0.31211834689608486) -> -0.31211835
A21: =IF(VLOOKUP(H21,'Paste #BBall'!$B$2:$N1001,3,)="BRO","BKN",IF(VLOOKUP(H21,'Paste #BBall'!$B$2:$N1001,3,)="OKL","OKC",VLOOKUP(H21,'Paste #BBall'!$B$2:$N1001,3,))) -> CLE | B21: =VLOOKUP($A21,Schedule!$C$2:$G$31,2,0) -> 4 | C21: =VLOOKUP($A21,Schedule!$C$2:$G$31,3,0) -> 3 | D21: =VLOOKUP($A21,Schedule!$C$2:$G$31,4,0) -> 4 | E21: =SUM(B21:D21) -> 11 | F21: 16 | G21: =IFERROR(__xludf.DUMMYFUNCTION("""COMPUTED_VALUE"""),11.0) -> 11 | H21: =IFERROR(__xludf.DUMMYFUNCTION("""COMPUTED_VALUE"""),"Donovan Mitchell") -> Donovan Mitchell | I21: =IFERROR(__xludf.DUMMYFUNCTION("""COMPUTED_VALUE"""),69.0) -> 69 | J21: =IFERROR(__xludf.DUMMYFUNCTION("""COMPUTED_VALUE"""),"PG,SG") -> PG,SG | K21: =IFERROR(__xludf.DUMMYFUNCTION("""COMPUTED_VALUE"""),4.8289869003301185) -> 4.8289869 | L21: =IFERROR(__xludf.DUMMYFUNCTION("""COMPUTED_VALUE"""),4.706132753642026) -> 4.7061328 | M21: =IFERROR(__xludf.DUMMYFUNCTION("""COMPUTED_VALUE"""),-0.12285414668809214) -> -0.12285415 | N21: =IFERROR(__xludf.DUMMYFUNCTION("""COMPUTED_VALUE"""),27.7) -> 27.7 | O21: =IFERROR(__xludf.DUMMYFUNCTION("""COMPUTED_VALUE"""),3.6) -> 3.6 | P21: =IFERROR(__xludf.DUMMYFUNCTION("""COMPUTED_VALUE"""),4.4) -> 4.4 | Q21: =IFERROR(__xludf.DUMMYFUNCTION("""COMPUTED_VALUE"""),4.4) -> 4.4 | R21: =IFERROR(__xludf.DUMMYFUNCTION("""COMPUTED_VALUE"""),1.5) -> 1.5 | S21: =IFERROR(__xludf.DUMMYFUNCTION("""COMPUTED_VALUE"""),0.3) -> 0.3 | T21: =IFERROR(__xludf.DUMMYFUNCTION("""COMPUTED_VALUE"""),47.804878048780495) -> 47.804878 | U21: =IFERROR(__xludf.DUMMYFUNCTION("""COMPUTED_VALUE"""),86.53846153846153) -> 86.538462 | V21: =IFERROR(__xludf.DUMMYFUNCTION("""COMPUTED_VALUE"""),2.7) -> 2.7 | W21: =IFERROR(__xludf.DUMMYFUNCTION("""COMPUTED_VALUE"""),1.7599771300362872) -> 1.7599771 | X21: =IFERROR(__xludf.DUMMYFUNCTION("""COMPUTED_VALUE"""),1.6955258214340165) -> 1.6955258 | Y21: =IFERROR(__xludf.DUMMYFUNCTION("""COMPUTED_VALUE"""),-0.7089099036249258) -> -0.7089099 | Z21: =IFERROR(__xludf.DUMMYFUNCTION("""COMPUTED_VALUE"""),0.28357368044401526) -> 0.28357368 | AA21: =IFERROR(__xludf.DUMMYFUNCTION("""COMPUTED_VALUE"""),1.101878832040204) -> 1.1018788 | AB21: =IFERROR(__xludf.DUMMYFUNCTION("""COMPUTED_VALUE"""),-0.5270142365493308) -> -0.52701424 | AC21: =IFERROR(__xludf.DUMMYFUNCTION("""COMPUTED_VALUE"""),-0.3672634806689693) -> -0.36726348 | AD21: =IFERROR(__xludf.DUMMYFUNCTION("""COMPUTED_VALUE"""),0.9784345898076978) -> 0.97843459 | AE21: =IFERROR(__xludf.DUMMYFUNCTION("""COMPUTED_VALUE"""),-0.2189795829018952) -> -0.21897958
A22: =IF(VLOOKUP(H22,'Paste #BBall'!$B$2:$N1001,3,)="BRO","BKN",IF(VLOOKUP(H22,'Paste #BBall'!$B$2:$N1001,3,)="OKL","OKC",VLOOKUP(H22,'Paste #BBall'!$B$2:$N1001,3,))) -> PHO | B22: =VLOOKUP($A22,Schedule!$C$2:$G$31,2,0) -> 3 | C22: =VLOOKUP($A22,Schedule!$C$2:$G$31,3,0) -> 4 | D22: =VLOOKUP($A22,Schedule!$C$2:$G$31,4,0) -> 3 | E22: =SUM(B22:D22) -> 10 | F22: 17 | G22: =IFERROR(__xludf.DUMMYFUNCTION("""COMPUTED_VALUE"""),13.0) -> 13 | H22: =IFERROR(__xludf.DUMMYFUNCTION("""COMPUTED_VALUE"""),"Kevin Durant") -> Kevin Durant | I22: =IFERROR(__xludf.DUMMYFUNCTION("""COMPUTED_VALUE"""),60.0) -> 60 | J22: =IFERROR(__xludf.DUMMYFUNCTION("""COMPUTED_VALUE"""),"SF,PF") -> SF,PF | K22: =IFERROR(__xludf.DUMMYFUNCTION("""COMPUTED_VALUE"""),4.606663231954464) -> 4.6066632 | L22: =IFERROR(__xludf.DUMMYFUNCTION("""COMPUTED_VALUE"""),4.562671069507245) -> 4.5626711 | M22: =IFERROR(__xludf.DUMMYFUNCTION("""COMPUTED_VALUE"""),-0.0439921624472186) -> -0.043992162 | N22: =IFERROR(__xludf.DUMMYFUNCTION("""COMPUTED_VALUE"""),25.3) -> 25.3 | O22: =IFERROR(__xludf.DUMMYFUNCTION("""COMPUTED_VALUE"""),1.9) -> 1.9 | P22: =IFERROR(__xludf.DUMMYFUNCTION("""COMPUTED_VALUE"""),6.5) -> 6.5 | Q22: =IFERROR(__xludf.DUMMYFUNCTION("""COMPUTED_VALUE"""),5.0) -> 5 | R22: =IFERROR(__xludf.DUMMYFUNCTION("""COMPUTED_VALUE"""),0.7) -> 0.7 | S22: =IFERROR(__xludf.DUMMYFUNCTION("""COMPUTED_VALUE"""),1.0) -> 1 | T22: =IFERROR(__xludf.DUMMYFUNCTION("""COMPUTED_VALUE"""),52.38095238095239) -> 52.380952 | U22: =IFERROR(__xludf.DUMMYFUNCTION("""COMPUTED_VALUE"""),89.3939393939394) -> 89.393939 | V22: =IFERROR(__xludf.DUMMYFUNCTION("""COMPUTED_VALUE"""),3.1) -> 3.1 | W22: =IFERROR(__xludf.DUMMYFUNCTION("""COMPUTED_VALUE"""),1.3555138253359595) -> 1.3555138 | X22: =IFERROR(__xludf.DUMMYFUNCTION("""COMPUTED_VALUE"""),0.2214068836035562) -> 0.22140688 | Y22: =IFERROR(__xludf.DUMMYFUNCTION("""COMPUTED_VALUE"""),0.16921286335050373) -> 0.16921286 | Z22: =IFERROR(__xludf.DUMMYFUNCTION("""COMPUTED_VALUE"""),0.5895884435130965) -> 0.58958844 | AA22: =IFERROR(__xludf.DUMMYFUNCTION("""COMPUTED_VALUE"""),-0.6425203743558983) -> -0.64252037 | AB22: =IFERROR(__xludf.DUMMYFUNCTION("""COMPUTED_VALUE"""),0.39219664115299) -> 0.39219664 | AC22: =IFERROR(__xludf.DUMMYFUNCTION("""COMPUTED_VALUE"""),0.4669310431882173) -> 0.46693104 | AD22: =IFERROR(__xludf.DUMMYFUNCTION("""COMPUTED_VALUE"""),1.710985970923737) -> 1.710986 | AE22: =IFERROR(__xludf.DUMMYFUNCTION("""COMPUTED_VALUE"""),-0.3431646015608148) -> -0.3431646
A23: =IF(VLOOKUP(H23,'Paste #BBall'!$B$2:$N1001,3,)="BRO","BKN",IF(VLOOKUP(H23,'Paste #BBall'!$B$2:$N1001,3,)="OKL","OKC",VLOOKUP(H23,'Paste #BBall'!$B$2:$N1001,3,))) -> PHO | B23: =VLOOKUP($A23,Schedule!$C$2:$G$31,2,0) -> 3 | C23: =VLOOKUP($A23,Schedule!$C$2:$G$31,3,0) -> 4 | D23: =VLOOKUP($A23,Schedule!$C$2:$G$31,4,0) -> 3 | E23: =SUM(B23:D23) -> 10 | F23: 18 | G23: =IFERROR(__xludf.DUMMYFUNCTION("""COMPUTED_VALUE"""),16.0) -> 16 | H23: =IFERROR(__xludf.DUMMYFUNCTION("""COMPUTED_VALUE"""),"Devin Booker") -> Devin Booker | I23: =IFERROR(__xludf.DUMMYFUNCTION("""COMPUTED_VALUE"""),68.0) -> 68 | J23: =IFERROR(__xludf.DUMMYFUNCTION("""COMPUTED_VALUE"""),"SG,SF") -> SG,SF | K23: =IFERROR(__xludf.DUMMYFUNCTION("""COMPUTED_VALUE"""),4.021516656325469) -> 4.0215167 | L23: =IFERROR(__xludf.DUMMYFUNCTION("""COMPUTED_VALUE"""),4.17398150830221) -> 4.1739815 | M23: =IFERROR(__xludf.DUMMYFUNCTION("""COMPUTED_VALUE"""),0.15246485197674087) -> 0.15246485 | N23: =IFERROR(__xludf.DUMMYFUNCTION("""COMPUTED_VALUE"""),27.2) -> 27.2 | O23: =IFERROR(__xludf.DUMMYFUNCTION("""COMPUTED_VALUE"""),2.3) -> 2.3 | P23: =IFERROR(__xludf.DUMMYFUNCTION("""COMPUTED_VALUE"""),4.9) -> 4.9 | Q23: =IFERROR(__xludf.DUMMYFUNCTION("""COMPUTED_VALUE"""),6.3) -> 6.3 | R23: =IFERROR(__xludf.DUMMYFUNCTION("""COMPUTED_VALUE"""),1.1) -> 1.1 | S23: =IFERROR(__xludf.DUMMYFUNCTION("""COMPUTED_VALUE"""),0.4) -> 0.4 | T23: =IFERROR(__xludf.DUMMYFUNCTION("""COMPUTED_VALUE"""),48.756218905472636) -> 48.756219 | U23: =IFERROR(__xludf.DUMMYFUNCTION("""COMPUTED_VALUE"""),86.88524590163935) -> 86.885246 | V23: =IFERROR(__xludf.DUMMYFUNCTION("""COMPUTED_VALUE"""),2.6) -> 2.6 | W23: =IFERROR(__xludf.DUMMYFUNCTION("""COMPUTED_VALUE"""),1.6757139415570521) -> 1.6757139 | X23: =IFERROR(__xludf.DUMMYFUNCTION("""COMPUTED_VALUE"""),0.5682583983871938) -> 0.5682584 | Y23: =IFERROR(__xludf.DUMMYFUNCTION("""COMPUTED_VALUE"""),-0.4998330543450616) -> -0.49983305 | Z23: =IFERROR(__xludf.DUMMYFUNCTION("""COMPUTED_VALUE"""),1.2526204301627728) -> 1.2526204 | AA23: =IFERROR(__xludf.DUMMYFUNCTION("""COMPUTED_VALUE"""),0.22967922884215308) -> 0.22967923 | AB23: =IFERROR(__xludf.DUMMYFUNCTION("""COMPUTED_VALUE"""),-0.39569839687757064) -> -0.3956984 | AC23: =IFERROR(__xludf.DUMMYFUNCTION("""COMPUTED_VALUE"""),-0.16909488033568423) -> -0.16909488 | AD23: =IFERROR(__xludf.DUMMYFUNCTION("""COMPUTED_VALUE"""),1.200436114803457) -> 1.2004361 | AE23: =IFERROR(__xludf.DUMMYFUNCTION("""COMPUTED_VALUE"""),-0.18793332823716524) -> -0.18793333
A24: =IF(VLOOKUP(H24,'Paste #BBall'!$B$2:$N1001,3,)="BRO","BKN",IF(VLOOKUP(H24,'Paste #BBall'!$B$2:$N1001,3,)="OKL","OKC",VLOOKUP(H24,'Paste #BBall'!$B$2:$N1001,3,))) -> MIA | B24: =VLOOKUP($A24,Schedule!$C$2:$G$31,2,0) -> 4 | C24: =VLOOKUP($A24,Schedule!$C$2:$G$31,3,0) -> 3 | D24: =VLOOKUP($A24,Schedule!$C$2:$G$31,4,0) -> 4 | E24: =SUM(B24:D24) -> 11 | F24: 19 | G24: =IFERROR(__xludf.DUMMYFUNCTION("""COMPUTED_VALUE"""),20.0) -> 20 | H24: =IFERROR(__xludf.DUMMYFUNCTION("""COMPUTED_VALUE"""),"Jimmy Butler") -> Jimmy Butler | I24: =IFERROR(__xludf.DUMMYFUNCTION("""COMPUTED_VALUE"""),65.0) -> 65 | J24: =IFERROR(__xludf.DUMMYFUNCTION("""COMPUTED_VALUE"""),"SF,PF") -> SF,PF | K24: =IFERROR(__xludf.DUMMYFUNCTION("""COMPUTED_VALUE"""),3.3619381711080165) -> 3.3619382 | L24: =IFERROR(__xludf.DUMMYFUNCTION("""COMPUTED_VALUE"""),3.792516404390513) -> 3.7925164 | M24: =IFERROR(__xludf.DUMMYFUNCTION("""COMPUTED_VALUE"""),0.43057823328249656) -> 0.43057823 | N24: =IFERROR(__xludf.DUMMYFUNCTION("""COMPUTED_VALUE"""),21.3) -> 21.3 | O24: =IFERROR(__xludf.DUMMYFUNCTION("""COMPUTED_VALUE"""),0.5) -> 0.5 | P24: =IFERROR(__xludf.DUMMYFUNCTION("""COMPUTED_VALUE"""),5.7) -> 5.7 | Q24: =IFERROR(__xludf.DUMMYFUNCTION("""COMPUTED_VALUE"""),5.0) -> 5 | R24: =IFERROR(__xludf.DUMMYFUNCTION("""COMPUTED_VALUE"""),1.6) -> 1.6 | S24: =IFERROR(__xludf.DUMMYFUNCTION("""COMPUTED_VALUE"""),0.4) -> 0.4 | T24: =IFERROR(__xludf.DUMMYFUNCTION("""COMPUTED_VALUE"""),51.47058823529412) -> 51.470588 | U24: =IFERROR(__xludf.DUMMYFUNCTION("""COMPUTED_VALUE"""),86.25) -> 86.25 | V24: =IFERROR(__xludf.DUMMYFUNCTION("""COMPUTED_VALUE"""),1.8) -> 1.8 | W24: =IFERROR(__xludf.DUMMYFUNCTION("""COMPUTED_VALUE"""),0.68140831750208) -> 0.68140832 | X24: =IFERROR(__xludf.DUMMYFUNCTION("""COMPUTED_VALUE"""),-0.9925734181391757) -> -0.99257342 | Y24: =IFERROR(__xludf.DUMMYFUNCTION("""COMPUTED_VALUE"""),-0.16531009549727893) -> -0.1653101 | Z24: =IFERROR(__xludf.DUMMYFUNCTION("""COMPUTED_VALUE"""),0.5895884435130965) -> 0.58958844 | AA24: =IFERROR(__xludf.DUMMYFUNCTION("""COMPUTED_VALUE"""),1.319928732839717) -> 1.3199287 | AB24: =IFERROR(__xludf.DUMMYFUNCTION("""COMPUTED_VALUE"""),-0.39569839687757064) -> -0.3956984 | AC24: =IFERROR(__xludf.DUMMYFUNCTION("""COMPUTED_VALUE"""),0.2543227932482316) -> 0.25432279 | AD24: =IFERROR(__xludf.DUMMYFUNCTION("""COMPUTED_VALUE"""),1.4478399005815639) -> 1.4478399 | AE24: =IFERROR(__xludf.DUMMYFUNCTION("""COMPUTED_VALUE"""),0.06043670908067405) -> 0.060436709
A25: =IF(VLOOKUP(H25,'Paste #BBall'!$B$2:$N1001,3,)="BRO","BKN",IF(VLOOKUP(H25,'Paste #BBall'!$B$2:$N1001,3,)="OKL","OKC",VLOOKUP(H25,'Paste #BBall'!$B$2:$N1001,3,))) -> HOU | B25: =VLOOKUP($A25,Schedule!$C$2:$G$31,2,0) -> 4 | C25: =VLOOKUP($A25,Schedule!$C$2:$G$31,3,0) -> 3 | D25: =VLOOKUP($A25,Schedule!$C$2:$G$31,4,0) -> 3 | E25: =SUM(B25:D25) -> 10 | F25: 20 | G25: =IFERROR(__xludf.DUMMYFUNCTION("""COMPUTED_VALUE"""),24.0) -> 24 | H25: =IFERROR(__xludf.DUMMYFUNCTION("""COMPUTED_VALUE"""),"Fred VanVleet") -> Fred VanVleet | I25: =IFERROR(__xludf.DUMMYFUNCTION("""COMPUTED_VALUE"""),67.0) -> 67 | J25: =IFERROR(__xludf.DUMMYFUNCTION("""COMPUTED_VALUE"""),"PG") -> PG | K25: =IFERROR(__xludf.DUMMYFUNCTION("""COMPUTED_VALUE"""),2.762430198240379) -> 2.7624302 | L25: =IFERROR(__xludf.DUMMYFUNCTION("""COMPUTED_VALUE"""),3.6988045120987563) -> 3.6988045 | M25: =IFERROR(__xludf.DUMMYFUNCTION("""COMPUTED_VALUE"""),0.9363743138583773) -> 0.93637431 | N25: =IFERROR(__xludf.DUMMYFUNCTION("""COMPUTED_VALUE"""),18.4) -> 18.4 | O25: =IFERROR(__xludf.DUMMYFUNCTION("""COMPUTED_VALUE"""),3.1) -> 3.1 | P25: =IFERROR(__xludf.DUMMYFUNCTION("""COMPUTED_VALUE"""),3.9) -> 3.9 | Q25: =IFERROR(__xludf.DUMMYFUNCTION("""COMPUTED_VALUE"""),6.4) -> 6.4 | R25: =IFERROR(__xludf.DUMMYFUNCTION("""COMPUTED_VALUE"""),1.6) -> 1.6 | S25: =IFERROR(__xludf.DUMMYFUNCTION("""COMPUTED_VALUE"""),0.5) -> 0.5 | T25: =IFERROR(__xludf.DUMMYFUNCTION("""COMPUTED_VALUE"""),39.869281045751634) -> 39.869281 | U25: =IFERROR(__xludf.DUMMYFUNCTION("""COMPUTED_VALUE"""),88.57142857142858) -> 88.571429 | V25: =IFERROR(__xludf.DUMMYFUNCTION("""COMPUTED_VALUE"""),2.1) -> 2.1 | W25: =IFERROR(__xludf.DUMMYFUNCTION("""COMPUTED_VALUE"""),0.19268182432251685) -> 0.19268182 | X25: =IFERROR(__xludf.DUMMYFUNCTION("""COMPUTED_VALUE"""),1.2619614279544695) -> 1.2619614 | Y25: =IFERROR(__xludf.DUMMYFUNCTION("""COMPUTED_VALUE"""),-0.9179867529047901) -> -0.91798675 | Z25: =IFERROR(__xludf.DUMMYFUNCTION("""COMPUTED_VALUE"""),1.3036228906742866) -> 1.3036229 | AA25: =IFERROR(__xludf.DUMMYFUNCTION("""COMPUTED_VALUE"""),1.319928732839717) -> 1.3199287 | AB25: =IFERROR(__xludf.DUMMYFUNCTION("""COMPUTED_VALUE"""),-0.2643825572058105) -> -0.26438256 | AC25: =IFERROR(__xludf.DUMMYFUNCTION("""COMPUTED_VALUE"""),-1.4868722844713707) -> -1.4868723 | AD25: =IFERROR(__xludf.DUMMYFUNCTION("""COMPUTED_VALUE"""),0.8356810013318832) -> 0.835681 | AE25: =IFERROR(__xludf.DUMMYFUNCTION("""COMPUTED_VALUE"""),-0.032702054913515695) -> -0.032702055
A26: =IF(VLOOKUP(H26,'Paste #BBall'!$B$2:$N1001,3,)="BRO","BKN",IF(VLOOKUP(H26,'Paste #BBall'!$B$2:$N1001,3,)="OKL","OKC",VLOOKUP(H26,'Paste #BBall'!$B$2:$N1001,3,))) -> LAC | B26: =VLOOKUP($A26,Schedule!$C$2:$G$31,2,0) -> 4 | C26: =VLOOKUP($A26,Schedule!$C$2:$G$31,3,0) -> 4 | D26: =VLOOKUP($A26,Schedule!$C$2:$G$31,4,0) -> 3 | E26: =SUM(B26:D26) -> 11 | F26: 21 | G26: =IFERROR(__xludf.DUMMYFUNCTION("""COMPUTED_VALUE"""),19.0) -> 19 | H26: =IFERROR(__xludf.DUMMYFUNCTION("""COMPUTED_VALUE"""),"Paul George") -> Paul George | I26: =IFERROR(__xludf.DUMMYFUNCTION("""COMPUTED_VALUE"""),60.0) -> 60 | J26: =IFERROR(__xludf.DUMMYFUNCTION("""COMPUTED_VALUE"""),"SG,SF,PF") -> SG,SF,PF | K26: =IFERROR(__xludf.DUMMYFUNCTION("""COMPUTED_VALUE"""),3.569957191869557) -> 3.5699572 | L26: =IFERROR(__xludf.DUMMYFUNCTION("""COMPUTED_VALUE"""),3.683648395764549) -> 3.6836484 | M26: =IFERROR(__xludf.DUMMYFUNCTION("""COMPUTED_VALUE"""),0.11369120389499177) -> 0.1136912 | N26: =IFERROR(__xludf.DUMMYFUNCTION("""COMPUTED_VALUE"""),23.0) -> 23 | O26: =IFERROR(__xludf.DUMMYFUNCTION("""COMPUTED_VALUE"""),2.8) -> 2.8 | P26: =IFERROR(__xludf.DUMMYFUNCTION("""COMPUTED_VALUE"""),6.1) -> 6.1 | Q26: =IFERROR(__xludf.DUMMYFUNCTION("""COMPUTED_VALUE"""),5.0) -> 5 | R26: =IFERROR(__xludf.DUMMYFUNCTION("""COMPUTED_VALUE"""),1.5) -> 1.5 | S26: =IFERROR(__xludf.DUMMYFUNCTION("""COMPUTED_VALUE"""),0.4) -> 0.4 | T26: =IFERROR(__xludf.DUMMYFUNCTION("""COMPUTED_VALUE"""),44.19889502762431) -> 44.198895 | U26: =IFERROR(__xludf.DUMMYFUNCTION("""COMPUTED_VALUE"""),85.71428571428571) -> 85.714286 | V26: =IFERROR(__xludf.DUMMYFUNCTION("""COMPUTED_VALUE"""),3.3) -> 3.3 | W26: =IFERROR(__xludf.DUMMYFUNCTION("""COMPUTED_VALUE"""),0.9679031583314787) -> 0.96790316 | X26: =IFERROR(__xludf.DUMMYFUNCTION("""COMPUTED_VALUE"""),1.001822791866741) -> 1.0018228 | Y26: =IFERROR(__xludf.DUMMYFUNCTION("""COMPUTED_VALUE"""),0.0019513839266122224) -> 0.0019513839 | Z26: =IFERROR(__xludf.DUMMYFUNCTION("""COMPUTED_VALUE"""),0.5895884435130965) -> 0.58958844 | AA26: =IFERROR(__xludf.DUMMYFUNCTION("""COMPUTED_VALUE"""),1.101878832040204) -> 1.1018788 | AB26: =IFERROR(__xludf.DUMMYFUNCTION("""COMPUTED_VALUE"""),-0.39569839687757064) -> -0.3956984 | AC26: =IFERROR(__xludf.DUMMYFUNCTION("""COMPUTED_VALUE"""),-0.9762089312755282) -> -0.97620893 | AD26: =IFERROR(__xludf.DUMMYFUNCTION("""COMPUTED_VALUE"""),0.8214592938542618) -> 0.82145929 | AE26: =IFERROR(__xludf.DUMMYFUNCTION("""COMPUTED_VALUE"""),-0.40525711089027455) -> -0.40525711
A27: =IF(VLOOKUP(H27,'Paste #BBall'!$B$2:$N1001,3,)="BRO","BKN",IF(VLOOKUP(H27,'Paste #BBall'!$B$2:$N1001,3,)="OKL","OKC",VLOOKUP(H27,'Paste #BBall'!$B$2:$N1001,3,))) -> MIN | B27: =VLOOKUP($A27,Schedule!$C$2:$G$31,2,0) -> 4 | C27: =VLOOKUP($A27,Schedule!$C$2:$G$31,3,0) -> 2 | D27: =VLOOKUP($A27,Schedule!$C$2:$G$31,4,0) -> 4 | E27: =SUM(B27:D27) -> 10 | F27: 22 | G27: =IFERROR(__xludf.DUMMYFUNCTION("""COMPUTED_VALUE"""),17.0) -> 17 | H27: =IFERROR(__xludf.DUMMYFUNCTION("""COMPUTED_VALUE"""),"Anthony Edwards") -> Anthony Edwards | I27: =IFERROR(__xludf.DUMMYFUNCTION("""COMPUTED_VALUE"""),76.0) -> 76 | J27: =IFERROR(__xludf.DUMMYFUNCTION("""COMPUTED_VALUE"""),"SG,SF") -> SG,SF | K27: =IFERROR(__xludf.DUMMYFUNCTION("""COMPUTED_VALUE"""),3.7807040648571326) -> 3.7807041 | L27: =IFERROR(__xludf.DUMMYFUNCTION("""COMPUTED_VALUE"""),3.5754547960433927) -> 3.5754548 | M27: =IFERROR(__xludf.DUMMYFUNCTION("""COMPUTED_VALUE"""),-0.20524926881373995) -> -0.20524927 | N27: =IFERROR(__xludf.DUMMYFUNCTION("""COMPUTED_VALUE"""),25.8) -> 25.8 | O27: =IFERROR(__xludf.DUMMYFUNCTION("""COMPUTED_VALUE"""),3.0) -> 3 | P27: =IFERROR(__xludf.DUMMYFUNCTION("""COMPUTED_VALUE"""),5.7) -> 5.7 | Q27: =IFERROR(__xludf.DUMMYFUNCTION("""COMPUTED_VALUE"""),4.8) -> 4.8 | R27: =IFERROR(__xludf.DUMMYFUNCTION("""COMPUTED_VALUE"""),1.6) -> 1.6 | S27: =IFERROR(__xludf.DUMMYFUNCTION("""COMPUTED_VALUE"""),0.7) -> 0.7 | T27: =IFERROR(__xludf.DUMMYFUNCTION("""COMPUTED_VALUE"""),46.231155778894475) -> 46.231156 | U27: =IFERROR(__xludf.DUMMYFUNCTION("""COMPUTED_VALUE"""),76.78571428571429) -> 76.785714 | V27: =IFERROR(__xludf.DUMMYFUNCTION("""COMPUTED_VALUE"""),3.2) -> 3.2 | W27: =IFERROR(__xludf.DUMMYFUNCTION("""COMPUTED_VALUE"""),1.4397770138151946) -> 1.439777 | X27: =IFERROR(__xludf.DUMMYFUNCTION("""COMPUTED_VALUE"""),1.1752485492585598) -> 1.1752485 | Y27: =IFERROR(__xludf.DUMMYFUNCTION("""COMPUTED_VALUE"""),-0.16531009549727893) -> -0.1653101 | Z27: =IFERROR(__xludf.DUMMYFUNCTION("""COMPUTED_VALUE"""),0.4875835224900693) -> 0.48758352 | AA27: =IFERROR(__xludf.DUMMYFUNCTION("""COMPUTED_VALUE"""),1.319928732839717) -> 1.3199287 | AB27: =IFERROR(__xludf.DUMMYFUNCTION("""COMPUTED_VALUE"""),-0.0017508778622903794) -> -0.0017508779 | AC27: =IFERROR(__xludf.DUMMYFUNCTION("""COMPUTED_VALUE"""),-0.6693295977044654) -> -0.6693296 | AD27: =IFERROR(__xludf.DUMMYFUNCTION("""COMPUTED_VALUE"""),-0.3058111927750329) -> -0.30581119 | AE27: =IFERROR(__xludf.DUMMYFUNCTION("""COMPUTED_VALUE"""),-0.37421085622554473) -> -0.37421086
A28: =IF(VLOOKUP(H28,'Paste #BBall'!$B$2:$N1001,3,)="BRO","BKN",IF(VLOOKUP(H28,'Paste #BBall'!$B$2:$N1001,3,)="OKL","OKC",VLOOKUP(H28,'Paste #BBall'!$B$2:$N1001,3,))) -> UTA | B28: =VLOOKUP($A28,Schedule!$C$2:$G$31,2,0) -> 3 | C28: =VLOOKUP($A28,Schedule!$C$2:$G$31,3,0) -> 3 | D28: =VLOOKUP($A28,Schedule!$C$2:$G$31,4,0) -> 4 | E28: =SUM(B28:D28) -> 10 | F28: 23 | G28: =IFERROR(__xludf.DUMMYFUNCTION("""COMPUTED_VALUE"""),28.0) -> 28 | H28: =IFERROR(__xludf.DUMMYFUNCTION("""COMPUTED_VALUE"""),"Lauri Markkanen") -> Lauri Markkanen | I28: =IFERROR(__xludf.DUMMYFUNCTION("""COMPUTED_VALUE"""),66.0) -> 66 | J28: =IFERROR(__xludf.DUMMYFUNCTION("""COMPUTED_VALUE"""),"SF,PF") -> SF,PF | K28: =IFERROR(__xludf.DUMMYFUNCTION("""COMPUTED_VALUE"""),2.5173649342499935) -> 2.5173649 | L28: =IFERROR(__xludf.DUMMYFUNCTION("""COMPUTED_VALUE"""),3.364427045077207) -> 3.364427 | M28: =IFERROR(__xludf.DUMMYFUNCTION("""COMPUTED_VALUE"""),0.8470621108272134) -> 0.84706211 | N28: =IFERROR(__xludf.DUMMYFUNCTION("""COMPUTED_VALUE"""),23.9) -> 23.9 | O28: =IFERROR(__xludf.DUMMYFUNCTION("""COMPUTED_VALUE"""),2.9) -> 2.9 | P28: =IFERROR(__xludf.DUMMYFUNCTION("""COMPUTED_VALUE"""),8.0) -> 8 | Q28: =IFERROR(__xludf.DUMMYFUNCTION("""COMPUTED_VALUE"""),1.9) -> 1.9 | R28: =IFERROR(__xludf.DUMMYFUNCTION("""COMPUTED_VALUE"""),0.7) -> 0.7 | S28: =IFERROR(__xludf.DUMMYFUNCTION("""COMPUTED_VALUE"""),0.6) -> 0.6 | T28: =IFERROR(__xludf.DUMMYFUNCTION("""COMPUTED_VALUE"""),48.78048780487806) -> 48.780488 | U28: =IFERROR(__xludf.DUMMYFUNCTION("""COMPUTED_VALUE"""),87.71929824561403) -> 87.719298 | V28: =IFERROR(__xludf.DUMMYFUNCTION("""COMPUTED_VALUE"""),1.9) -> 1.9 | W28: =IFERROR(__xludf.DUMMYFUNCTION("""COMPUTED_VALUE"""),1.1195768975941014) -> 1.1195769 | X28: =IFERROR(__xludf.DUMMYFUNCTION("""COMPUTED_VALUE"""),1.0885356705626503) -> 1.0885357 | Y28: =IFERROR(__xludf.DUMMYFUNCTION("""COMPUTED_VALUE"""),0.7964434111900963) -> 0.79644341 | Z28: =IFERROR(__xludf.DUMMYFUNCTION("""COMPUTED_VALUE"""),-0.9914878323438243) -> -0.99148783 | AA28: =IFERROR(__xludf.DUMMYFUNCTION("""COMPUTED_VALUE"""),-0.6425203743558983) -> -0.64252037 | AB28: =IFERROR(__xludf.DUMMYFUNCTION("""COMPUTED_VALUE"""),-0.13306671753405044) -> -0.13306672 | AC28: =IFERROR(__xludf.DUMMYFUNCTION("""COMPUTED_VALUE"""),-0.1339923798590622) -> -0.13399238 | AD28: =IFERROR(__xludf.DUMMYFUNCTION("""COMPUTED_VALUE"""),1.2400600830634254) -> 1.2400601 | AE28: =IFERROR(__xludf.DUMMYFUNCTION("""COMPUTED_VALUE"""),0.029390454415944182) -> 0.029390454
A29: =IF(VLOOKUP(H29,'Paste #BBall'!$B$2:$N1001,3,)="BRO","BKN",IF(VLOOKUP(H29,'Paste #BBall'!$B$2:$N1001,3,)="OKL","OKC",VLOOKUP(H29,'Paste #BBall'!$B$2:$N1001,3,))) -> MIA | B29: =VLOOKUP($A29,Schedule!$C$2:$G$31,2,0) -> 4 | C29: =VLOOKUP($A29,Schedule!$C$2:$G$31,3,0) -> 3 | D29: =VLOOKUP($A29,Schedule!$C$2:$G$31,4,0) -> 4 | E29: =SUM(B29:D29) -> 11 | F29: 24 | G29: =IFERROR(__xludf.DUMMYFUNCTION("""COMPUTED_VALUE"""),30.0) -> 30 | H29: =IFERROR(__xludf.DUMMYFUNCTION("""COMPUTED_VALUE"""),"Bam Adebayo") -> Bam Adebayo | I29: =IFERROR(__xludf.DUMMYFUNCTION("""COMPUTED_VALUE"""),72.0) -> 72 | J29: =IFERROR(__xludf.DUMMYFUNCTION("""COMPUTED_VALUE"""),"C") -> C | K29: =IFERROR(__xludf.DUMMYFUNCTION("""COMPUTED_VALUE"""),2.3532365615340547) -> 2.3532366 | L29: =IFERROR(__xludf.DUMMYFUNCTION("""COMPUTED_VALUE"""),3.27748677288815) -> 3.2774868 | M29: =IFERROR(__xludf.DUMMYFUNCTION("""COMPUTED_VALUE"""),0.9242502113540954) -> 0.92425021 | N29: =IFERROR(__xludf.DUMMYFUNCTION("""COMPUTED_VALUE"""),20.2) -> 20.2 | O29: =IFERROR(__xludf.DUMMYFUNCTION("""COMPUTED_VALUE"""),0.0) -> 0 | P29: =IFERROR(__xludf.DUMMYFUNCTION("""COMPUTED_VALUE"""),9.8) -> 9.8 | Q29: =IFERROR(__xludf.DUMMYFUNCTION("""COMPUTED_VALUE"""),3.5) -> 3.5 | R29: =IFERROR(__xludf.DUMMYFUNCTION("""COMPUTED_VALUE"""),1.3) -> 1.3 | S29: =IFERROR(__xludf.DUMMYFUNCTION("""COMPUTED_VALUE"""),0.8) -> 0.8 | T29: =IFERROR(__xludf.DUMMYFUNCTION("""COMPUTED_VALUE"""),53.74149659863946) -> 53.741497 | U29: =IFERROR(__xludf.DUMMYFUNCTION("""COMPUTED_VALUE"""),80.35714285714286) -> 80.357143 | V29: =IFERROR(__xludf.DUMMYFUNCTION("""COMPUTED_VALUE"""),2.6) -> 2.6 | W29: =IFERROR(__xludf.DUMMYFUNCTION("""COMPUTED_VALUE"""),0.4960293028477628) -> 0.4960293 | X29: =IFERROR(__xludf.DUMMYFUNCTION("""COMPUTED_VALUE"""),-1.4261378116187227) -> -1.4261378 | Y29: =IFERROR(__xludf.DUMMYFUNCTION("""COMPUTED_VALUE"""),1.5491200685976079) -> 1.5491201 | Z29: =IFERROR(__xludf.DUMMYFUNCTION("""COMPUTED_VALUE"""),-0.17544846415960708) -> -0.17544846 | AA29: =IFERROR(__xludf.DUMMYFUNCTION("""COMPUTED_VALUE"""),0.6657790304411786) -> 0.66577903 | AB29: =IFERROR(__xludf.DUMMYFUNCTION("""COMPUTED_VALUE"""),0.12956496180946983) -> 0.12956496 | AC29: =IFERROR(__xludf.DUMMYFUNCTION("""COMPUTED_VALUE"""),0.6083376686348317) -> 0.60833767 | AD29: =IFERROR(__xludf.DUMMYFUNCTION("""COMPUTED_VALUE"""),0.19203753295407164) -> 0.19203753 | AE29: =IFERROR(__xludf.DUMMYFUNCTION("""COMPUTED_VALUE"""),-0.18793332823716524) -> -0.18793333
A30: =IF(VLOOKUP(H30,'Paste #BBall'!$B$2:$N1001,3,)="BRO","BKN",IF(VLOOKUP(H30,'Paste #BBall'!$B$2:$N1001,3,)="OKL","OKC",VLOOKUP(H30,'Paste #BBall'!$B$2:$N1001,3,))) -> MEM | B30: =VLOOKUP($A30,Schedule!$C$2:$G$31,2,0) -> 4 | C30: =VLOOKUP($A30,Schedule!$C$2:$G$31,3,0) -> 3 | D30: =VLOOKUP($A30,Schedule!$C$2:$G$31,4,0) -> 3 | E30: =SUM(B30:D30) -> 10 | F30: 25 | G30: =IFERROR(__xludf.DUMMYFUNCTION("""COMPUTED_VALUE"""),21.0) -> 21 | H30: =IFERROR(__xludf.DUMMYFUNCTION("""COMPUTED_VALUE"""),"Jaren Jackson Jr.") -> Jaren Jackson Jr. | I30: =IFERROR(__xludf.DUMMYFUNCTION("""COMPUTED_VALUE"""),69.0) -> 69 | J30: =IFERROR(__xludf.DUMMYFUNCTION("""COMPUTED_VALUE"""),"PF,C") -> PF,C | K30: =IFERROR(__xludf.DUMMYFUNCTION("""COMPUTED_VALUE"""),3.111693059921107) -> 3.1116931 | L30: =IFERROR(__xludf.DUMMYFUNCTION("""COMPUTED_VALUE"""),3.2521358853925335) -> 3.2521359 | M30: =IFERROR(__xludf.DUMMYFUNCTION("""COMPUTED_VALUE"""),0.1404428254714265) -> 0.14044283 | N30: =IFERROR(__xludf.DUMMYFUNCTION("""COMPUTED_VALUE"""),19.6) -> 19.6 | O30: =IFERROR(__xludf.DUMMYFUNCTION("""COMPUTED_VALUE"""),1.7) -> 1.7 | P30: =IFERROR(__xludf.DUMMYFUNCTION("""COMPUTED_VALUE"""),7.1) -> 7.1 | Q30: =IFERROR(__xludf.DUMMYFUNCTION("""COMPUTED_VALUE"""),1.2) -> 1.2 | R30: =IFERROR(__xludf.DUMMYFUNCTION("""COMPUTED_VALUE"""),1.0) -> 1 | S30: =IFERROR(__xludf.DUMMYFUNCTION("""COMPUTED_VALUE"""),2.6) -> 2.6 | T30: =IFERROR(__xludf.DUMMYFUNCTION("""COMPUTED_VALUE"""),47.945205479452056) -> 47.945205 | U30: =IFERROR(__xludf.DUMMYFUNCTION("""COMPUTED_VALUE"""),80.0) -> 80 | V30: =IFERROR(__xludf.DUMMYFUNCTION("""COMPUTED_VALUE"""),2.0) -> 2 | W30: =IFERROR(__xludf.DUMMYFUNCTION("""COMPUTED_VALUE"""),0.39491347667268123) -> 0.39491348 | X30: =IFERROR(__xludf.DUMMYFUNCTION("""COMPUTED_VALUE"""),0.047981126211737425) -> 0.047981126 | Y30: =IFERROR(__xludf.DUMMYFUNCTION("""COMPUTED_VALUE"""),0.42010508248634065) -> 0.42010508 | Z30: =IFERROR(__xludf.DUMMYFUNCTION("""COMPUTED_VALUE"""),-1.3485050559244194) -> -1.3485051 | AA30: =IFERROR(__xludf.DUMMYFUNCTION("""COMPUTED_VALUE"""),0.011629328042640127) -> 0.011629328 | AB30: =IFERROR(__xludf.DUMMYFUNCTION("""COMPUTED_VALUE"""),2.4932500759011518) -> 2.4932501 | AC30: =IFERROR(__xludf.DUMMYFUNCTION("""COMPUTED_VALUE"""),-0.24109870758498325) -> -0.24109871 | AD30: =IFERROR(__xludf.DUMMYFUNCTION("""COMPUTED_VALUE"""),0.12701130391175117) -> 0.1270113 | AE30: =IFERROR(__xludf.DUMMYFUNCTION("""COMPUTED_VALUE"""),-0.0016558002487857576) -> -0.0016558002
A31: =IF(VLOOKUP(H31,'Paste #BBall'!$B$2:$N1001,3,)="BRO","BKN",IF(VLOOKUP(H31,'Paste #BBall'!$B$2:$N1001,3,)="OKL","OKC",VLOOKUP(H31,'Paste #BBall'!$B$2:$N1001,3,))) -> CLE | B31: =VLOOKUP($A31,Schedule!$C$2:$G$31,2,0) -> 4 | C31: =VLOOKUP($A31,Schedule!$C$2:$G$31,3,0) -> 3 | D31: =VLOOKUP($A31,Schedule!$C$2:$G$31,4,0) -> 4 | E31: =SUM(B31:D31) -> 11 | F31: 26 | G31: =IFERROR(__xludf.DUMMYFUNCTION("""COMPUTED_VALUE"""),33.0) -> 33 | H31: =IFERROR(__xludf.DUMMYFUNCTION("""COMPUTED_VALUE"""),"Darius Garland") -> Darius Garland | I31: =IFERROR(__xludf.DUMMYFUNCTION("""COMPUTED_VALUE"""),69.0) -> 69 | J31: =IFERROR(__xludf.DUMMYFUNCTION("""COMPUTED_VALUE"""),"PG") -> PG | K31: =IFERROR(__xludf.DUMMYFUNCTION("""COMPUTED_VALUE"""),2.0659739313453347) -> 2.0659739 | L31: =IFERROR(__xludf.DUMMYFUNCTION("""COMPUTED_VALUE"""),3.140666810618605) -> 3.1406668 | M31: =IFERROR(__xludf.DUMMYFUNCTION("""COMPUTED_VALUE"""),1.0746928792732704) -> 1.0746929 | N31: =IFERROR(__xludf.DUMMYFUNCTION("""COMPUTED_VALUE"""),21.8) -> 21.8 | O31: =IFERROR(__xludf.DUMMYFUNCTION("""COMPUTED_VALUE"""),2.5) -> 2.5 | P31: =IFERROR(__xludf.DUMMYFUNCTION("""COMPUTED_VALUE"""),3.0) -> 3 | Q31: =IFERROR(__xludf.DUMMYFUNCTION("""COMPUTED_VALUE"""),7.8) -> 7.8 | R31: =IFERROR(__xludf.DUMMYFUNCTION("""COMPUTED_VALUE"""),1.2) -> 1.2 | S31: =IFERROR(__xludf.DUMMYFUNCTION("""COMPUTED_VALUE"""),0.1) -> 0.1 | T31: =IFERROR(__xludf.DUMMYFUNCTION("""COMPUTED_VALUE"""),45.88235294117647) -> 45.882353 | U31: =IFERROR(__xludf.DUMMYFUNCTION("""COMPUTED_VALUE"""),87.8048780487805) -> 87.804878 | V31: =IFERROR(__xludf.DUMMYFUNCTION("""COMPUTED_VALUE"""),3.0) -> 3 | W31: =IFERROR(__xludf.DUMMYFUNCTION("""COMPUTED_VALUE"""),0.765671505981315) -> 0.76567151 | X31: =IFERROR(__xludf.DUMMYFUNCTION("""COMPUTED_VALUE"""),0.7416841557790128) -> 0.74168416 | Y31: =IFERROR(__xludf.DUMMYFUNCTION("""COMPUTED_VALUE"""),-1.2943250816085456) -> -1.2943251 | Z31: =IFERROR(__xludf.DUMMYFUNCTION("""COMPUTED_VALUE"""),2.0176573378354767) -> 2.0176573 | AA31: =IFERROR(__xludf.DUMMYFUNCTION("""COMPUTED_VALUE"""),0.44772912964166556) -> 0.44772913 | AB31: =IFERROR(__xludf.DUMMYFUNCTION("""COMPUTED_VALUE"""),-0.7896459158928509) -> -0.78964592 | AC31: =IFERROR(__xludf.DUMMYFUNCTION("""COMPUTED_VALUE"""),-0.6310182862041335) -> -0.63101829 | AD31: =IFERROR(__xludf.DUMMYFUNCTION("""COMPUTED_VALUE"""),0.9007072303742041) -> 0.90070723 | AE31: =IFERROR(__xludf.DUMMYFUNCTION("""COMPUTED_VALUE"""),-0.31211834689608486) -> -0.31211835
A32: =IF(VLOOKUP(H32,'Paste #BBall'!$B$2:$N1001,3,)="BRO","BKN",IF(VLOOKUP(H32,'Paste #BBall'!$B$2:$N1001,3,)="OKL","OKC",VLOOKUP(H32,'Paste #BBall'!$B$2:$N1001,3,))) -> MEM | B32: =VLOOKUP($A32,Schedule!$C$2:$G$31,2,0) -> 4 | C32: =VLOOKUP($A32,Schedule!$C$2:$G$31,3,0) -> 3 | D32: =VLOOKUP($A32,Schedule!$C$2:$G$31,4,0) -> 3 | E32: =SUM(B32:D32) -> 10 | F32: 27 | G32: =IFERROR(__xludf.DUMMYFUNCTION("""COMPUTED_VALUE"""),23.0) -> 23 | H32: =IFERROR(__xludf.DUMMYFUNCTION("""COMPUTED_VALUE"""),"Desmond Bane") -> Desmond Bane | I32: =IFERROR(__xludf.DUMMYFUNCTION("""COMPUTED_VALUE"""),70.0) -> 70 | J32: =IFERROR(__xludf.DUMMYFUNCTION("""COMPUTED_VALUE"""),"SG,SF") -> SG,SF | K32: =IFERROR(__xludf.DUMMYFUNCTION("""COMPUTED_VALUE"""),2.9542778715853353) -> 2.9542779 | L32: =IFERROR(__xludf.DUMMYFUNCTION("""COMPUTED_VALUE"""),3.0749876977007533) -> 3.0749877 | M32: =IFERROR(__xludf.DUMMYFUNCTION("""COMPUTED_VALUE"""),0.12070982611541803) -> 0.12070983 | N32: =IFERROR(__xludf.DUMMYFUNCTION("""COMPUTED_VALUE"""),22.6) -> 22.6 | O32: =IFERROR(__xludf.DUMMYFUNCTION("""COMPUTED_VALUE"""),3.4) -> 3.4 | P32: =IFERROR(__xludf.DUMMYFUNCTION("""COMPUTED_VALUE"""),5.4) -> 5.4 | Q32: =IFERROR(__xludf.DUMMYFUNCTION("""COMPUTED_VALUE"""),4.0) -> 4 | R32: =IFERROR(__xludf.DUMMYFUNCTION("""COMPUTED_VALUE"""),1.2) -> 1.2 | S32: =IFERROR(__xludf.DUMMYFUNCTION("""COMPUTED_VALUE"""),0.4) -> 0.4 | T32: =IFERROR(__xludf.DUMMYFUNCTION("""COMPUTED_VALUE"""),46.59090909090908) -> 46.590909 | U32: =IFERROR(__xludf.DUMMYFUNCTION("""COMPUTED_VALUE"""),90.32258064516128) -> 90.322581 | V32: =IFERROR(__xludf.DUMMYFUNCTION("""COMPUTED_VALUE"""),2.2) -> 2.2 | W32: =IFERROR(__xludf.DUMMYFUNCTION("""COMPUTED_VALUE"""),0.900492607548091) -> 0.90049261 | X32: =IFERROR(__xludf.DUMMYFUNCTION("""COMPUTED_VALUE"""),1.5221000640421976) -> 1.5221001 | Y32: =IFERROR(__xludf.DUMMYFUNCTION("""COMPUTED_VALUE"""),-0.2907562050651974) -> -0.29075621 | Z32: =IFERROR(__xludf.DUMMYFUNCTION("""COMPUTED_VALUE"""),0.07956383839796079) -> 0.079563838 | AA32: =IFERROR(__xludf.DUMMYFUNCTION("""COMPUTED_VALUE"""),0.44772912964166556) -> 0.44772913 | AB32: =IFERROR(__xludf.DUMMYFUNCTION("""COMPUTED_VALUE"""),-0.39569839687757064) -> -0.3956984 | AC32: =IFERROR(__xludf.DUMMYFUNCTION("""COMPUTED_VALUE"""),-0.5287251750137805) -> -0.52872518 | AD32: =IFERROR(__xludf.DUMMYFUNCTION("""COMPUTED_VALUE"""),0.875304969591852) -> 0.87530497 | AE32: =IFERROR(__xludf.DUMMYFUNCTION("""COMPUTED_VALUE"""),-0.06374830957824563) -> -0.06374831
A33: =IF(VLOOKUP(H33,'Paste #BBall'!$B$2:$N1001,3,)="BRO","BKN",IF(VLOOKUP(H33,'Paste #BBall'!$B$2:$N1001,3,)="OKL","OKC",VLOOKUP(H33,'Paste #BBall'!$B$2:$N1001,3,))) -> LAL | B33: =VLOOKUP($A33,Schedule!$C$2:$G$31,2,0) -> 4 | C33: =VLOOKUP($A33,Schedule!$C$2:$G$31,3,0) -> 2 | D33: =VLOOKUP($A33,Schedule!$C$2:$G$31,4,0) -> 3 | E33: =SUM(B33:D33) -> 9 | F33: 28 | G33: =IFERROR(__xludf.DUMMYFUNCTION("""COMPUTED_VALUE"""),25.0) -> 25 | H33: =IFERROR(__xludf.DUMMYFUNCTION("""COMPUTED_VALUE"""),"LeBron James") -> LeBron James | I33: =IFERROR(__xludf.DUMMYFUNCTION("""COMPUTED_VALUE"""),56.0) -> 56 | J33: =IFERROR(__xludf.DUMMYFUNCTION("""COMPUTED_VALUE"""),"SF,PF") -> SF,PF | K33: =IFERROR(__xludf.DUMMYFUNCTION("""COMPUTED_VALUE"""),2.565004818154389) -> 2.5650048 | L33: =IFERROR(__xludf.DUMMYFUNCTION("""COMPUTED_VALUE"""),3.0533853100986708) -> 3.0533853 | M33: =IFERROR(__xludf.DUMMYFUNCTION("""COMPUTED_VALUE"""),0.48838049194428157) -> 0.48838049 | N33: =IFERROR(__xludf.DUMMYFUNCTION("""COMPUTED_VALUE"""),26.7) -> 26.7 | O33: =IFERROR(__xludf.DUMMYFUNCTION("""COMPUTED_VALUE"""),2.3) -> 2.3 | P33: =IFERROR(__xludf.DUMMYFUNCTION("""COMPUTED_VALUE"""),7.6) -> 7.6 | Q33: =IFERROR(__xludf.DUMMYFUNCTION("""COMPUTED_VALUE"""),6.0) -> 6 | R33: =IFERROR(__xludf.DUMMYFUNCTION("""COMPUTED_VALUE"""),0.8) -> 0.8 | S33: =IFERROR(__xludf.DUMMYFUNCTION("""COMPUTED_VALUE"""),0.5) -> 0.5 | T33: =IFERROR(__xludf.DUMMYFUNCTION("""COMPUTED_VALUE"""),50.24875621890546) -> 50.248756 | U33: =IFERROR(__xludf.DUMMYFUNCTION("""COMPUTED_VALUE"""),76.36363636363637) -> 76.363636 | V33: =IFERROR(__xludf.DUMMYFUNCTION("""COMPUTED_VALUE"""),3.1) -> 3.1 | W33: =IFERROR(__xludf.DUMMYFUNCTION("""COMPUTED_VALUE"""),1.5914507530778172) -> 1.5914508 | X33: =IFERROR(__xludf.DUMMYFUNCTION("""COMPUTED_VALUE"""),0.5682583983871938) -> 0.5682584 | Y33: =IFERROR(__xludf.DUMMYFUNCTION("""COMPUTED_VALUE"""),0.6291819317662048) -> 0.62918193 | Z33: =IFERROR(__xludf.DUMMYFUNCTION("""COMPUTED_VALUE"""),1.0996130486282323) -> 1.099613 | AA33: =IFERROR(__xludf.DUMMYFUNCTION("""COMPUTED_VALUE"""),-0.42447047355638534) -> -0.42447047 | AB33: =IFERROR(__xludf.DUMMYFUNCTION("""COMPUTED_VALUE"""),-0.2643825572058105) -> -0.26438256 | AC33: =IFERROR(__xludf.DUMMYFUNCTION("""COMPUTED_VALUE"""),0.1305646284320265) -> 0.13056463 | AD33: =IFERROR(__xludf.DUMMYFUNCTION("""COMPUTED_VALUE"""),-0.3581362914261786) -> -0.35813629 | AE33: =IFERROR(__xludf.DUMMYFUNCTION("""COMPUTED_VALUE"""),-0.3431646015608148) -> -0.3431646
A34: =IF(VLOOKUP(H34,'Paste #BBall'!$B$2:$N1001,3,)="BRO","BKN",IF(VLOOKUP(H34,'Paste #BBall'!$B$2:$N1001,3,)="OKL","OKC",VLOOKUP(H34,'Paste #BBall'!$B$2:$N1001,3,))) -> DET | B34: =VLOOKUP($A34,Schedule!$C$2:$G$31,2,0) -> 3 | C34: =VLOOKUP($A34,Schedule!$C$2:$G$31,3,0) -> 4 | D34: =VLOOKUP($A34,Schedule!$C$2:$G$31,4,0) -> 4 | E34: =SUM(B34:D34) -> 11 | F34: 29 | G34: =IFERROR(__xludf.DUMMYFUNCTION("""COMPUTED_VALUE"""),32.0) -> 32 | H34: =IFERROR(__xludf.DUMMYFUNCTION("""COMPUTED_VALUE"""),"Cade Cunningham") -> Cade Cunningham | I34: =IFERROR(__xludf.DUMMYFUNCTION("""COMPUTED_VALUE"""),65.0) -> 65 | J34: =IFERROR(__xludf.DUMMYFUNCTION("""COMPUTED_VALUE"""),"PG,SG") -> PG,SG | K34: =IFERROR(__xludf.DUMMYFUNCTION("""COMPUTED_VALUE"""),2.155030414297245) -> 2.1550304 | L34: =IFERROR(__xludf.DUMMYFUNCTION("""COMPUTED_VALUE"""),3.0352956900630117) -> 3.0352957 | M34: =IFERROR(__xludf.DUMMYFUNCTION("""COMPUTED_VALUE"""),0.8802652757657667) -> 0.88026528 | N34: =IFERROR(__xludf.DUMMYFUNCTION("""COMPUTED_VALUE"""),20.9) -> 20.9 | O34: =IFERROR(__xludf.DUMMYFUNCTION("""COMPUTED_VALUE"""),1.8) -> 1.8 | P34: =IFERROR(__xludf.DUMMYFUNCTION("""COMPUTED_VALUE"""),6.4) -> 6.4 | Q34: =IFERROR(__xludf.DUMMYFUNCTION("""COMPUTED_VALUE"""),6.6) -> 6.6 | R34: =IFERROR(__xludf.DUMMYFUNCTION("""COMPUTED_VALUE"""),1.3) -> 1.3 | S34: =IFERROR(__xludf.DUMMYFUNCTION("""COMPUTED_VALUE"""),0.7) -> 0.7 | T34: =IFERROR(__xludf.DUMMYFUNCTION("""COMPUTED_VALUE"""),42.02127659574468) -> 42.021277 | U34: =IFERROR(__xludf.DUMMYFUNCTION("""COMPUTED_VALUE"""),84.21052631578948) -> 84.210526 | V34: =IFERROR(__xludf.DUMMYFUNCTION("""COMPUTED_VALUE"""),3.3) -> 3.3 | W34: =IFERROR(__xludf.DUMMYFUNCTION("""COMPUTED_VALUE"""),0.6139977667186917) -> 0.61399777 | X34: =IFERROR(__xludf.DUMMYFUNCTION("""COMPUTED_VALUE"""),0.13469400490764694) -> 0.134694 | Y34: =IFERROR(__xludf.DUMMYFUNCTION("""COMPUTED_VALUE"""),0.12739749349453106) -> 0.12739749 | Z34: =IFERROR(__xludf.DUMMYFUNCTION("""COMPUTED_VALUE"""),1.4056278116973135) -> 1.4056278 | AA34: =IFERROR(__xludf.DUMMYFUNCTION("""COMPUTED_VALUE"""),0.6657790304411786) -> 0.66577903 | AB34: =IFERROR(__xludf.DUMMYFUNCTION("""COMPUTED_VALUE"""),-0.0017508778622903794) -> -0.0017508779 | AC34: =IFERROR(__xludf.DUMMYFUNCTION("""COMPUTED_VALUE"""),-1.4228904847813482) -> -1.4228905 | AD34: =IFERROR(__xludf.DUMMYFUNCTION("""COMPUTED_VALUE"""),0.4948075715562148) -> 0.49480757 | AE34: =IFERROR(__xludf.DUMMYFUNCTION("""COMPUTED_VALUE"""),-0.40525711089027455) -> -0.40525711
A35: =IF(VLOOKUP(H35,'Paste #BBall'!$B$2:$N1001,3,)="BRO","BKN",IF(VLOOKUP(H35,'Paste #BBall'!$B$2:$N1001,3,)="OKL","OKC",VLOOKUP(H35,'Paste #BBall'!$B$2:$N1001,3,))) -> MIN | B35: =VLOOKUP($A35,Schedule!$C$2:$G$31,2,0) -> 4 | C35: =VLOOKUP($A35,Schedule!$C$2:$G$31,3,0) -> 2 | D35: =VLOOKUP($A35,Schedule!$C$2:$G$31,4,0) -> 4 | E35: =SUM(B35:D35) -> 10 | F35: 30 | G35: =IFERROR(__xludf.DUMMYFUNCTION("""COMPUTED_VALUE"""),26.0) -> 26 | H35: =IFERROR(__xludf.DUMMYFUNCTION("""COMPUTED_VALUE"""),"Karl-Anthony Towns") -> Karl-Anthony Towns | I35: =IFERROR(__xludf.DUMMYFUNCTION("""COMPUTED_VALUE"""),70.0) -> 70 | J35: =IFERROR(__xludf.DUMMYFUNCTION("""COMPUTED_VALUE"""),"PF,C") -> PF,C | K35: =IFERROR(__xludf.DUMMYFUNCTION("""COMPUTED_VALUE"""),2.551360661611608) -> 2.5513607 | L35: =IFERROR(__xludf.DUMMYFUNCTION("""COMPUTED_VALUE"""),3.02209117633912) -> 3.0220912 | M35: =IFERROR(__xludf.DUMMYFUNCTION("""COMPUTED_VALUE"""),0.4707305147275118) -> 0.47073051 | N35: =IFERROR(__xludf.DUMMYFUNCTION("""COMPUTED_VALUE"""),21.4) -> 21.4 | O35: =IFERROR(__xludf.DUMMYFUNCTION("""COMPUTED_VALUE"""),2.1) -> 2.1 | P35: =IFERROR(__xludf.DUMMYFUNCTION("""COMPUTED_VALUE"""),8.5) -> 8.5 | Q35: =IFERROR(__xludf.DUMMYFUNCTION("""COMPUTED_VALUE"""),4.6) -> 4.6 | R35: =IFERROR(__xludf.DUMMYFUNCTION("""COMPUTED_VALUE"""),0.7) -> 0.7 | S35: =IFERROR(__xludf.DUMMYFUNCTION("""COMPUTED_VALUE"""),0.7) -> 0.7 | T35: =IFERROR(__xludf.DUMMYFUNCTION("""COMPUTED_VALUE"""),50.0) -> 50 | U35: =IFERROR(__xludf.DUMMYFUNCTION("""COMPUTED_VALUE"""),84.61538461538461) -> 84.615385 | V35: =IFERROR(__xludf.DUMMYFUNCTION("""COMPUTED_VALUE"""),2.8) -> 2.8 | W35: =IFERROR(__xludf.DUMMYFUNCTION("""COMPUTED_VALUE"""),0.6982609551979266) -> 0.69826096 | X35: =IFERROR(__xludf.DUMMYFUNCTION("""COMPUTED_VALUE"""),0.39483264099537524) -> 0.39483264 | Y35: =IFERROR(__xludf.DUMMYFUNCTION("""COMPUTED_VALUE"""),1.0055202604699605) -> 1.0055203 | Z35: =IFERROR(__xludf.DUMMYFUNCTION("""COMPUTED_VALUE"""),0.38557860146704204) -> 0.3855786 | AA35: =IFERROR(__xludf.DUMMYFUNCTION("""COMPUTED_VALUE"""),-0.6425203743558983) -> -0.64252037 | AB35: =IFERROR(__xludf.DUMMYFUNCTION("""COMPUTED_VALUE"""),-0.0017508778622903794) -> -0.0017508779 | AC35: =IFERROR(__xludf.DUMMYFUNCTION("""COMPUTED_VALUE"""),0.06016520669458396) -> 0.060165207 | AD35: =IFERROR(__xludf.DUMMYFUNCTION("""COMPUTED_VALUE"""),0.7295102269431463) -> 0.72951023 | AE35: =IFERROR(__xludf.DUMMYFUNCTION("""COMPUTED_VALUE"""),-0.250025837566625) -> -0.25002584
A36: =IF(VLOOKUP(H36,'Paste #BBall'!$B$2:$N1001,3,)="BRO","BKN",IF(VLOOKUP(H36,'Paste #BBall'!$B$2:$N1001,3,)="OKL","OKC",VLOOKUP(H36,'Paste #BBall'!$B$2:$N1001,3,))) -> LAC | B36: =VLOOKUP($A36,Schedule!$C$2:$G$31,2,0) -> 4 | C36: =VLOOKUP($A36,Schedule!$C$2:$G$31,3,0) -> 4 | D36: =VLOOKUP($A36,Schedule!$C$2:$G$31,4,0) -> 3 | E36: =SUM(B36:D36) -> 11 | F36: 31 | G36: =IFERROR(__xludf.DUMMYFUNCTION("""COMPUTED_VALUE"""),22.0) -> 22 | H36: =IFERROR(__xludf.DUMMYFUNCTION("""COMPUTED_VALUE"""),"Kawhi Leonard") -> Kawhi Leonard | I36: =IFERROR(__xludf.DUMMYFUNCTION("""COMPUTED_VALUE"""),56.0) -> 56 | J36: =IFERROR(__xludf.DUMMYFUNCTION("""COMPUTED_VALUE"""),"SG,SF") -> SG,SF | K36: =IFERROR(__xludf.DUMMYFUNCTION("""COMPUTED_VALUE"""),3.0855954663421805) -> 3.0855955 | L36: =IFERROR(__xludf.DUMMYFUNCTION("""COMPUTED_VALUE"""),2.9936371948971283) -> 2.9936372 | M36: =IFERROR(__xludf.DUMMYFUNCTION("""COMPUTED_VALUE"""),-0.0919582714450522) -> -0.091958271 | N36: =IFERROR(__xludf.DUMMYFUNCTION("""COMPUTED_VALUE"""),23.2) -> 23.2 | O36: =IFERROR(__xludf.DUMMYFUNCTION("""COMPUTED_VALUE"""),1.9) -> 1.9 | P36: =IFERROR(__xludf.DUMMYFUNCTION("""COMPUTED_VALUE"""),6.2) -> 6.2 | Q36: =IFERROR(__xludf.DUMMYFUNCTION("""COMPUTED_VALUE"""),3.7) -> 3.7 | R36: =IFERROR(__xludf.DUMMYFUNCTION("""COMPUTED_VALUE"""),1.3) -> 1.3 | S36: =IFERROR(__xludf.DUMMYFUNCTION("""COMPUTED_VALUE"""),0.5) -> 0.5 | T36: =IFERROR(__xludf.DUMMYFUNCTION("""COMPUTED_VALUE"""),50.2994011976048) -> 50.299401 | U36: =IFERROR(__xludf.DUMMYFUNCTION("""COMPUTED_VALUE"""),86.27450980392159) -> 86.27451 | V36: =IFERROR(__xludf.DUMMYFUNCTION("""COMPUTED_VALUE"""),1.7) -> 1.7 | W36: =IFERROR(__xludf.DUMMYFUNCTION("""COMPUTED_VALUE"""),1.0016084337231725) -> 1.0016084 | X36: =IFERROR(__xludf.DUMMYFUNCTION("""COMPUTED_VALUE"""),0.2214068836035562) -> 0.22140688 | Y36: =IFERROR(__xludf.DUMMYFUNCTION("""COMPUTED_VALUE"""),0.04376675378258529) -> 0.043766754 | Z36: =IFERROR(__xludf.DUMMYFUNCTION("""COMPUTED_VALUE"""),-0.07344354313657983) -> -0.073443543 | AA36: =IFERROR(__xludf.DUMMYFUNCTION("""COMPUTED_VALUE"""),0.6657790304411786) -> 0.66577903 | AB36: =IFERROR(__xludf.DUMMYFUNCTION("""COMPUTED_VALUE"""),-0.2643825572058105) -> -0.26438256 | AC36: =IFERROR(__xludf.DUMMYFUNCTION("""COMPUTED_VALUE"""),0.11692718158125681) -> 0.11692718 | AD36: =IFERROR(__xludf.DUMMYFUNCTION("""COMPUTED_VALUE"""),0.926109491156555) -> 0.92610949 | AE36: =IFERROR(__xludf.DUMMYFUNCTION("""COMPUTED_VALUE"""),0.09148296374540399) -> 0.091482964
A37: =IF(VLOOKUP(H37,'Paste #BBall'!$B$2:$N1001,3,)="BRO","BKN",IF(VLOOKUP(H37,'Paste #BBall'!$B$2:$N1001,3,)="OKL","OKC",VLOOKUP(H37,'Paste #BBall'!$B$2:$N1001,3,))) -> ATL | B37: =VLOOKUP($A37,Schedule!$C$2:$G$31,2,0) -> 4 | C37: =VLOOKUP($A37,Schedule!$C$2:$G$31,3,0) -> 3 | D37: =VLOOKUP($A37,Schedule!$C$2:$G$31,4,0) -> 3 | E37: =SUM(B37:D37) -> 10 | F37: 32 | G37: =IFERROR(__xludf.DUMMYFUNCTION("""COMPUTED_VALUE"""),27.0) -> 27 | H37: =IFERROR(__xludf.DUMMYFUNCTION("""COMPUTED_VALUE"""),"Dejounte Murray") -> Dejounte Murray | I37: =IFERROR(__xludf.DUMMYFUNCTION("""COMPUTED_VALUE"""),74.0) -> 74 | J37: =IFERROR(__xludf.DUMMYFUNCTION("""COMPUTED_VALUE"""),"PG,SG") -> PG,SG | K37: =IFERROR(__xludf.DUMMYFUNCTION("""COMPUTED_VALUE"""),2.529259984972202) -> 2.52926 | L37: =IFERROR(__xludf.DUMMYFUNCTION("""COMPUTED_VALUE"""),2.8593934301867776) -> 2.8593934 | M37: =IFERROR(__xludf.DUMMYFUNCTION("""COMPUTED_VALUE"""),0.33013344521457544) -> 0.33013345 | N37: =IFERROR(__xludf.DUMMYFUNCTION("""COMPUTED_VALUE"""),20.7) -> 20.7 | O37: =IFERROR(__xludf.DUMMYFUNCTION("""COMPUTED_VALUE"""),1.6) -> 1.6 | P37: =IFERROR(__xludf.DUMMYFUNCTION("""COMPUTED_VALUE"""),6.5) -> 6.5 | Q37: =IFERROR(__xludf.DUMMYFUNCTION("""COMPUTED_VALUE"""),6.4) -> 6.4 | R37: =IFERROR(__xludf.DUMMYFUNCTION("""COMPUTED_VALUE"""),1.6) -> 1.6 | S37: =IFERROR(__xludf.DUMMYFUNCTION("""COMPUTED_VALUE"""),0.3) -> 0.3 | T37: =IFERROR(__xludf.DUMMYFUNCTION("""COMPUTED_VALUE"""),46.448087431693985) -> 46.448087 | U37: =IFERROR(__xludf.DUMMYFUNCTION("""COMPUTED_VALUE"""),80.76923076923077) -> 80.769231 | V37: =IFERROR(__xludf.DUMMYFUNCTION("""COMPUTED_VALUE"""),2.2) -> 2.2 | W37: =IFERROR(__xludf.DUMMYFUNCTION("""COMPUTED_VALUE"""),0.5802924913269978) -> 0.58029249 | X37: =IFERROR(__xludf.DUMMYFUNCTION("""COMPUTED_VALUE"""),-0.03873175248417188) -> -0.038731752 | Y37: =IFERROR(__xludf.DUMMYFUNCTION("""COMPUTED_VALUE"""),0.16921286335050373) -> 0.16921286 | Z37: =IFERROR(__xludf.DUMMYFUNCTION("""COMPUTED_VALUE"""),1.3036228906742866) -> 1.3036229 | AA37: =IFERROR(__xludf.DUMMYFUNCTION("""COMPUTED_VALUE"""),1.319928732839717) -> 1.3199287 | AB37: =IFERROR(__xludf.DUMMYFUNCTION("""COMPUTED_VALUE"""),-0.5270142365493308) -> -0.52701424 | AC37: =IFERROR(__xludf.DUMMYFUNCTION("""COMPUTED_VALUE"""),-0.5758607168293178) -> -0.57586072 | AD37: =IFERROR(__xludf.DUMMYFUNCTION("""COMPUTED_VALUE"""),0.11583075060702093) -> 0.11583075 | AE37: =IFERROR(__xludf.DUMMYFUNCTION("""COMPUTED_VALUE"""),-0.06374830957824563) -> -0.06374831
A38: =IF(VLOOKUP(H38,'Paste #BBall'!$B$2:$N1001,3,)="BRO","BKN",IF(VLOOKUP(H38,'Paste #BBall'!$B$2:$N1001,3,)="OKL","OKC",VLOOKUP(H38,'Paste #BBall'!$B$2:$N1001,3,))) -> NY | B38: =VLOOKUP($A38,Schedule!$C$2:$G$31,2,0) -> 3 | C38: =VLOOKUP($A38,Schedule!$C$2:$G$31,3,0) -> 3 | D38: =VLOOKUP($A38,Schedule!$C$2:$G$31,4,0) -> 3 | E38: =SUM(B38:D38) -> 9 | F38: 33 | G38: =IFERROR(__xludf.DUMMYFUNCTION("""COMPUTED_VALUE"""),36.0) -> 36 | H38: =IFERROR(__xludf.DUMMYFUNCTION("""COMPUTED_VALUE"""),"Jalen Brunson") -> Jalen Brunson | I38: =IFERROR(__xludf.DUMMYFUNCTION("""COMPUTED_VALUE"""),72.0) -> 72 | J38: =IFERROR(__xludf.DUMMYFUNCTION("""COMPUTED_VALUE"""),"PG") -> PG | K38: =IFERROR(__xludf.DUMMYFUNCTION("""COMPUTED_VALUE"""),1.514646802178458) -> 1.5146468 | L38: =IFERROR(__xludf.DUMMYFUNCTION("""COMPUTED_VALUE"""),2.6708626938346045) -> 2.6708627 | M38: =IFERROR(__xludf.DUMMYFUNCTION("""COMPUTED_VALUE"""),1.1562158916561465) -> 1.1562159 | N38: =IFERROR(__xludf.DUMMYFUNCTION("""COMPUTED_VALUE"""),24.2) -> 24.2 | O38: =IFERROR(__xludf.DUMMYFUNCTION("""COMPUTED_VALUE"""),2.0) -> 2 | P38: =IFERROR(__xludf.DUMMYFUNCTION("""COMPUTED_VALUE"""),3.7) -> 3.7 | Q38: =IFERROR(__xludf.DUMMYFUNCTION("""COMPUTED_VALUE"""),6.5) -> 6.5 | R38: =IFERROR(__xludf.DUMMYFUNCTION("""COMPUTED_VALUE"""),1.0) -> 1 | S38: =IFERROR(__xludf.DUMMYFUNCTION("""COMPUTED_VALUE"""),0.2) -> 0.2 | T38: =IFERROR(__xludf.DUMMYFUNCTION("""COMPUTED_VALUE"""),49.18032786885246) -> 49.180328 | U38: =IFERROR(__xludf.DUMMYFUNCTION("""COMPUTED_VALUE"""),84.00000000000001) -> 84 | V38: =IFERROR(__xludf.DUMMYFUNCTION("""COMPUTED_VALUE"""),2.2) -> 2.2 | W38: =IFERROR(__xludf.DUMMYFUNCTION("""COMPUTED_VALUE"""),1.1701348106816425) -> 1.1701348 | X38: =IFERROR(__xludf.DUMMYFUNCTION("""COMPUTED_VALUE"""),0.30811976229946575) -> 0.30811976 | Y38: =IFERROR(__xludf.DUMMYFUNCTION("""COMPUTED_VALUE"""),-1.0016174926167358) -> -1.0016175 | Z38: =IFERROR(__xludf.DUMMYFUNCTION("""COMPUTED_VALUE"""),1.3546253511858) -> 1.3546254 | AA38: =IFERROR(__xludf.DUMMYFUNCTION("""COMPUTED_VALUE"""),0.011629328042640127) -> 0.011629328 | AB38: =IFERROR(__xludf.DUMMYFUNCTION("""COMPUTED_VALUE"""),-0.6583300762210907) -> -0.65833008 | AC38: =IFERROR(__xludf.DUMMYFUNCTION("""COMPUTED_VALUE"""),-0.07642820221646378) -> -0.076428202 | AD38: =IFERROR(__xludf.DUMMYFUNCTION("""COMPUTED_VALUE"""),0.6248600296408564) -> 0.62486003 | AE38: =IFERROR(__xludf.DUMMYFUNCTION("""COMPUTED_VALUE"""),-0.06374830957824563) -> -0.06374831
A39: =IF(VLOOKUP(H39,'Paste #BBall'!$B$2:$N1001,3,)="BRO","BKN",IF(VLOOKUP(H39,'Paste #BBall'!$B$2:$N1001,3,)="OKL","OKC",VLOOKUP(H39,'Paste #BBall'!$B$2:$N1001,3,))) -> BKN | B39: =VLOOKUP($A39,Schedule!$C$2:$G$31,2,0) -> 5 | C39: =VLOOKUP($A39,Schedule!$C$2:$G$31,3,0) -> 3 | D39: =VLOOKUP($A39,Schedule!$C$2:$G$31,4,0) -> 3 | E39: =SUM(B39:D39) -> 11 | F39: 34 | G39: =IFERROR(__xludf.DUMMYFUNCTION("""COMPUTED_VALUE"""),31.0) -> 31 | H39: =IFERROR(__xludf.DUMMYFUNCTION("""COMPUTED_VALUE"""),"Mikal Bridges") -> Mikal Bridges | I39: =IFERROR(__xludf.DUMMYFUNCTION("""COMPUTED_VALUE"""),80.0) -> 80 | J39: =IFERROR(__xludf.DUMMYFUNCTION("""COMPUTED_VALUE"""),"SG,SF") -> SG,SF | K39: =IFERROR(__xludf.DUMMYFUNCTION("""COMPUTED_VALUE"""),2.2914858204846524) -> 2.2914858 | L39: =IFERROR(__xludf.DUMMYFUNCTION("""COMPUTED_VALUE"""),2.6185997728987687) -> 2.6185998 | M39: =IFERROR(__xludf.DUMMYFUNCTION("""COMPUTED_VALUE"""),0.3271139524141162) -> 0.32711395 | N39: =IFERROR(__xludf.DUMMYFUNCTION("""COMPUTED_VALUE"""),25.4) -> 25.4 | O39: =IFERROR(__xludf.DUMMYFUNCTION("""COMPUTED_VALUE"""),2.4) -> 2.4 | P39: =IFERROR(__xludf.DUMMYFUNCTION("""COMPUTED_VALUE"""),4.6) -> 4.6 | Q39: =IFERROR(__xludf.DUMMYFUNCTION("""COMPUTED_VALUE"""),3.4) -> 3.4 | R39: =IFERROR(__xludf.DUMMYFUNCTION("""COMPUTED_VALUE"""),1.1) -> 1.1 | S39: =IFERROR(__xludf.DUMMYFUNCTION("""COMPUTED_VALUE"""),0.6) -> 0.6 | T39: =IFERROR(__xludf.DUMMYFUNCTION("""COMPUTED_VALUE"""),47.39583333333333) -> 47.395833 | U39: =IFERROR(__xludf.DUMMYFUNCTION("""COMPUTED_VALUE"""),87.03703703703704) -> 87.037037 | V39: =IFERROR(__xludf.DUMMYFUNCTION("""COMPUTED_VALUE"""),1.8) -> 1.8 | W39: =IFERROR(__xludf.DUMMYFUNCTION("""COMPUTED_VALUE"""),1.3723664630318062) -> 1.3723665 | X39: =IFERROR(__xludf.DUMMYFUNCTION("""COMPUTED_VALUE"""),0.6549712770831033) -> 0.65497128 | Y39: =IFERROR(__xludf.DUMMYFUNCTION("""COMPUTED_VALUE"""),-0.6252791639129804) -> -0.62527916 | Z39: =IFERROR(__xludf.DUMMYFUNCTION("""COMPUTED_VALUE"""),-0.22645092467112066) -> -0.22645092 | AA39: =IFERROR(__xludf.DUMMYFUNCTION("""COMPUTED_VALUE"""),0.22967922884215308) -> 0.22967923 | AB39: =IFERROR(__xludf.DUMMYFUNCTION("""COMPUTED_VALUE"""),-0.13306671753405044) -> -0.13306672 | AC39: =IFERROR(__xludf.DUMMYFUNCTION("""COMPUTED_VALUE"""),-0.4224210500437864) -> -0.42242105 | AD39: =IFERROR(__xludf.DUMMYFUNCTION("""COMPUTED_VALUE"""),1.0830847871099896) -> 1.0830848 | AE39: =IFERROR(__xludf.DUMMYFUNCTION("""COMPUTED_VALUE"""),0.06043670908067405) -> 0.060436709
A40: =IF(VLOOKUP(H40,'Paste #BBall'!$B$2:$N1001,3,)="BRO","BKN",IF(VLOOKUP(H40,'Paste #BBall'!$B$2:$N1001,3,)="OKL","OKC",VLOOKUP(H40,'Paste #BBall'!$B$2:$N1001,3,))) -> BOS | B40: =VLOOKUP($A40,Schedule!$C$2:$G$31,2,0) -> 3 | C40: =VLOOKUP($A40,Schedule!$C$2:$G$31,3,0) -> 4 | D40: =VLOOKUP($A40,Schedule!$C$2:$G$31,4,0) -> 4 | E40: =SUM(B40:D40) -> 11 | F40: 35 | G40: =IFERROR(__xludf.DUMMYFUNCTION("""COMPUTED_VALUE"""),34.0) -> 34 | H40: =IFERROR(__xludf.DUMMYFUNCTION("""COMPUTED_VALUE"""),"Kristaps Porzingis") -> Kristaps Porzingis | I40: =IFERROR(__xludf.DUMMYFUNCTION("""COMPUTED_VALUE"""),60.0) -> 60 | J40: =IFERROR(__xludf.DUMMYFUNCTION("""COMPUTED_VALUE"""),"PF,C") -> PF,C | K40: =IFERROR(__xludf.DUMMYFUNCTION("""COMPUTED_VALUE"""),1.9094858334976885) -> 1.9094858 | L40: =IFERROR(__xludf.DUMMYFUNCTION("""COMPUTED_VALUE"""),2.3385453839585777) -> 2.3385454 | M40: =IFERROR(__xludf.DUMMYFUNCTION("""COMPUTED_VALUE"""),0.42905955046088917) -> 0.42905955 | N40: =IFERROR(__xludf.DUMMYFUNCTION("""COMPUTED_VALUE"""),18.7) -> 18.7 | O40: =IFERROR(__xludf.DUMMYFUNCTION("""COMPUTED_VALUE"""),1.8) -> 1.8 | P40: =IFERROR(__xludf.DUMMYFUNCTION("""COMPUTED_VALUE"""),7.9) -> 7.9 | Q40: =IFERROR(__xludf.DUMMYFUNCTION("""COMPUTED_VALUE"""),2.1) -> 2.1 | R40: =IFERROR(__xludf.DUMMYFUNCTION("""COMPUTED_VALUE"""),0.8) -> 0.8 | S40: =IFERROR(__xludf.DUMMYFUNCTION("""COMPUTED_VALUE"""),1.5) -> 1.5 | T40: =IFERROR(__xludf.DUMMYFUNCTION("""COMPUTED_VALUE"""),48.148148148148145) -> 48.148148 | U40: =IFERROR(__xludf.DUMMYFUNCTION("""COMPUTED_VALUE"""),85.1063829787234) -> 85.106383 | V40: =IFERROR(__xludf.DUMMYFUNCTION("""COMPUTED_VALUE"""),1.8) -> 1.8 | W40: =IFERROR(__xludf.DUMMYFUNCTION("""COMPUTED_VALUE"""),0.24323973741005794) -> 0.24323974 | X40: =IFERROR(__xludf.DUMMYFUNCTION("""COMPUTED_VALUE"""),0.13469400490764694) -> 0.134694 | Y40: =IFERROR(__xludf.DUMMYFUNCTION("""COMPUTED_VALUE"""),0.7546280413341236) -> 0.75462804 | Z40: =IFERROR(__xludf.DUMMYFUNCTION("""COMPUTED_VALUE"""),-0.8894829113207969) -> -0.88948291 | AA40: =IFERROR(__xludf.DUMMYFUNCTION("""COMPUTED_VALUE"""),-0.42447047355638534) -> -0.42447047 | AB40: =IFERROR(__xludf.DUMMYFUNCTION("""COMPUTED_VALUE"""),1.0487758395117905) -> 1.0487758 | AC40: =IFERROR(__xludf.DUMMYFUNCTION("""COMPUTED_VALUE"""),-0.19556757128130153) -> -0.19556757 | AD40: =IFERROR(__xludf.DUMMYFUNCTION("""COMPUTED_VALUE"""),0.7168090965519713) -> 0.7168091 | AE40: =IFERROR(__xludf.DUMMYFUNCTION("""COMPUTED_VALUE"""),0.06043670908067405) -> 0.060436709
A41: =IF(VLOOKUP(H41,'Paste #BBall'!$B$2:$N1001,3,)="BRO","BKN",IF(VLOOKUP(H41,'Paste #BBall'!$B$2:$N1001,3,)="OKL","OKC",VLOOKUP(H41,'Paste #BBall'!$B$2:$N1001,3,))) -> CHI | B41: =VLOOKUP($A41,Schedule!$C$2:$G$31,2,0) -> 4 | C41: =VLOOKUP($A41,Schedule!$C$2:$G$31,3,0) -> 4 | D41: =VLOOKUP($A41,Schedule!$C$2:$G$31,4,0) -> 3 | E41: =SUM(B41:D41) -> 11 | F41: 36 | G41: =IFERROR(__xludf.DUMMYFUNCTION("""COMPUTED_VALUE"""),37.0) -> 37 | H41: =IFERROR(__xludf.DUMMYFUNCTION("""COMPUTED_VALUE"""),"DeMar DeRozan") -> DeMar DeRozan | I41: =IFERROR(__xludf.DUMMYFUNCTION("""COMPUTED_VALUE"""),74.0) -> 74 | J41: =IFERROR(__xludf.DUMMYFUNCTION("""COMPUTED_VALUE"""),"SG") -> SG | K41: =IFERROR(__xludf.DUMMYFUNCTION("""COMPUTED_VALUE"""),1.4674066026054566) -> 1.4674066 | L41: =IFERROR(__xludf.DUMMYFUNCTION("""COMPUTED_VALUE"""),2.293130986605172) -> 2.293131 | M41: =IFERROR(__xludf.DUMMYFUNCTION("""COMPUTED_VALUE"""),0.8257243839997153) -> 0.82572438 | N41: =IFERROR(__xludf.DUMMYFUNCTION("""COMPUTED_VALUE"""),24.7) -> 24.7 | O41: =IFERROR(__xludf.DUMMYFUNCTION("""COMPUTED_VALUE"""),0.6) -> 0.6 | P41: =IFERROR(__xludf.DUMMYFUNCTION("""COMPUTED_VALUE"""),4.6) -> 4.6 | Q41: =IFERROR(__xludf.DUMMYFUNCTION("""COMPUTED_VALUE"""),4.9) -> 4.9 | R41: =IFERROR(__xludf.DUMMYFUNCTION("""COMPUTED_VALUE"""),1.0) -> 1 | S41: =IFERROR(__xludf.DUMMYFUNCTION("""COMPUTED_VALUE"""),0.4) -> 0.4 | T41: =IFERROR(__xludf.DUMMYFUNCTION("""COMPUTED_VALUE"""),50.55555555555556) -> 50.555556 | U41: =IFERROR(__xludf.DUMMYFUNCTION("""COMPUTED_VALUE"""),86.95652173913044) -> 86.956522 | V41: =IFERROR(__xludf.DUMMYFUNCTION("""COMPUTED_VALUE"""),2.1) -> 2.1 | W41: =IFERROR(__xludf.DUMMYFUNCTION("""COMPUTED_VALUE"""),1.2543979991608774) -> 1.254398 | X41: =IFERROR(__xludf.DUMMYFUNCTION("""COMPUTED_VALUE"""),-0.9058605394432663) -> -0.90586054 | Y41: =IFERROR(__xludf.DUMMYFUNCTION("""COMPUTED_VALUE"""),-0.6252791639129804) -> -0.62527916 | Z41: =IFERROR(__xludf.DUMMYFUNCTION("""COMPUTED_VALUE"""),0.5385859830015831) -> 0.53858598 | AA41: =IFERROR(__xludf.DUMMYFUNCTION("""COMPUTED_VALUE"""),0.011629328042640127) -> 0.011629328 | AB41: =IFERROR(__xludf.DUMMYFUNCTION("""COMPUTED_VALUE"""),-0.39569839687757064) -> -0.3956984 | AC41: =IFERROR(__xludf.DUMMYFUNCTION("""COMPUTED_VALUE"""),0.17208475095607112) -> 0.17208475 | AD41: =IFERROR(__xludf.DUMMYFUNCTION("""COMPUTED_VALUE"""),1.370112541148067) -> 1.3701125 | AE41: =IFERROR(__xludf.DUMMYFUNCTION("""COMPUTED_VALUE"""),-0.032702054913515695) -> -0.032702055
A42: =IF(VLOOKUP(H42,'Paste #BBall'!$B$2:$N1001,3,)="BRO","BKN",IF(VLOOKUP(H42,'Paste #BBall'!$B$2:$N1001,3,)="OKL","OKC",VLOOKUP(H42,'Paste #BBall'!$B$2:$N1001,3,))) -> BOS | B42: =VLOOKUP($A42,Schedule!$C$2:$G$31,2,0) -> 3 | C42: =VLOOKUP($A42,Schedule!$C$2:$G$31,3,0) -> 4 | D42: =VLOOKUP($A42,Schedule!$C$2:$G$31,4,0) -> 4 | E42: =SUM(B42:D42) -> 11 | F42: 37 | G42: =IFERROR(__xludf.DUMMYFUNCTION("""COMPUTED_VALUE"""),35.0) -> 35 | H42: =IFERROR(__xludf.DUMMYFUNCTION("""COMPUTED_VALUE"""),"Jaylen Brown") -> Jaylen Brown | I42: =IFERROR(__xludf.DUMMYFUNCTION("""COMPUTED_VALUE"""),69.0) -> 69 | J42: =IFERROR(__xludf.DUMMYFUNCTION("""COMPUTED_VALUE"""),"SG,SF") -> SG,SF | K42: =IFERROR(__xludf.DUMMYFUNCTION("""COMPUTED_VALUE"""),1.7571801338935376) -> 1.7571801 | L42: =IFERROR(__xludf.DUMMYFUNCTION("""COMPUTED_VALUE"""),2.1089182627502807) -> 2.1089183 | M42: =IFERROR(__xludf.DUMMYFUNCTION("""COMPUTED_VALUE"""),0.35173812885674316) -> 0.35173813 | N42: =IFERROR(__xludf.DUMMYFUNCTION("""COMPUTED_VALUE"""),26.4) -> 26.4 | O42: =IFERROR(__xludf.DUMMYFUNCTION("""COMPUTED_VALUE"""),2.6) -> 2.6 | P42: =IFERROR(__xludf.DUMMYFUNCTION("""COMPUTED_VALUE"""),6.7) -> 6.7 | Q42: =IFERROR(__xludf.DUMMYFUNCTION("""COMPUTED_VALUE"""),3.6) -> 3.6 | R42: =IFERROR(__xludf.DUMMYFUNCTION("""COMPUTED_VALUE"""),1.1) -> 1.1 | S42: =IFERROR(__xludf.DUMMYFUNCTION("""COMPUTED_VALUE"""),0.3) -> 0.3 | T42: =IFERROR(__xludf.DUMMYFUNCTION("""COMPUTED_VALUE"""),49.504950495049506) -> 49.50495 | U42: =IFERROR(__xludf.DUMMYFUNCTION("""COMPUTED_VALUE"""),76.47058823529413) -> 76.470588 | V42: =IFERROR(__xludf.DUMMYFUNCTION("""COMPUTED_VALUE"""),2.9) -> 2.9 | W42: =IFERROR(__xludf.DUMMYFUNCTION("""COMPUTED_VALUE"""),1.5408928399902762) -> 1.5408928 | X42: =IFERROR(__xludf.DUMMYFUNCTION("""COMPUTED_VALUE"""),0.8283970344749224) -> 0.82839703 | Y42: =IFERROR(__xludf.DUMMYFUNCTION("""COMPUTED_VALUE"""),0.2528436030624495) -> 0.2528436 | Z42: =IFERROR(__xludf.DUMMYFUNCTION("""COMPUTED_VALUE"""),-0.12444600364809345) -> -0.124446 | AA42: =IFERROR(__xludf.DUMMYFUNCTION("""COMPUTED_VALUE"""),0.22967922884215308) -> 0.22967923 | AB42: =IFERROR(__xludf.DUMMYFUNCTION("""COMPUTED_VALUE"""),-0.5270142365493308) -> -0.52701424 | AC42: =IFERROR(__xludf.DUMMYFUNCTION("""COMPUTED_VALUE"""),-0.018864024573864387) -> -0.018864025 | AD42: =IFERROR(__xludf.DUMMYFUNCTION("""COMPUTED_VALUE"""),-0.31851232316620787) -> -0.31851232 | AE42: =IFERROR(__xludf.DUMMYFUNCTION("""COMPUTED_VALUE"""),-0.28107209223135493) -> -0.28107209
A43: =IF(VLOOKUP(H43,'Paste #BBall'!$B$2:$N1001,3,)="BRO","BKN",IF(VLOOKUP(H43,'Paste #BBall'!$B$2:$N1001,3,)="OKL","OKC",VLOOKUP(H43,'Paste #BBall'!$B$2:$N1001,3,))) -> DEN | B43: =VLOOKUP($A43,Schedule!$C$2:$G$31,2,0) -> 3 | C43: =VLOOKUP($A43,Schedule!$C$2:$G$31,3,0) -> 4 | D43: =VLOOKUP($A43,Schedule!$C$2:$G$31,4,0) -> 3 | E43: =SUM(B43:D43) -> 10 | F43: 38 | G43: =IFERROR(__xludf.DUMMYFUNCTION("""COMPUTED_VALUE"""),40.0) -> 40 | H43: =IFERROR(__xludf.DUMMYFUNCTION("""COMPUTED_VALUE"""),"Jamal Murray") -> Jamal Murray | I43: =IFERROR(__xludf.DUMMYFUNCTION("""COMPUTED_VALUE"""),70.0) -> 70 | J43: =IFERROR(__xludf.DUMMYFUNCTION("""COMPUTED_VALUE"""),"PG,SG") -> PG,SG | K43: =IFERROR(__xludf.DUMMYFUNCTION("""COMPUTED_VALUE"""),1.091704750004179) -> 1.0917047 | L43: =IFERROR(__xludf.DUMMYFUNCTION("""COMPUTED_VALUE"""),2.0410587660792614) -> 2.0410588 | M43: =IFERROR(__xludf.DUMMYFUNCTION("""COMPUTED_VALUE"""),0.9493540160750824) -> 0.94935402 | N43: =IFERROR(__xludf.DUMMYFUNCTION("""COMPUTED_VALUE"""),21.0) -> 21 | O43: =IFERROR(__xludf.DUMMYFUNCTION("""COMPUTED_VALUE"""),2.7) -> 2.7 | P43: =IFERROR(__xludf.DUMMYFUNCTION("""COMPUTED_VALUE"""),4.1) -> 4.1 | Q43: =IFERROR(__xludf.DUMMYFUNCTION("""COMPUTED_VALUE"""),6.3) -> 6.3 | R43: =IFERROR(__xludf.DUMMYFUNCTION("""COMPUTED_VALUE"""),1.0) -> 1 | S43: =IFERROR(__xludf.DUMMYFUNCTION("""COMPUTED_VALUE"""),0.3) -> 0.3 | T43: =IFERROR(__xludf.DUMMYFUNCTION("""COMPUTED_VALUE"""),46.98795180722891) -> 46.987952 | U43: =IFERROR(__xludf.DUMMYFUNCTION("""COMPUTED_VALUE"""),82.35294117647058) -> 82.352941 | V43: =IFERROR(__xludf.DUMMYFUNCTION("""COMPUTED_VALUE"""),2.3) -> 2.3 | W43: =IFERROR(__xludf.DUMMYFUNCTION("""COMPUTED_VALUE"""),0.6308504044145389) -> 0.6308504 | X43: =IFERROR(__xludf.DUMMYFUNCTION("""COMPUTED_VALUE"""),0.9151099131708318) -> 0.91510991 | Y43: =IFERROR(__xludf.DUMMYFUNCTION("""COMPUTED_VALUE"""),-0.8343560131928446) -> -0.83435601 | Z43: =IFERROR(__xludf.DUMMYFUNCTION("""COMPUTED_VALUE"""),1.2526204301627728) -> 1.2526204 | AA43: =IFERROR(__xludf.DUMMYFUNCTION("""COMPUTED_VALUE"""),0.011629328042640127) -> 0.011629328 | AB43: =IFERROR(__xludf.DUMMYFUNCTION("""COMPUTED_VALUE"""),-0.5270142365493308) -> -0.52701424 | AC43: =IFERROR(__xludf.DUMMYFUNCTION("""COMPUTED_VALUE"""),-0.43284968587084793) -> -0.43284969 | AD43: =IFERROR(__xludf.DUMMYFUNCTION("""COMPUTED_VALUE"""),0.28550717695163197) -> 0.28550718 | AE43: =IFERROR(__xludf.DUMMYFUNCTION("""COMPUTED_VALUE"""),-0.09479456424297544) -> -0.094794564
A44: =IF(VLOOKUP(H44,'Paste #BBall'!$B$2:$N1001,3,)="BRO","BKN",IF(VLOOKUP(H44,'Paste #BBall'!$B$2:$N1001,3,)="OKL","OKC",VLOOKUP(H44,'Paste #BBall'!$B$2:$N1001,3,))) -> IND | B44: =VLOOKUP($A44,Schedule!$C$2:$G$31,2,0) -> 3 | C44: =VLOOKUP($A44,Schedule!$C$2:$G$31,3,0) -> 3 | D44: =VLOOKUP($A44,Schedule!$C$2:$G$31,4,0) -> 4 | E44: =SUM(B44:D44) -> 10 | F44: 39 | G44: =IFERROR(__xludf.DUMMYFUNCTION("""COMPUTED_VALUE"""),39.0) -> 39 | H44: =IFERROR(__xludf.DUMMYFUNCTION("""COMPUTED_VALUE"""),"Myles Turner") -> Myles Turner | I44: =IFERROR(__xludf.DUMMYFUNCTION("""COMPUTED_VALUE"""),64.0) -> 64 | J44: =IFERROR(__xludf.DUMMYFUNCTION("""COMPUTED_VALUE"""),"C") -> C | K44: =IFERROR(__xludf.DUMMYFUNCTION("""COMPUTED_VALUE"""),1.2250648558666697) -> 1.2250649 | L44: =IFERROR(__xludf.DUMMYFUNCTION("""COMPUTED_VALUE"""),2.0057863834398137) -> 2.0057864 | M44: =IFERROR(__xludf.DUMMYFUNCTION("""COMPUTED_VALUE"""),0.7807215275731441) -> 0.78072153 | N44: =IFERROR(__xludf.DUMMYFUNCTION("""COMPUTED_VALUE"""),16.1) -> 16.1 | O44: =IFERROR(__xludf.DUMMYFUNCTION("""COMPUTED_VALUE"""),1.5) -> 1.5 | P44: =IFERROR(__xludf.DUMMYFUNCTION("""COMPUTED_VALUE"""),7.4) -> 7.4 | Q44: =IFERROR(__xludf.DUMMYFUNCTION("""COMPUTED_VALUE"""),1.3) -> 1.3 | R44: =IFERROR(__xludf.DUMMYFUNCTION("""COMPUTED_VALUE"""),0.6) -> 0.6 | S44: =IFERROR(__xludf.DUMMYFUNCTION("""COMPUTED_VALUE"""),2.3) -> 2.3 | T44: =IFERROR(__xludf.DUMMYFUNCTION("""COMPUTED_VALUE"""),53.63636363636364) -> 53.636364 | U44: =IFERROR(__xludf.DUMMYFUNCTION("""COMPUTED_VALUE"""),78.37837837837837) -> 78.378378 | V44: =IFERROR(__xludf.DUMMYFUNCTION("""COMPUTED_VALUE"""),1.5) -> 1.5 | W44: =IFERROR(__xludf.DUMMYFUNCTION("""COMPUTED_VALUE"""),-0.19492884268196348) -> -0.19492884 | X44: =IFERROR(__xludf.DUMMYFUNCTION("""COMPUTED_VALUE"""),-0.12544463118008137) -> -0.12544463 | Y44: =IFERROR(__xludf.DUMMYFUNCTION("""COMPUTED_VALUE"""),0.5455511920542595) -> 0.54555119 | Z44: =IFERROR(__xludf.DUMMYFUNCTION("""COMPUTED_VALUE"""),-1.2975025954129054) -> -1.2975026 | AA44: =IFERROR(__xludf.DUMMYFUNCTION("""COMPUTED_VALUE"""),-0.860570275155411) -> -0.86057028 | AB44: =IFERROR(__xludf.DUMMYFUNCTION("""COMPUTED_VALUE"""),2.0993025568858714) -> 2.0993026 | AC44: =IFERROR(__xludf.DUMMYFUNCTION("""COMPUTED_VALUE"""),0.4436671632663111) -> 0.44366716 | AD44: =IFERROR(__xludf.DUMMYFUNCTION("""COMPUTED_VALUE"""),-0.055366252824036045) -> -0.055366253 | AE44: =IFERROR(__xludf.DUMMYFUNCTION("""COMPUTED_VALUE"""),0.1535754730748638) -> 0.15357547
A45: =IF(VLOOKUP(H45,'Paste #BBall'!$B$2:$N1001,3,)="BRO","BKN",IF(VLOOKUP(H45,'Paste #BBall'!$B$2:$N1001,3,)="OKL","OKC",VLOOKUP(H45,'Paste #BBall'!$B$2:$N1001,3,))) -> SAC | B45: =VLOOKUP($A45,Schedule!$C$2:$G$31,2,0) -> 4 | C45: =VLOOKUP($A45,Schedule!$C$2:$G$31,3,0) -> 3 | D45: =VLOOKUP($A45,Schedule!$C$2:$G$31,4,0) -> 4 | E45: =SUM(B45:D45) -> 11 | F45: 40 | G45: =IFERROR(__xludf.DUMMYFUNCTION("""COMPUTED_VALUE"""),38.0) -> 38 | H45: =IFERROR(__xludf.DUMMYFUNCTION("""COMPUTED_VALUE"""),"De'Aaron Fox") -> De'Aaron Fox | I45: =IFERROR(__xludf.DUMMYFUNCTION("""COMPUTED_VALUE"""),70.0) -> 70 | J45: =IFERROR(__xludf.DUMMYFUNCTION("""COMPUTED_VALUE"""),"PG") -> PG | K45: =IFERROR(__xludf.DUMMYFUNCTION("""COMPUTED_VALUE"""),1.2689275532907445) -> 1.2689276 | L45: =IFERROR(__xludf.DUMMYFUNCTION("""COMPUTED_VALUE"""),1.9994983030520739) -> 1.9994983 | M45: =IFERROR(__xludf.DUMMYFUNCTION("""COMPUTED_VALUE"""),0.7305707497613294) -> 0.73057075 | N45: =IFERROR(__xludf.DUMMYFUNCTION("""COMPUTED_VALUE"""),25.1) -> 25.1 | O45: =IFERROR(__xludf.DUMMYFUNCTION("""COMPUTED_VALUE"""),1.6) -> 1.6 | P45: =IFERROR(__xludf.DUMMYFUNCTION("""COMPUTED_VALUE"""),4.2) -> 4.2 | Q45: =IFERROR(__xludf.DUMMYFUNCTION("""COMPUTED_VALUE"""),6.1) -> 6.1 | R45: =IFERROR(__xludf.DUMMYFUNCTION("""COMPUTED_VALUE"""),1.2) -> 1.2 | S45: =IFERROR(__xludf.DUMMYFUNCTION("""COMPUTED_VALUE"""),0.4) -> 0.4 | T45: =IFERROR(__xludf.DUMMYFUNCTION("""COMPUTED_VALUE"""),49.73544973544974) -> 49.73545 | U45: =IFERROR(__xludf.DUMMYFUNCTION("""COMPUTED_VALUE"""),77.04918032786885) -> 77.04918 | V45: =IFERROR(__xludf.DUMMYFUNCTION("""COMPUTED_VALUE"""),2.7) -> 2.7 | W45: =IFERROR(__xludf.DUMMYFUNCTION("""COMPUTED_VALUE"""),1.3218085499442658) -> 1.3218086 | X45: =IFERROR(__xludf.DUMMYFUNCTION("""COMPUTED_VALUE"""),-0.03873175248417188) -> -0.038731752 | Y45: =IFERROR(__xludf.DUMMYFUNCTION("""COMPUTED_VALUE"""),-0.7925406433368716) -> -0.79254064 | Z45: =IFERROR(__xludf.DUMMYFUNCTION("""COMPUTED_VALUE"""),1.1506155091397456) -> 1.1506155 | AA45: =IFERROR(__xludf.DUMMYFUNCTION("""COMPUTED_VALUE"""),0.44772912964166556) -> 0.44772913 | AB45: =IFERROR(__xludf.DUMMYFUNCTION("""COMPUTED_VALUE"""),-0.39569839687757064) -> -0.3956984 | AC45: =IFERROR(__xludf.DUMMYFUNCTION("""COMPUTED_VALUE"""),0.025864908973892015) -> 0.025864909 | AD45: =IFERROR(__xludf.DUMMYFUNCTION("""COMPUTED_VALUE"""),-0.29311006238385734) -> -0.29311006 | AE45: =IFERROR(__xludf.DUMMYFUNCTION("""COMPUTED_VALUE"""),-0.2189795829018952) -> -0.21897958
A46: =IF(VLOOKUP(H46,'Paste #BBall'!$B$2:$N1001,3,)="BRO","BKN",IF(VLOOKUP(H46,'Paste #BBall'!$B$2:$N1001,3,)="OKL","OKC",VLOOKUP(H46,'Paste #BBall'!$B$2:$N1001,3,))) -> POR | B46: =VLOOKUP($A46,Schedule!$C$2:$G$31,2,0) -> 4 | C46: =VLOOKUP($A46,Schedule!$C$2:$G$31,3,0) -> 4 | D46: =VLOOKUP($A46,Schedule!$C$2:$G$31,4,0) -> 4 | E46: =SUM(B46:D46) -> 12 | F46: 41 | G46: =IFERROR(__xludf.DUMMYFUNCTION("""COMPUTED_VALUE"""),50.0) -> 50 | H46: =IFERROR(__xludf.DUMMYFUNCTION("""COMPUTED_VALUE"""),"Anfernee Simons") -> Anfernee Simons | I46: =IFERROR(__xludf.DUMMYFUNCTION("""COMPUTED_VALUE"""),65.0) -> 65 | J46: =IFERROR(__xludf.DUMMYFUNCTION("""COMPUTED_VALUE"""),"PG,SG") -> PG,SG | K46: =IFERROR(__xludf.DUMMYFUNCTION("""COMPUTED_VALUE"""),0.41968418169714083) -> 0.41968418 | L46: =IFERROR(__xludf.DUMMYFUNCTION("""COMPUTED_VALUE"""),1.9896988794779378) -> 1.9896989 | M46: =IFERROR(__xludf.DUMMYFUNCTION("""COMPUTED_VALUE"""),1.570014697780797) -> 1.5700147 | N46: =IFERROR(__xludf.DUMMYFUNCTION("""COMPUTED_VALUE"""),21.6) -> 21.6 | O46: =IFERROR(__xludf.DUMMYFUNCTION("""COMPUTED_VALUE"""),3.7) -> 3.7 | P46: =IFERROR(__xludf.DUMMYFUNCTION("""COMPUTED_VALUE"""),2.9) -> 2.9 | Q46: =IFERROR(__xludf.DUMMYFUNCTION("""COMPUTED_VALUE"""),5.4) -> 5.4 | R46: =IFERROR(__xludf.DUMMYFUNCTION("""COMPUTED_VALUE"""),0.7) -> 0.7 | S46: =IFERROR(__xludf.DUMMYFUNCTION("""COMPUTED_VALUE"""),0.2) -> 0.2 | T46: =IFERROR(__xludf.DUMMYFUNCTION("""COMPUTED_VALUE"""),44.37869822485207) -> 44.378698 | U46: =IFERROR(__xludf.DUMMYFUNCTION("""COMPUTED_VALUE"""),90.62499999999999) -> 90.625 | V46: =IFERROR(__xludf.DUMMYFUNCTION("""COMPUTED_VALUE"""),2.2) -> 2.2 | W46: =IFERROR(__xludf.DUMMYFUNCTION("""COMPUTED_VALUE"""),0.7319662305896211) -> 0.73196623 | X46: =IFERROR(__xludf.DUMMYFUNCTION("""COMPUTED_VALUE"""),1.7822387001299258) -> 1.7822387 | Y46: =IFERROR(__xludf.DUMMYFUNCTION("""COMPUTED_VALUE"""),-1.3361404514645185) -> -1.3361405 | Z46: =IFERROR(__xludf.DUMMYFUNCTION("""COMPUTED_VALUE"""),0.7935982855591509) -> 0.79359829 | AA46: =IFERROR(__xludf.DUMMYFUNCTION("""COMPUTED_VALUE"""),-0.6425203743558983) -> -0.64252037 | AB46: =IFERROR(__xludf.DUMMYFUNCTION("""COMPUTED_VALUE"""),-0.6583300762210907) -> -0.65833008 | AC46: =IFERROR(__xludf.DUMMYFUNCTION("""COMPUTED_VALUE"""),-0.8811356448885229) -> -0.88113564 | AD46: =IFERROR(__xludf.DUMMYFUNCTION("""COMPUTED_VALUE"""),0.9276300682429975) -> 0.92763007 | AE46: =IFERROR(__xludf.DUMMYFUNCTION("""COMPUTED_VALUE"""),-0.06374830957824563) -> -0.06374831
A47: =IF(VLOOKUP(H47,'Paste #BBall'!$B$2:$N1001,3,)="BRO","BKN",IF(VLOOKUP(H47,'Paste #BBall'!$B$2:$N1001,3,)="OKL","OKC",VLOOKUP(H47,'Paste #BBall'!$B$2:$N1001,3,))) -> PHI | B47: =VLOOKUP($A47,Schedule!$C$2:$G$31,2,0) -> 4 | C47: =VLOOKUP($A47,Schedule!$C$2:$G$31,3,0) -> 3 | D47: =VLOOKUP($A47,Schedule!$C$2:$G$31,4,0) -> 4 | E47: =SUM(B47:D47) -> 11 | F47: 42 | G47: =IFERROR(__xludf.DUMMYFUNCTION("""COMPUTED_VALUE"""),52.0) -> 52 | H47: =IFERROR(__xludf.DUMMYFUNCTION("""COMPUTED_VALUE"""),"Tyrese Maxey") -> Tyrese Maxey | I47: =IFERROR(__xludf.DUMMYFUNCTION("""COMPUTED_VALUE"""),70.0) -> 70 | J47: =IFERROR(__xludf.DUMMYFUNCTION("""COMPUTED_VALUE"""),"PG,SG") -> PG,SG | K47: =IFERROR(__xludf.DUMMYFUNCTION("""COMPUTED_VALUE"""),0.3024381591671205) -> 0.30243816 | L47: =IFERROR(__xludf.DUMMYFUNCTION("""COMPUTED_VALUE"""),1.8548911679466045) -> 1.8548912 | M47: =IFERROR(__xludf.DUMMYFUNCTION("""COMPUTED_VALUE"""),1.552453008779484) -> 1.552453 | N47: =IFERROR(__xludf.DUMMYFUNCTION("""COMPUTED_VALUE"""),21.5) -> 21.5 | O47: =IFERROR(__xludf.DUMMYFUNCTION("""COMPUTED_VALUE"""),2.9) -> 2.9 | P47: =IFERROR(__xludf.DUMMYFUNCTION("""COMPUTED_VALUE"""),3.3) -> 3.3 | Q47: =IFERROR(__xludf.DUMMYFUNCTION("""COMPUTED_VALUE"""),4.4) -> 4.4 | R47: =IFERROR(__xludf.DUMMYFUNCTION("""COMPUTED_VALUE"""),0.8) -> 0.8 | S47: =IFERROR(__xludf.DUMMYFUNCTION("""COMPUTED_VALUE"""),0.3) -> 0.3 | T47: =IFERROR(__xludf.DUMMYFUNCTION("""COMPUTED_VALUE"""),48.75) -> 48.75 | U47: =IFERROR(__xludf.DUMMYFUNCTION("""COMPUTED_VALUE"""),86.11111111111111) -> 86.111111 | V47: =IFERROR(__xludf.DUMMYFUNCTION("""COMPUTED_VALUE"""),1.3) -> 1.3 | W47: =IFERROR(__xludf.DUMMYFUNCTION("""COMPUTED_VALUE"""),0.7151135928937739) -> 0.71511359 | X47: =IFERROR(__xludf.DUMMYFUNCTION("""COMPUTED_VALUE"""),1.0885356705626503) -> 1.0885357 | Y47: =IFERROR(__xludf.DUMMYFUNCTION("""COMPUTED_VALUE"""),-1.1688789720406272) -> -1.168879 | Z47: =IFERROR(__xludf.DUMMYFUNCTION("""COMPUTED_VALUE"""),0.28357368044401526) -> 0.28357368 | AA47: =IFERROR(__xludf.DUMMYFUNCTION("""COMPUTED_VALUE"""),-0.42447047355638534) -> -0.42447047 | AB47: =IFERROR(__xludf.DUMMYFUNCTION("""COMPUTED_VALUE"""),-0.5270142365493308) -> -0.52701424 | AC47: =IFERROR(__xludf.DUMMYFUNCTION("""COMPUTED_VALUE"""),-0.13559678537091868) -> -0.13559679 | AD47: =IFERROR(__xludf.DUMMYFUNCTION("""COMPUTED_VALUE"""),0.6390817371184762) -> 0.63908174 | AE47: =IFERROR(__xludf.DUMMYFUNCTION("""COMPUTED_VALUE"""),0.2156679824043236) -> 0.21566798
A48: =IF(VLOOKUP(H48,'Paste #BBall'!$B$2:$N1001,3,)="BRO","BKN",IF(VLOOKUP(H48,'Paste #BBall'!$B$2:$N1001,3,)="OKL","OKC",VLOOKUP(H48,'Paste #BBall'!$B$2:$N1001,3,))) -> MEM | B48: =VLOOKUP($A48,Schedule!$C$2:$G$31,2,0) -> 4 | C48: =VLOOKUP($A48,Schedule!$C$2:$G$31,3,0) -> 3 | D48: =VLOOKUP($A48,Schedule!$C$2:$G$31,4,0) -> 3 | E48: =SUM(B48:D48) -> 10 | F48: 43 | G48: =IFERROR(__xludf.DUMMYFUNCTION("""COMPUTED_VALUE"""),42.0) -> 42 | H48: =IFERROR(__xludf.DUMMYFUNCTION("""COMPUTED_VALUE"""),"Ja Morant") -> Ja Morant | I48: =IFERROR(__xludf.DUMMYFUNCTION("""COMPUTED_VALUE"""),48.0) -> 48 | J48: =IFERROR(__xludf.DUMMYFUNCTION("""COMPUTED_VALUE"""),"PG") -> PG | K48: =IFERROR(__xludf.DUMMYFUNCTION("""COMPUTED_VALUE"""),1.03921344977379) -> 1.0392135 | L48: =IFERROR(__xludf.DUMMYFUNCTION("""COMPUTED_VALUE"""),1.8173978255932877) -> 1.8173978 | M48: =IFERROR(__xludf.DUMMYFUNCTION("""COMPUTED_VALUE"""),0.7781843758194977) -> 0.77818438 | N48: =IFERROR(__xludf.DUMMYFUNCTION("""COMPUTED_VALUE"""),26.5) -> 26.5 | O48: =IFERROR(__xludf.DUMMYFUNCTION("""COMPUTED_VALUE"""),1.5) -> 1.5 | P48: =IFERROR(__xludf.DUMMYFUNCTION("""COMPUTED_VALUE"""),5.8) -> 5.8 | Q48: =IFERROR(__xludf.DUMMYFUNCTION("""COMPUTED_VALUE"""),7.1) -> 7.1 | R48: =IFERROR(__xludf.DUMMYFUNCTION("""COMPUTED_VALUE"""),1.1) -> 1.1 | S48: =IFERROR(__xludf.DUMMYFUNCTION("""COMPUTED_VALUE"""),0.3) -> 0.3 | T48: =IFERROR(__xludf.DUMMYFUNCTION("""COMPUTED_VALUE"""),47.524752475247524) -> 47.524752 | U48: =IFERROR(__xludf.DUMMYFUNCTION("""COMPUTED_VALUE"""),75.32467532467531) -> 75.324675 | V48: =IFERROR(__xludf.DUMMYFUNCTION("""COMPUTED_VALUE"""),3.4) -> 3.4 | W48: =IFERROR(__xludf.DUMMYFUNCTION("""COMPUTED_VALUE"""),1.5577454776861235) -> 1.5577455 | X48: =IFERROR(__xludf.DUMMYFUNCTION("""COMPUTED_VALUE"""),-0.12544463118008137) -> -0.12544463 | Y48: =IFERROR(__xludf.DUMMYFUNCTION("""COMPUTED_VALUE"""),-0.12349472564130623) -> -0.12349473 | Z48: =IFERROR(__xludf.DUMMYFUNCTION("""COMPUTED_VALUE"""),1.6606401142548812) -> 1.6606401 | AA48: =IFERROR(__xludf.DUMMYFUNCTION("""COMPUTED_VALUE"""),0.22967922884215308) -> 0.22967923 | AB48: =IFERROR(__xludf.DUMMYFUNCTION("""COMPUTED_VALUE"""),-0.5270142365493308) -> -0.52701424 | AC48: =IFERROR(__xludf.DUMMYFUNCTION("""COMPUTED_VALUE"""),-0.4184100362641475) -> -0.41841004 | AD48: =IFERROR(__xludf.DUMMYFUNCTION("""COMPUTED_VALUE"""),-0.7005302982882942) -> -0.7005303 | AE48: =IFERROR(__xludf.DUMMYFUNCTION("""COMPUTED_VALUE"""),-0.4363033655550045) -> -0.43630337
A49: =IF(VLOOKUP(H49,'Paste #BBall'!$B$2:$N1001,3,)="BRO","BKN",IF(VLOOKUP(H49,'Paste #BBall'!$B$2:$N1001,3,)="OKL","OKC",VLOOKUP(H49,'Paste #BBall'!$B$2:$N1001,3,))) -> NY | B49: =VLOOKUP($A49,Schedule!$C$2:$G$31,2,0) -> 3 | C49: =VLOOKUP($A49,Schedule!$C$2:$G$31,3,0) -> 3 | D49: =VLOOKUP($A49,Schedule!$C$2:$G$31,4,0) -> 3 | E49: =SUM(B49:D49) -> 9 | F49: 44 | G49: =IFERROR(__xludf.DUMMYFUNCTION("""COMPUTED_VALUE"""),46.0) -> 46 | H49: =IFERROR(__xludf.DUMMYFUNCTION("""COMPUTED_VALUE"""),"Julius Randle") -> Julius Randle | I49: =IFERROR(__xludf.DUMMYFUNCTION("""COMPUTED_VALUE"""),74.0) -> 74 | J49: =IFERROR(__xludf.DUMMYFUNCTION("""COMPUTED_VALUE"""),"PF") -> PF | K49: =IFERROR(__xludf.DUMMYFUNCTION("""COMPUTED_VALUE"""),0.7168108727800732) -> 0.71681087 | L49: =IFERROR(__xludf.DUMMYFUNCTION("""COMPUTED_VALUE"""),1.7698731885705303) -> 1.7698732 | M49: =IFERROR(__xludf.DUMMYFUNCTION("""COMPUTED_VALUE"""),1.053062315790457) -> 1.0530623 | N49: =IFERROR(__xludf.DUMMYFUNCTION("""COMPUTED_VALUE"""),22.9) -> 22.9 | O49: =IFERROR(__xludf.DUMMYFUNCTION("""COMPUTED_VALUE"""),2.3) -> 2.3 | P49: =IFERROR(__xludf.DUMMYFUNCTION("""COMPUTED_VALUE"""),10.0) -> 10 | Q49: =IFERROR(__xludf.DUMMYFUNCTION("""COMPUTED_VALUE"""),4.7) -> 4.7 | R49: =IFERROR(__xludf.DUMMYFUNCTION("""COMPUTED_VALUE"""),0.7) -> 0.7 | S49: =IFERROR(__xludf.DUMMYFUNCTION("""COMPUTED_VALUE"""),0.4) -> 0.4 | T49: =IFERROR(__xludf.DUMMYFUNCTION("""COMPUTED_VALUE"""),45.142857142857146) -> 45.142857 | U49: =IFERROR(__xludf.DUMMYFUNCTION("""COMPUTED_VALUE"""),76.19047619047619) -> 76.190476 | V49: =IFERROR(__xludf.DUMMYFUNCTION("""COMPUTED_VALUE"""),3.1) -> 3.1 | W49: =IFERROR(__xludf.DUMMYFUNCTION("""COMPUTED_VALUE"""),0.9510505206356314) -> 0.95105052 | X49: =IFERROR(__xludf.DUMMYFUNCTION("""COMPUTED_VALUE"""),0.5682583983871938) -> 0.5682584 | Y49: =IFERROR(__xludf.DUMMYFUNCTION("""COMPUTED_VALUE"""),1.6327508083095532) -> 1.6327508 | Z49: =IFERROR(__xludf.DUMMYFUNCTION("""COMPUTED_VALUE"""),0.4365810619785559) -> 0.43658106 | AA49: =IFERROR(__xludf.DUMMYFUNCTION("""COMPUTED_VALUE"""),-0.6425203743558983) -> -0.64252037 | AB49: =IFERROR(__xludf.DUMMYFUNCTION("""COMPUTED_VALUE"""),-0.39569839687757064) -> -0.3956984 | AC49: =IFERROR(__xludf.DUMMYFUNCTION("""COMPUTED_VALUE"""),-0.7788425336981692) -> -0.77884253 | AD49: =IFERROR(__xludf.DUMMYFUNCTION("""COMPUTED_VALUE"""),-0.43738422794612053) -> -0.43738423 | AE49: =IFERROR(__xludf.DUMMYFUNCTION("""COMPUTED_VALUE"""),-0.3431646015608148) -> -0.3431646
A50: =IF(VLOOKUP(H50,'Paste #BBall'!$B$2:$N1001,3,)="BRO","BKN",IF(VLOOKUP(H50,'Paste #BBall'!$B$2:$N1001,3,)="OKL","OKC",VLOOKUP(H50,'Paste #BBall'!$B$2:$N1001,3,))) -> NO | B50: =VLOOKUP($A50,Schedule!$C$2:$G$31,2,0) -> 3 | C50: =VLOOKUP($A50,Schedule!$C$2:$G$31,3,0) -> 3 | D50: =VLOOKUP($A50,Schedule!$C$2:$G$31,4,0) -> 4 | E50: =SUM(B50:D50) -> 10 | F50: 45 | G50: =IFERROR(__xludf.DUMMYFUNCTION("""COMPUTED_VALUE"""),66.0) -> 66 | H50: =IFERROR(__xludf.DUMMYFUNCTION("""COMPUTED_VALUE"""),"Zion Williamson") -> Zion Williamson | I50: =IFERROR(__xludf.DUMMYFUNCTION("""COMPUTED_VALUE"""),52.0) -> 52 | J50: =IFERROR(__xludf.DUMMYFUNCTION("""COMPUTED_VALUE"""),"PF,C") -> PF,C | K50: =IFERROR(__xludf.DUMMYFUNCTION("""COMPUTED_VALUE"""),-0.1812825818664714) -> -0.18128258 | L50: =IFERROR(__xludf.DUMMYFUNCTION("""COMPUTED_VALUE"""),1.7548827075835067) -> 1.7548827 | M50: =IFERROR(__xludf.DUMMYFUNCTION("""COMPUTED_VALUE"""),1.9361652894499781) -> 1.9361653 | N50: =IFERROR(__xludf.DUMMYFUNCTION("""COMPUTED_VALUE"""),25.3) -> 25.3 | O50: =IFERROR(__xludf.DUMMYFUNCTION("""COMPUTED_VALUE"""),0.2) -> 0.2 | P50: =IFERROR(__xludf.DUMMYFUNCTION("""COMPUTED_VALUE"""),6.8) -> 6.8 | Q50: =IFERROR(__xludf.DUMMYFUNCTION("""COMPUTED_VALUE"""),4.5) -> 4.5 | R50: =IFERROR(__xludf.DUMMYFUNCTION("""COMPUTED_VALUE"""),1.0) -> 1 | S50: =IFERROR(__xludf.DUMMYFUNCTION("""COMPUTED_VALUE"""),0.5) -> 0.5 | T50: =IFERROR(__xludf.DUMMYFUNCTION("""COMPUTED_VALUE"""),60.37735849056604) -> 60.377358 | U50: =IFERROR(__xludf.DUMMYFUNCTION("""COMPUTED_VALUE"""),70.23809523809524) -> 70.238095 | V50: =IFERROR(__xludf.DUMMYFUNCTION("""COMPUTED_VALUE"""),3.4) -> 3.4 | W50: =IFERROR(__xludf.DUMMYFUNCTION("""COMPUTED_VALUE"""),1.3555138253359595) -> 1.3555138 | X50: =IFERROR(__xludf.DUMMYFUNCTION("""COMPUTED_VALUE"""),-1.252712054226904) -> -1.2527121 | Y50: =IFERROR(__xludf.DUMMYFUNCTION("""COMPUTED_VALUE"""),0.2946589729184222) -> 0.29465897 | Z50: =IFERROR(__xludf.DUMMYFUNCTION("""COMPUTED_VALUE"""),0.3345761409555286) -> 0.33457614 | AA50: =IFERROR(__xludf.DUMMYFUNCTION("""COMPUTED_VALUE"""),0.011629328042640127) -> 0.011629328 | AB50: =IFERROR(__xludf.DUMMYFUNCTION("""COMPUTED_VALUE"""),-0.2643825572058105) -> -0.26438256 | AC50: =IFERROR(__xludf.DUMMYFUNCTION("""COMPUTED_VALUE"""),1.7119024173186752) -> 1.7119024 | AD50: =IFERROR(__xludf.DUMMYFUNCTION("""COMPUTED_VALUE"""),-1.8278007849175868) -> -1.8278008 | AE50: =IFERROR(__xludf.DUMMYFUNCTION("""COMPUTED_VALUE"""),-0.4363033655550045) -> -0.43630337
A51: =IF(VLOOKUP(H51,'Paste #BBall'!$B$2:$N1001,3,)="BRO","BKN",IF(VLOOKUP(H51,'Paste #BBall'!$B$2:$N1001,3,)="OKL","OKC",VLOOKUP(H51,'Paste #BBall'!$B$2:$N1001,3,))) -> CHI | B51: =VLOOKUP($A51,Schedule!$C$2:$G$31,2,0) -> 4 | C51: =VLOOKUP($A51,Schedule!$C$2:$G$31,3,0) -> 4 | D51: =VLOOKUP($A51,Schedule!$C$2:$G$31,4,0) -> 3 | E51: =SUM(B51:D51) -> 11 | F51: 46 | G51: =IFERROR(__xludf.DUMMYFUNCTION("""COMPUTED_VALUE"""),45.0) -> 45 | H51: =IFERROR(__xludf.DUMMYFUNCTION("""COMPUTED_VALUE"""),"Nikola Vucevic") -> Nikola Vucevic | I51: =IFERROR(__xludf.DUMMYFUNCTION("""COMPUTED_VALUE"""),74.0) -> 74 | J51: =IFERROR(__xludf.DUMMYFUNCTION("""COMPUTED_VALUE"""),"C") -> C | K51: =IFERROR(__xludf.DUMMYFUNCTION("""COMPUTED_VALUE"""),0.804530549852021) -> 0.80453055 | L51: =IFERROR(__xludf.DUMMYFUNCTION("""COMPUTED_VALUE"""),1.7345139937979592) -> 1.734514 | M51: =IFERROR(__xludf.DUMMYFUNCTION("""COMPUTED_VALUE"""),0.9299834439459382) -> 0.92998344 | N51: =IFERROR(__xludf.DUMMYFUNCTION("""COMPUTED_VALUE"""),17.4) -> 17.4 | O51: =IFERROR(__xludf.DUMMYFUNCTION("""COMPUTED_VALUE"""),1.5) -> 1.5 | P51: =IFERROR(__xludf.DUMMYFUNCTION("""COMPUTED_VALUE"""),11.0) -> 11 | Q51: =IFERROR(__xludf.DUMMYFUNCTION("""COMPUTED_VALUE"""),3.2) -> 3.2 | R51: =IFERROR(__xludf.DUMMYFUNCTION("""COMPUTED_VALUE"""),0.7) -> 0.7 | S51: =IFERROR(__xludf.DUMMYFUNCTION("""COMPUTED_VALUE"""),0.7) -> 0.7 | T51: =IFERROR(__xludf.DUMMYFUNCTION("""COMPUTED_VALUE"""),48.648648648648646) -> 48.648649 | U51: =IFERROR(__xludf.DUMMYFUNCTION("""COMPUTED_VALUE"""),83.33333333333333) -> 83.333333 | V51: =IFERROR(__xludf.DUMMYFUNCTION("""COMPUTED_VALUE"""),1.8) -> 1.8 | W51: =IFERROR(__xludf.DUMMYFUNCTION("""COMPUTED_VALUE"""),0.02415544736404694) -> 0.024155447 | X51: =IFERROR(__xludf.DUMMYFUNCTION("""COMPUTED_VALUE"""),-0.12544463118008137) -> -0.12544463 | Y51: =IFERROR(__xludf.DUMMYFUNCTION("""COMPUTED_VALUE"""),2.0509045068692817) -> 2.0509045 | Z51: =IFERROR(__xludf.DUMMYFUNCTION("""COMPUTED_VALUE"""),-0.32845584569414765) -> -0.32845585 | AA51: =IFERROR(__xludf.DUMMYFUNCTION("""COMPUTED_VALUE"""),-0.6425203743558983) -> -0.64252037 | AB51: =IFERROR(__xludf.DUMMYFUNCTION("""COMPUTED_VALUE"""),-0.0017508778622903794) -> -0.0017508779 | AC51: =IFERROR(__xludf.DUMMYFUNCTION("""COMPUTED_VALUE"""),-0.14041000190648567) -> -0.14041 | AD51: =IFERROR(__xludf.DUMMYFUNCTION("""COMPUTED_VALUE"""),0.19507868712696136) -> 0.19507869 | AE51: =IFERROR(__xludf.DUMMYFUNCTION("""COMPUTED_VALUE"""),0.06043670908067405) -> 0.060436709
A52: =IF(VLOOKUP(H52,'Paste #BBall'!$B$2:$N1001,3,)="BRO","BKN",IF(VLOOKUP(H52,'Paste #BBall'!$B$2:$N1001,3,)="OKL","OKC",VLOOKUP(H52,'Paste #BBall'!$B$2:$N1001,3,))) -> CHI | B52: =VLOOKUP($A52,Schedule!$C$2:$G$31,2,0) -> 4 | C52: =VLOOKUP($A52,Schedule!$C$2:$G$31,3,0) -> 4 | D52: =VLOOKUP($A52,Schedule!$C$2:$G$31,4,0) -> 3 | E52: =SUM(B52:D52) -> 11 | F52: 47 | G52: =IFERROR(__xludf.DUMMYFUNCTION("""COMPUTED_VALUE"""),44.0) -> 44 | H52: =IFERROR(__xludf.DUMMYFUNCTION("""COMPUTED_VALUE"""),"Zach LaVine") -> Zach LaVine | I52: =IFERROR(__xludf.DUMMYFUNCTION("""COMPUTED_VALUE"""),74.0) -> 74 | J52: =IFERROR(__xludf.DUMMYFUNCTION("""COMPUTED_VALUE"""),"SG,SF") -> SG,SF | K52: =IFERROR(__xludf.DUMMYFUNCTION("""COMPUTED_VALUE"""),0.9167348261884019) -> 0.91673483 | L52: =IFERROR(__xludf.DUMMYFUNCTION("""COMPUTED_VALUE"""),1.62531928705058) -> 1.6253193 | M52: =IFERROR(__xludf.DUMMYFUNCTION("""COMPUTED_VALUE"""),0.7085844608621781) -> 0.70858446 | N52: =IFERROR(__xludf.DUMMYFUNCTION("""COMPUTED_VALUE"""),24.9) -> 24.9 | O52: =IFERROR(__xludf.DUMMYFUNCTION("""COMPUTED_VALUE"""),2.6) -> 2.6 | P52: =IFERROR(__xludf.DUMMYFUNCTION("""COMPUTED_VALUE"""),4.4) -> 4.4 | Q52: =IFERROR(__xludf.DUMMYFUNCTION("""COMPUTED_VALUE"""),4.3) -> 4.3 | R52: =IFERROR(__xludf.DUMMYFUNCTION("""COMPUTED_VALUE"""),0.8) -> 0.8 | S52: =IFERROR(__xludf.DUMMYFUNCTION("""COMPUTED_VALUE"""),0.3) -> 0.3 | T52: =IFERROR(__xludf.DUMMYFUNCTION("""COMPUTED_VALUE"""),47.802197802197796) -> 47.802198 | U52: =IFERROR(__xludf.DUMMYFUNCTION("""COMPUTED_VALUE"""),84.21052631578947) -> 84.210526 | V52: =IFERROR(__xludf.DUMMYFUNCTION("""COMPUTED_VALUE"""),2.6) -> 2.6 | W52: =IFERROR(__xludf.DUMMYFUNCTION("""COMPUTED_VALUE"""),1.2881032745525713) -> 1.2881033 | X52: =IFERROR(__xludf.DUMMYFUNCTION("""COMPUTED_VALUE"""),0.8283970344749224) -> 0.82839703 | Y52: =IFERROR(__xludf.DUMMYFUNCTION("""COMPUTED_VALUE"""),-0.7089099036249258) -> -0.7089099 | Z52: =IFERROR(__xludf.DUMMYFUNCTION("""COMPUTED_VALUE"""),0.2325712199325014) -> 0.23257122 | AA52: =IFERROR(__xludf.DUMMYFUNCTION("""COMPUTED_VALUE"""),-0.42447047355638534) -> -0.42447047 | AB52: =IFERROR(__xludf.DUMMYFUNCTION("""COMPUTED_VALUE"""),-0.5270142365493308) -> -0.52701424 | AC52: =IFERROR(__xludf.DUMMYFUNCTION("""COMPUTED_VALUE"""),-0.32654556090085485) -> -0.32654556 | AD52: =IFERROR(__xludf.DUMMYFUNCTION("""COMPUTED_VALUE"""),0.7422113573343209) -> 0.74221136 | AE52: =IFERROR(__xludf.DUMMYFUNCTION("""COMPUTED_VALUE"""),-0.18793332823716524) -> -0.18793333
A53: =IF(VLOOKUP(H53,'Paste #BBall'!$B$2:$N1001,3,)="BRO","BKN",IF(VLOOKUP(H53,'Paste #BBall'!$B$2:$N1001,3,)="OKL","OKC",VLOOKUP(H53,'Paste #BBall'!$B$2:$N1001,3,))) -> TOR | B53: =VLOOKUP($A53,Schedule!$C$2:$G$31,2,0) -> 3 | C53: =VLOOKUP($A53,Schedule!$C$2:$G$31,3,0) -> 4 | D53: =VLOOKUP($A53,Schedule!$C$2:$G$31,4,0) -> 3 | E53: =SUM(B53:D53) -> 10 | F53: 48 | G53: =IFERROR(__xludf.DUMMYFUNCTION("""COMPUTED_VALUE"""),43.0) -> 43 | H53: =IFERROR(__xludf.DUMMYFUNCTION("""COMPUTED_VALUE"""),"Pascal Siakam") -> Pascal Siakam | I53: =IFERROR(__xludf.DUMMYFUNCTION("""COMPUTED_VALUE"""),70.0) -> 70 | J53: =IFERROR(__xludf.DUMMYFUNCTION("""COMPUTED_VALUE"""),"PF,C") -> PF,C | K53: =IFERROR(__xludf.DUMMYFUNCTION("""COMPUTED_VALUE"""),0.9813544754951018) -> 0.98135448 | L53: =IFERROR(__xludf.DUMMYFUNCTION("""COMPUTED_VALUE"""),1.5653361394165863) -> 1.5653361 | M53: =IFERROR(__xludf.DUMMYFUNCTION("""COMPUTED_VALUE"""),0.5839816639214845) -> 0.58398166 | N53: =IFERROR(__xludf.DUMMYFUNCTION("""COMPUTED_VALUE"""),22.1) -> 22.1 | O53: =IFERROR(__xludf.DUMMYFUNCTION("""COMPUTED_VALUE"""),1.2) -> 1.2 | P53: =IFERROR(__xludf.DUMMYFUNCTION("""COMPUTED_VALUE"""),7.8) -> 7.8 | Q53: =IFERROR(__xludf.DUMMYFUNCTION("""COMPUTED_VALUE"""),5.7) -> 5.7 | R53: =IFERROR(__xludf.DUMMYFUNCTION("""COMPUTED_VALUE"""),1.0) -> 1 | S53: =IFERROR(__xludf.DUMMYFUNCTION("""COMPUTED_VALUE"""),0.5) -> 0.5 | T53: =IFERROR(__xludf.DUMMYFUNCTION("""COMPUTED_VALUE"""),47.67441860465116) -> 47.674419 | U53: =IFERROR(__xludf.DUMMYFUNCTION("""COMPUTED_VALUE"""),77.58620689655173) -> 77.586207 | V53: =IFERROR(__xludf.DUMMYFUNCTION("""COMPUTED_VALUE"""),2.4) -> 2.4 | W53: =IFERROR(__xludf.DUMMYFUNCTION("""COMPUTED_VALUE"""),0.816229419068856) -> 0.81622942 | X53: =IFERROR(__xludf.DUMMYFUNCTION("""COMPUTED_VALUE"""),-0.38558326726780967) -> -0.38558327 | Y53: =IFERROR(__xludf.DUMMYFUNCTION("""COMPUTED_VALUE"""),0.7128126714781506) -> 0.71281267 | Z53: =IFERROR(__xludf.DUMMYFUNCTION("""COMPUTED_VALUE"""),0.9466056670936915) -> 0.94660567 | AA53: =IFERROR(__xludf.DUMMYFUNCTION("""COMPUTED_VALUE"""),0.011629328042640127) -> 0.011629328 | AB53: =IFERROR(__xludf.DUMMYFUNCTION("""COMPUTED_VALUE"""),-0.2643825572058105) -> -0.26438256 | AC53: =IFERROR(__xludf.DUMMYFUNCTION("""COMPUTED_VALUE"""),-0.33055657468049393) -> -0.33055657 | AD53: =IFERROR(__xludf.DUMMYFUNCTION("""COMPUTED_VALUE"""),-0.2011609954727426) -> -0.201161 | AE53: =IFERROR(__xludf.DUMMYFUNCTION("""COMPUTED_VALUE"""),-0.12584081890770538) -> -0.12584082
A54: =IF(VLOOKUP(H54,'Paste #BBall'!$B$2:$N1001,3,)="BRO","BKN",IF(VLOOKUP(H54,'Paste #BBall'!$B$2:$N1001,3,)="OKL","OKC",VLOOKUP(H54,'Paste #BBall'!$B$2:$N1001,3,))) -> CLE | B54: =VLOOKUP($A54,Schedule!$C$2:$G$31,2,0) -> 4 | C54: =VLOOKUP($A54,Schedule!$C$2:$G$31,3,0) -> 3 | D54: =VLOOKUP($A54,Schedule!$C$2:$G$31,4,0) -> 4 | E54: =SUM(B54:D54) -> 11 | F54: 49 | G54: =IFERROR(__xludf.DUMMYFUNCTION("""COMPUTED_VALUE"""),49.0) -> 49 | H54: =IFERROR(__xludf.DUMMYFUNCTION("""COMPUTED_VALUE"""),"Evan Mobley") -> Evan Mobley | I54: =IFERROR(__xludf.DUMMYFUNCTION("""COMPUTED_VALUE"""),76.0) -> 76 | J54: =IFERROR(__xludf.DUMMYFUNCTION("""COMPUTED_VALUE"""),"PF,C") -> PF,C | K54: =IFERROR(__xludf.DUMMYFUNCTION("""COMPUTED_VALUE"""),0.52592544364058) -> 0.52592544 | L54: =IFERROR(__xludf.DUMMYFUNCTION("""COMPUTED_VALUE"""),1.5413991401364808) -> 1.5413991 | M54: =IFERROR(__xludf.DUMMYFUNCTION("""COMPUTED_VALUE"""),1.0154736964959008) -> 1.0154737 | N54: =IFERROR(__xludf.DUMMYFUNCTION("""COMPUTED_VALUE"""),17.2) -> 17.2 | O54: =IFERROR(__xludf.DUMMYFUNCTION("""COMPUTED_VALUE"""),0.3) -> 0.3 | P54: =IFERROR(__xludf.DUMMYFUNCTION("""COMPUTED_VALUE"""),9.3) -> 9.3 | Q54: =IFERROR(__xludf.DUMMYFUNCTION("""COMPUTED_VALUE"""),2.9) -> 2.9 | R54: =IFERROR(__xludf.DUMMYFUNCTION("""COMPUTED_VALUE"""),0.9) -> 0.9 | S54: =IFERROR(__xludf.DUMMYFUNCTION("""COMPUTED_VALUE"""),1.7) -> 1.7 | T54: =IFERROR(__xludf.DUMMYFUNCTION("""COMPUTED_VALUE"""),55.03875968992248) -> 55.03876 | U54: =IFERROR(__xludf.DUMMYFUNCTION("""COMPUTED_VALUE"""),67.5) -> 67.5 | V54: =IFERROR(__xludf.DUMMYFUNCTION("""COMPUTED_VALUE"""),1.9) -> 1.9 | W54: =IFERROR(__xludf.DUMMYFUNCTION("""COMPUTED_VALUE"""),-0.009549828027646924) -> -0.009549828 | X54: =IFERROR(__xludf.DUMMYFUNCTION("""COMPUTED_VALUE"""),-1.1659991755309944) -> -1.1659992 | Y54: =IFERROR(__xludf.DUMMYFUNCTION("""COMPUTED_VALUE"""),1.3400432193177436) -> 1.3400432 | Z54: =IFERROR(__xludf.DUMMYFUNCTION("""COMPUTED_VALUE"""),-0.48146322722868856) -> -0.48146323 | AA54: =IFERROR(__xludf.DUMMYFUNCTION("""COMPUTED_VALUE"""),-0.2064205727568726) -> -0.20642057 | AB54: =IFERROR(__xludf.DUMMYFUNCTION("""COMPUTED_VALUE"""),1.3114075188553107) -> 1.3114075 | AC54: =IFERROR(__xludf.DUMMYFUNCTION("""COMPUTED_VALUE"""),0.7010043467540514) -> 0.70100435 | AD54: =IFERROR(__xludf.DUMMYFUNCTION("""COMPUTED_VALUE"""),-1.143012771193361) -> -1.1430128 | AE54: =IFERROR(__xludf.DUMMYFUNCTION("""COMPUTED_VALUE"""),0.029390454415944182) -> 0.029390454
A55: =IF(VLOOKUP(H55,'Paste #BBall'!$B$2:$N1001,3,)="BRO","BKN",IF(VLOOKUP(H55,'Paste #BBall'!$B$2:$N1001,3,)="OKL","OKC",VLOOKUP(H55,'Paste #BBall'!$B$2:$N1001,3,))) -> WAS | B55: =VLOOKUP($A55,Schedule!$C$2:$G$31,2,0) -> 4 | C55: =VLOOKUP($A55,Schedule!$C$2:$G$31,3,0) -> 4 | D55: =VLOOKUP($A55,Schedule!$C$2:$G$31,4,0) -> 3 | E55: =SUM(B55:D55) -> 11 | F55: 50 | G55: =IFERROR(__xludf.DUMMYFUNCTION("""COMPUTED_VALUE"""),48.0) -> 48 | H55: =IFERROR(__xludf.DUMMYFUNCTION("""COMPUTED_VALUE"""),"Jordan Poole") -> Jordan Poole | I55: =IFERROR(__xludf.DUMMYFUNCTION("""COMPUTED_VALUE"""),78.0) -> 78 | J55: =IFERROR(__xludf.DUMMYFUNCTION("""COMPUTED_VALUE"""),"PG,SG") -> PG,SG | K55: =IFERROR(__xludf.DUMMYFUNCTION("""COMPUTED_VALUE"""),0.6625176306904432) -> 0.66251763 | L55: =IFERROR(__xludf.DUMMYFUNCTION("""COMPUTED_VALUE"""),1.4741687484064105) -> 1.4741687 | M55: =IFERROR(__xludf.DUMMYFUNCTION("""COMPUTED_VALUE"""),0.8116511177159673) -> 0.81165112 | N55: =IFERROR(__xludf.DUMMYFUNCTION("""COMPUTED_VALUE"""),22.0) -> 22 | O55: =IFERROR(__xludf.DUMMYFUNCTION("""COMPUTED_VALUE"""),3.0) -> 3 | P55: =IFERROR(__xludf.DUMMYFUNCTION("""COMPUTED_VALUE"""),3.5) -> 3.5 | Q55: =IFERROR(__xludf.DUMMYFUNCTION("""COMPUTED_VALUE"""),4.8) -> 4.8 | R55: =IFERROR(__xludf.DUMMYFUNCTION("""COMPUTED_VALUE"""),0.9) -> 0.9 | S55: =IFERROR(__xludf.DUMMYFUNCTION("""COMPUTED_VALUE"""),0.3) -> 0.3 | T55: =IFERROR(__xludf.DUMMYFUNCTION("""COMPUTED_VALUE"""),43.712574850299404) -> 43.712575 | U55: =IFERROR(__xludf.DUMMYFUNCTION("""COMPUTED_VALUE"""),87.75510204081631) -> 87.755102 | V55: =IFERROR(__xludf.DUMMYFUNCTION("""COMPUTED_VALUE"""),3.1) -> 3.1 | W55: =IFERROR(__xludf.DUMMYFUNCTION("""COMPUTED_VALUE"""),0.7993767813730088) -> 0.79937678 | X55: =IFERROR(__xludf.DUMMYFUNCTION("""COMPUTED_VALUE"""),1.1752485492585598) -> 1.1752485 | Y55: =IFERROR(__xludf.DUMMYFUNCTION("""COMPUTED_VALUE"""),-1.0852482323286814) -> -1.0852482 | Z55: =IFERROR(__xludf.DUMMYFUNCTION("""COMPUTED_VALUE"""),0.4875835224900693) -> 0.48758352 | AA55: =IFERROR(__xludf.DUMMYFUNCTION("""COMPUTED_VALUE"""),-0.2064205727568726) -> -0.20642057 | AB55: =IFERROR(__xludf.DUMMYFUNCTION("""COMPUTED_VALUE"""),-0.5270142365493308) -> -0.52701424 | AC55: =IFERROR(__xludf.DUMMYFUNCTION("""COMPUTED_VALUE"""),-0.9818243505670221) -> -0.98182435 | AD55: =IFERROR(__xludf.DUMMYFUNCTION("""COMPUTED_VALUE"""),1.070383656718813) -> 1.0703837 | AE55: =IFERROR(__xludf.DUMMYFUNCTION("""COMPUTED_VALUE"""),-0.3431646015608148) -> -0.3431646
A56: =IF(VLOOKUP(H56,'Paste #BBall'!$B$2:$N1001,3,)="BRO","BKN",IF(VLOOKUP(H56,'Paste #BBall'!$B$2:$N1001,3,)="OKL","OKC",VLOOKUP(H56,'Paste #BBall'!$B$2:$N1001,3,))) -> CHA | B56: =VLOOKUP($A56,Schedule!$C$2:$G$31,2,0) -> 3 | C56: =VLOOKUP($A56,Schedule!$C$2:$G$31,3,0) -> 4 | D56: =VLOOKUP($A56,Schedule!$C$2:$G$31,4,0) -> 2 | E56: =SUM(B56:D56) -> 9 | F56: 51 | G56: =IFERROR(__xludf.DUMMYFUNCTION("""COMPUTED_VALUE"""),53.0) -> 53 | H56: =IFERROR(__xludf.DUMMYFUNCTION("""COMPUTED_VALUE"""),"Terry Rozier") -> Terry Rozier | I56: =IFERROR(__xludf.DUMMYFUNCTION("""COMPUTED_VALUE"""),68.0) -> 68 | J56: =IFERROR(__xludf.DUMMYFUNCTION("""COMPUTED_VALUE"""),"PG,SG") -> PG,SG | K56: =IFERROR(__xludf.DUMMYFUNCTION("""COMPUTED_VALUE"""),0.29670248832251644) -> 0.29670249 | L56: =IFERROR(__xludf.DUMMYFUNCTION("""COMPUTED_VALUE"""),1.429562024425223) -> 1.429562 | M56: =IFERROR(__xludf.DUMMYFUNCTION("""COMPUTED_VALUE"""),1.1328595361027065) -> 1.1328595 | N56: =IFERROR(__xludf.DUMMYFUNCTION("""COMPUTED_VALUE"""),19.6) -> 19.6 | O56: =IFERROR(__xludf.DUMMYFUNCTION("""COMPUTED_VALUE"""),2.8) -> 2.8 | P56: =IFERROR(__xludf.DUMMYFUNCTION("""COMPUTED_VALUE"""),4.1) -> 4.1 | Q56: =IFERROR(__xludf.DUMMYFUNCTION("""COMPUTED_VALUE"""),4.6) -> 4.6 | R56: =IFERROR(__xludf.DUMMYFUNCTION("""COMPUTED_VALUE"""),1.2) -> 1.2 | S56: =IFERROR(__xludf.DUMMYFUNCTION("""COMPUTED_VALUE"""),0.3) -> 0.3 | T56: =IFERROR(__xludf.DUMMYFUNCTION("""COMPUTED_VALUE"""),43.19526627218935) -> 43.195266 | U56: =IFERROR(__xludf.DUMMYFUNCTION("""COMPUTED_VALUE"""),85.71428571428572) -> 85.714286 | V56: =IFERROR(__xludf.DUMMYFUNCTION("""COMPUTED_VALUE"""),1.7) -> 1.7 | W56: =IFERROR(__xludf.DUMMYFUNCTION("""COMPUTED_VALUE"""),0.39491347667268123) -> 0.39491348 | X56: =IFERROR(__xludf.DUMMYFUNCTION("""COMPUTED_VALUE"""),1.001822791866741) -> 1.0018228 | Y56: =IFERROR(__xludf.DUMMYFUNCTION("""COMPUTED_VALUE"""),-0.8343560131928446) -> -0.83435601 | Z56: =IFERROR(__xludf.DUMMYFUNCTION("""COMPUTED_VALUE"""),0.38557860146704204) -> 0.3855786 | AA56: =IFERROR(__xludf.DUMMYFUNCTION("""COMPUTED_VALUE"""),0.44772912964166556) -> 0.44772913 | AB56: =IFERROR(__xludf.DUMMYFUNCTION("""COMPUTED_VALUE"""),-0.5270142365493308) -> -0.52701424 | AC56: =IFERROR(__xludf.DUMMYFUNCTION("""COMPUTED_VALUE"""),-1.0809086507336643) -> -1.0809087 | AD56: =IFERROR(__xludf.DUMMYFUNCTION("""COMPUTED_VALUE"""),0.4694053107738645) -> 0.46940531 | AE56: =IFERROR(__xludf.DUMMYFUNCTION("""COMPUTED_VALUE"""),0.09148296374540399) -> 0.091482964
A57: =IF(VLOOKUP(H57,'Paste #BBall'!$B$2:$N1001,3,)="BRO","BKN",IF(VLOOKUP(H57,'Paste #BBall'!$B$2:$N1001,3,)="OKL","OKC",VLOOKUP(H57,'Paste #BBall'!$B$2:$N1001,3,))) -> SA | B57: =VLOOKUP($A57,Schedule!$C$2:$G$31,2,0) -> 3 | C57: =VLOOKUP($A57,Schedule!$C$2:$G$31,3,0) -> 4 | D57: =VLOOKUP($A57,Schedule!$C$2:$G$31,4,0) -> 3 | E57: =SUM(B57:D57) -> 10 | F57: 52 | G57: =IFERROR(__xludf.DUMMYFUNCTION("""COMPUTED_VALUE"""),51.0) -> 51 | H57: =IFERROR(__xludf.DUMMYFUNCTION("""COMPUTED_VALUE"""),"Devin Vassell") -> Devin Vassell | I57: =IFERROR(__xludf.DUMMYFUNCTION("""COMPUTED_VALUE"""),69.0) -> 69 | J57: =IFERROR(__xludf.DUMMYFUNCTION("""COMPUTED_VALUE"""),"SG,SF") -> SG,SF | K57: =IFERROR(__xludf.DUMMYFUNCTION("""COMPUTED_VALUE"""),0.30666566088871827) -> 0.30666566 | L57: =IFERROR(__xludf.DUMMYFUNCTION("""COMPUTED_VALUE"""),1.325381196820481) -> 1.3253812 | M57: =IFERROR(__xludf.DUMMYFUNCTION("""COMPUTED_VALUE"""),1.0187155359317628) -> 1.0187155 | N57: =IFERROR(__xludf.DUMMYFUNCTION("""COMPUTED_VALUE"""),18.3) -> 18.3 | O57: =IFERROR(__xludf.DUMMYFUNCTION("""COMPUTED_VALUE"""),2.9) -> 2.9 | P57: =IFERROR(__xludf.DUMMYFUNCTION("""COMPUTED_VALUE"""),4.3) -> 4.3 | Q57: =IFERROR(__xludf.DUMMYFUNCTION("""COMPUTED_VALUE"""),3.8) -> 3.8 | R57: =IFERROR(__xludf.DUMMYFUNCTION("""COMPUTED_VALUE"""),1.2) -> 1.2 | S57: =IFERROR(__xludf.DUMMYFUNCTION("""COMPUTED_VALUE"""),0.6) -> 0.6 | T57: =IFERROR(__xludf.DUMMYFUNCTION("""COMPUTED_VALUE"""),43.046357615894046) -> 43.046358 | U57: =IFERROR(__xludf.DUMMYFUNCTION("""COMPUTED_VALUE"""),82.75862068965517) -> 82.758621 | V57: =IFERROR(__xludf.DUMMYFUNCTION("""COMPUTED_VALUE"""),1.2) -> 1.2 | W57: =IFERROR(__xludf.DUMMYFUNCTION("""COMPUTED_VALUE"""),0.17582918662667021) -> 0.17582919 | X57: =IFERROR(__xludf.DUMMYFUNCTION("""COMPUTED_VALUE"""),1.0885356705626503) -> 1.0885357 | Y57: =IFERROR(__xludf.DUMMYFUNCTION("""COMPUTED_VALUE"""),-0.7507252734808988) -> -0.75072527 | Z57: =IFERROR(__xludf.DUMMYFUNCTION("""COMPUTED_VALUE"""),-0.022441082625066444) -> -0.022441083 | AA57: =IFERROR(__xludf.DUMMYFUNCTION("""COMPUTED_VALUE"""),0.44772912964166556) -> 0.44772913 | AB57: =IFERROR(__xludf.DUMMYFUNCTION("""COMPUTED_VALUE"""),-0.13306671753405044) -> -0.13306672 | AC57: =IFERROR(__xludf.DUMMYFUNCTION("""COMPUTED_VALUE"""),-0.9882419726144438) -> -0.98824197 | AD57: =IFERROR(__xludf.DUMMYFUNCTION("""COMPUTED_VALUE"""),0.2728060465604572) -> 0.27280605 | AE57: =IFERROR(__xludf.DUMMYFUNCTION("""COMPUTED_VALUE"""),0.24671423706905354) -> 0.24671424
A58: =IF(VLOOKUP(H58,'Paste #BBall'!$B$2:$N1001,3,)="BRO","BKN",IF(VLOOKUP(H58,'Paste #BBall'!$B$2:$N1001,3,)="OKL","OKC",VLOOKUP(H58,'Paste #BBall'!$B$2:$N1001,3,))) -> POR | B58: =VLOOKUP($A58,Schedule!$C$2:$G$31,2,0) -> 4 | C58: =VLOOKUP($A58,Schedule!$C$2:$G$31,3,0) -> 4 | D58: =VLOOKUP($A58,Schedule!$C$2:$G$31,4,0) -> 4 | E58: =SUM(B58:D58) -> 12 | F58: 53 | G58: =IFERROR(__xludf.DUMMYFUNCTION("""COMPUTED_VALUE"""),72.0) -> 72 | H58: =IFERROR(__xludf.DUMMYFUNCTION("""COMPUTED_VALUE"""),"Deandre Ayton") -> Deandre Ayton | I58: =IFERROR(__xludf.DUMMYFUNCTION("""COMPUTED_VALUE"""),69.0) -> 69 | J58: =IFERROR(__xludf.DUMMYFUNCTION("""COMPUTED_VALUE"""),"C") -> C | K58: =IFERROR(__xludf.DUMMYFUNCTION("""COMPUTED_VALUE"""),-0.39556400842121375) -> -0.39556401 | L58: =IFERROR(__xludf.DUMMYFUNCTION("""COMPUTED_VALUE"""),1.2394522214943406) -> 1.2394522 | M58: =IFERROR(__xludf.DUMMYFUNCTION("""COMPUTED_VALUE"""),1.6350162299155544) -> 1.6350162 | N58: =IFERROR(__xludf.DUMMYFUNCTION("""COMPUTED_VALUE"""),18.9) -> 18.9 | O58: =IFERROR(__xludf.DUMMYFUNCTION("""COMPUTED_VALUE"""),0.1) -> 0.1 | P58: =IFERROR(__xludf.DUMMYFUNCTION("""COMPUTED_VALUE"""),10.1) -> 10.1 | Q58: =IFERROR(__xludf.DUMMYFUNCTION("""COMPUTED_VALUE"""),1.7) -> 1.7 | R58: =IFERROR(__xludf.DUMMYFUNCTION("""COMPUTED_VALUE"""),0.7) -> 0.7 | S58: =IFERROR(__xludf.DUMMYFUNCTION("""COMPUTED_VALUE"""),0.8) -> 0.8 | T58: =IFERROR(__xludf.DUMMYFUNCTION("""COMPUTED_VALUE"""),58.450704225352126) -> 58.450704 | U58: =IFERROR(__xludf.DUMMYFUNCTION("""COMPUTED_VALUE"""),73.33333333333334) -> 73.333333 | V58: =IFERROR(__xludf.DUMMYFUNCTION("""COMPUTED_VALUE"""),1.8) -> 1.8 | W58: =IFERROR(__xludf.DUMMYFUNCTION("""COMPUTED_VALUE"""),0.2769450128017518) -> 0.27694501 | X58: =IFERROR(__xludf.DUMMYFUNCTION("""COMPUTED_VALUE"""),-1.3394249329228134) -> -1.3394249 | Y58: =IFERROR(__xludf.DUMMYFUNCTION("""COMPUTED_VALUE"""),1.6745661781655259) -> 1.6745662 | Z58: =IFERROR(__xludf.DUMMYFUNCTION("""COMPUTED_VALUE"""),-1.0934927533668515) -> -1.0934928 | AA58: =IFERROR(__xludf.DUMMYFUNCTION("""COMPUTED_VALUE"""),-0.6425203743558983) -> -0.64252037 | AB58: =IFERROR(__xludf.DUMMYFUNCTION("""COMPUTED_VALUE"""),0.12956496180946983) -> 0.12956496 | AC58: =IFERROR(__xludf.DUMMYFUNCTION("""COMPUTED_VALUE"""),1.2555944307417226) -> 1.2555944 | AD58: =IFERROR(__xludf.DUMMYFUNCTION("""COMPUTED_VALUE"""),-0.4216419433820539) -> -0.42164194 | AE58: =IFERROR(__xludf.DUMMYFUNCTION("""COMPUTED_VALUE"""),0.06043670908067405) -> 0.060436709
A59: =IF(VLOOKUP(H59,'Paste #BBall'!$B$2:$N1001,3,)="BRO","BKN",IF(VLOOKUP(H59,'Paste #BBall'!$B$2:$N1001,3,)="OKL","OKC",VLOOKUP(H59,'Paste #BBall'!$B$2:$N1001,3,))) -> SA | B59: =VLOOKUP($A59,Schedule!$C$2:$G$31,2,0) -> 3 | C59: =VLOOKUP($A59,Schedule!$C$2:$G$31,3,0) -> 4 | D59: =VLOOKUP($A59,Schedule!$C$2:$G$31,4,0) -> 3 | E59: =SUM(B59:D59) -> 10 | F59: 54 | G59: =IFERROR(__xludf.DUMMYFUNCTION("""COMPUTED_VALUE"""),47.0) -> 47 | H59: =IFERROR(__xludf.DUMMYFUNCTION("""COMPUTED_VALUE"""),"Victor Wembanyama") -> Victor Wembanyama | I59: =IFERROR(__xludf.DUMMYFUNCTION("""COMPUTED_VALUE"""),65.0) -> 65 | J59: =IFERROR(__xludf.DUMMYFUNCTION("""COMPUTED_VALUE"""),"PF,C") -> PF,C | K59: =IFERROR(__xludf.DUMMYFUNCTION("""COMPUTED_VALUE"""),0.6932769424569138) -> 0.69327694 | L59: =IFERROR(__xludf.DUMMYFUNCTION("""COMPUTED_VALUE"""),1.2201329122079514) -> 1.2201329 | M59: =IFERROR(__xludf.DUMMYFUNCTION("""COMPUTED_VALUE"""),0.5268559697510375) -> 0.52685597 | N59: =IFERROR(__xludf.DUMMYFUNCTION("""COMPUTED_VALUE"""),17.3) -> 17.3 | O59: =IFERROR(__xludf.DUMMYFUNCTION("""COMPUTED_VALUE"""),1.0) -> 1 | P59: =IFERROR(__xludf.DUMMYFUNCTION("""COMPUTED_VALUE"""),8.2) -> 8.2 | Q59: =IFERROR(__xludf.DUMMYFUNCTION("""COMPUTED_VALUE"""),1.8) -> 1.8 | R59: =IFERROR(__xludf.DUMMYFUNCTION("""COMPUTED_VALUE"""),0.7) -> 0.7 | S59: =IFERROR(__xludf.DUMMYFUNCTION("""COMPUTED_VALUE"""),2.3) -> 2.3 | T59: =IFERROR(__xludf.DUMMYFUNCTION("""COMPUTED_VALUE"""),45.714285714285715) -> 45.714286 | U59: =IFERROR(__xludf.DUMMYFUNCTION("""COMPUTED_VALUE"""),78.26086956521739) -> 78.26087 | V59: =IFERROR(__xludf.DUMMYFUNCTION("""COMPUTED_VALUE"""),1.8) -> 1.8 | W59: =IFERROR(__xludf.DUMMYFUNCTION("""COMPUTED_VALUE"""),0.007302809668200307) -> 0.0073028097 | X59: =IFERROR(__xludf.DUMMYFUNCTION("""COMPUTED_VALUE"""),-0.5590090246596284) -> -0.55900902 | Y59: =IFERROR(__xludf.DUMMYFUNCTION("""COMPUTED_VALUE"""),0.8800741509020418) -> 0.88007415 | Z59: =IFERROR(__xludf.DUMMYFUNCTION("""COMPUTED_VALUE"""),-1.0424902928553377) -> -1.0424903 | AA59: =IFERROR(__xludf.DUMMYFUNCTION("""COMPUTED_VALUE"""),-0.6425203743558983) -> -0.64252037 | AB59: =IFERROR(__xludf.DUMMYFUNCTION("""COMPUTED_VALUE"""),2.0993025568858714) -> 2.0993026 | AC59: =IFERROR(__xludf.DUMMYFUNCTION("""COMPUTED_VALUE"""),-0.5431648246204785) -> -0.54316482 | AD59: =IFERROR(__xludf.DUMMYFUNCTION("""COMPUTED_VALUE"""),-0.08228909069283091) -> -0.082289091 | AE59: =IFERROR(__xludf.DUMMYFUNCTION("""COMPUTED_VALUE"""),0.06043670908067405) -> 0.060436709
A60: =IF(VLOOKUP(H60,'Paste #BBall'!$B$2:$N1001,3,)="BRO","BKN",IF(VLOOKUP(H60,'Paste #BBall'!$B$2:$N1001,3,)="OKL","OKC",VLOOKUP(H60,'Paste #BBall'!$B$2:$N1001,3,))) -> WAS | B60: =VLOOKUP($A60,Schedule!$C$2:$G$31,2,0) -> 4 | C60: =VLOOKUP($A60,Schedule!$C$2:$G$31,3,0) -> 4 | D60: =VLOOKUP($A60,Schedule!$C$2:$G$31,4,0) -> 3 | E60: =SUM(B60:D60) -> 11 | F60: 55 | G60: =IFERROR(__xludf.DUMMYFUNCTION("""COMPUTED_VALUE"""),68.0) -> 68 | H60: =IFERROR(__xludf.DUMMYFUNCTION("""COMPUTED_VALUE"""),"Tyus Jones") -> Tyus Jones | I60: =IFERROR(__xludf.DUMMYFUNCTION("""COMPUTED_VALUE"""),72.0) -> 72 | J60: =IFERROR(__xludf.DUMMYFUNCTION("""COMPUTED_VALUE"""),"PG") -> PG | K60: =IFERROR(__xludf.DUMMYFUNCTION("""COMPUTED_VALUE"""),-0.3106504941592282) -> -0.31065049 | L60: =IFERROR(__xludf.DUMMYFUNCTION("""COMPUTED_VALUE"""),1.2096704470992077) -> 1.2096704 | M60: =IFERROR(__xludf.DUMMYFUNCTION("""COMPUTED_VALUE"""),1.520320941258436) -> 1.5203209 | N60: =IFERROR(__xludf.DUMMYFUNCTION("""COMPUTED_VALUE"""),13.5) -> 13.5 | O60: =IFERROR(__xludf.DUMMYFUNCTION("""COMPUTED_VALUE"""),1.9) -> 1.9 | P60: =IFERROR(__xludf.DUMMYFUNCTION("""COMPUTED_VALUE"""),3.5) -> 3.5 | Q60: =IFERROR(__xludf.DUMMYFUNCTION("""COMPUTED_VALUE"""),7.4) -> 7.4 | R60: =IFERROR(__xludf.DUMMYFUNCTION("""COMPUTED_VALUE"""),1.4) -> 1.4 | S60: =IFERROR(__xludf.DUMMYFUNCTION("""COMPUTED_VALUE"""),0.1) -> 0.1 | T60: =IFERROR(__xludf.DUMMYFUNCTION("""COMPUTED_VALUE"""),44.44444444444445) -> 44.444444 | U60: =IFERROR(__xludf.DUMMYFUNCTION("""COMPUTED_VALUE"""),80.0) -> 80 | V60: =IFERROR(__xludf.DUMMYFUNCTION("""COMPUTED_VALUE"""),1.1) -> 1.1 | W60: =IFERROR(__xludf.DUMMYFUNCTION("""COMPUTED_VALUE"""),-0.6330974227739855) -> -0.63309742 | X60: =IFERROR(__xludf.DUMMYFUNCTION("""COMPUTED_VALUE"""),0.2214068836035562) -> 0.22140688 | Y60: =IFERROR(__xludf.DUMMYFUNCTION("""COMPUTED_VALUE"""),-1.0852482323286814) -> -1.0852482 | Z60: =IFERROR(__xludf.DUMMYFUNCTION("""COMPUTED_VALUE"""),1.8136474957894224) -> 1.8136475 | AA60: =IFERROR(__xludf.DUMMYFUNCTION("""COMPUTED_VALUE"""),0.883828931240691) -> 0.88382893 | AB60: =IFERROR(__xludf.DUMMYFUNCTION("""COMPUTED_VALUE"""),-0.7896459158928509) -> -0.78964592 | AC60: =IFERROR(__xludf.DUMMYFUNCTION("""COMPUTED_VALUE"""),-0.6023334077749337) -> -0.60233341 | AD60: =IFERROR(__xludf.DUMMYFUNCTION("""COMPUTED_VALUE"""),0.038103391173524945) -> 0.038103391 | AE60: =IFERROR(__xludf.DUMMYFUNCTION("""COMPUTED_VALUE"""),0.2777604917337834) -> 0.27776049
A61: =IF(VLOOKUP(H61,'Paste #BBall'!$B$2:$N1001,3,)="BRO","BKN",IF(VLOOKUP(H61,'Paste #BBall'!$B$2:$N1001,3,)="OKL","OKC",VLOOKUP(H61,'Paste #BBall'!$B$2:$N1001,3,))) -> BKN | B61: =VLOOKUP($A61,Schedule!$C$2:$G$31,2,0) -> 5 | C61: =VLOOKUP($A61,Schedule!$C$2:$G$31,3,0) -> 3 | D61: =VLOOKUP($A61,Schedule!$C$2:$G$31,4,0) -> 3 | E61: =SUM(B61:D61) -> 11 | F61: 56 | G61: =IFERROR(__xludf.DUMMYFUNCTION("""COMPUTED_VALUE"""),67.0) -> 67 | H61: =IFERROR(__xludf.DUMMYFUNCTION("""COMPUTED_VALUE"""),"Nicolas Claxton") -> Nicolas Claxton | I61: =IFERROR(__xludf.DUMMYFUNCTION("""COMPUTED_VALUE"""),75.0) -> 75 | J61: =IFERROR(__xludf.DUMMYFUNCTION("""COMPUTED_VALUE"""),"C") -> C | K61: =IFERROR(__xludf.DUMMYFUNCTION("""COMPUTED_VALUE"""),-0.29782674528811226) -> -0.29782675 | L61: =IFERROR(__xludf.DUMMYFUNCTION("""COMPUTED_VALUE"""),1.1536372348776487) -> 1.1536372 | M61: =IFERROR(__xludf.DUMMYFUNCTION("""COMPUTED_VALUE"""),1.451463980165761) -> 1.451464 | N61: =IFERROR(__xludf.DUMMYFUNCTION("""COMPUTED_VALUE"""),12.0) -> 12 | O61: =IFERROR(__xludf.DUMMYFUNCTION("""COMPUTED_VALUE"""),0.0) -> 0 | P61: =IFERROR(__xludf.DUMMYFUNCTION("""COMPUTED_VALUE"""),9.1) -> 9.1 | Q61: =IFERROR(__xludf.DUMMYFUNCTION("""COMPUTED_VALUE"""),1.8) -> 1.8 | R61: =IFERROR(__xludf.DUMMYFUNCTION("""COMPUTED_VALUE"""),0.8) -> 0.8 | S61: =IFERROR(__xludf.DUMMYFUNCTION("""COMPUTED_VALUE"""),2.4) -> 2.4 | T61: =IFERROR(__xludf.DUMMYFUNCTION("""COMPUTED_VALUE"""),65.38461538461539) -> 65.384615 | U61: =IFERROR(__xludf.DUMMYFUNCTION("""COMPUTED_VALUE"""),56.666666666666664) -> 56.666667 | V61: =IFERROR(__xludf.DUMMYFUNCTION("""COMPUTED_VALUE"""),1.3) -> 1.3 | W61: =IFERROR(__xludf.DUMMYFUNCTION("""COMPUTED_VALUE"""),-0.8858869882116903) -> -0.88588699 | X61: =IFERROR(__xludf.DUMMYFUNCTION("""COMPUTED_VALUE"""),-1.4261378116187227) -> -1.4261378 | Y61: =IFERROR(__xludf.DUMMYFUNCTION("""COMPUTED_VALUE"""),1.2564124796057974) -> 1.2564125 | Z61: =IFERROR(__xludf.DUMMYFUNCTION("""COMPUTED_VALUE"""),-1.0424902928553377) -> -1.0424903 | AA61: =IFERROR(__xludf.DUMMYFUNCTION("""COMPUTED_VALUE"""),-0.42447047355638534) -> -0.42447047 | AB61: =IFERROR(__xludf.DUMMYFUNCTION("""COMPUTED_VALUE"""),2.2306183965576314) -> 2.2306184 | AC61: =IFERROR(__xludf.DUMMYFUNCTION("""COMPUTED_VALUE"""),1.229923942552032) -> 1.2299239 | AD61: =IFERROR(__xludf.DUMMYFUNCTION("""COMPUTED_VALUE"""),-1.6662637577048163) -> -1.6662638 | AE61: =IFERROR(__xludf.DUMMYFUNCTION("""COMPUTED_VALUE"""),0.2156679824043236) -> 0.21566798
A62: =IF(VLOOKUP(H62,'Paste #BBall'!$B$2:$N1001,3,)="BRO","BKN",IF(VLOOKUP(H62,'Paste #BBall'!$B$2:$N1001,3,)="OKL","OKC",VLOOKUP(H62,'Paste #BBall'!$B$2:$N1001,3,))) -> BOS | B62: =VLOOKUP($A62,Schedule!$C$2:$G$31,2,0) -> 3 | C62: =VLOOKUP($A62,Schedule!$C$2:$G$31,3,0) -> 4 | D62: =VLOOKUP($A62,Schedule!$C$2:$G$31,4,0) -> 4 | E62: =SUM(B62:D62) -> 11 | F62: 57 | G62: =IFERROR(__xludf.DUMMYFUNCTION("""COMPUTED_VALUE"""),41.0) -> 41 | H62: =IFERROR(__xludf.DUMMYFUNCTION("""COMPUTED_VALUE"""),"Jrue Holiday") -> Jrue Holiday | I62: =IFERROR(__xludf.DUMMYFUNCTION("""COMPUTED_VALUE"""),67.0) -> 67 | J62: =IFERROR(__xludf.DUMMYFUNCTION("""COMPUTED_VALUE"""),"PG,SG") -> PG,SG | K62: =IFERROR(__xludf.DUMMYFUNCTION("""COMPUTED_VALUE"""),1.0452572827887654) -> 1.0452573 | L62: =IFERROR(__xludf.DUMMYFUNCTION("""COMPUTED_VALUE"""),1.1180526673360256) -> 1.1180527 | M62: =IFERROR(__xludf.DUMMYFUNCTION("""COMPUTED_VALUE"""),0.0727953845472602) -> 0.072795385 | N62: =IFERROR(__xludf.DUMMYFUNCTION("""COMPUTED_VALUE"""),16.3) -> 16.3 | O62: =IFERROR(__xludf.DUMMYFUNCTION("""COMPUTED_VALUE"""),2.2) -> 2.2 | P62: =IFERROR(__xludf.DUMMYFUNCTION("""COMPUTED_VALUE"""),4.8) -> 4.8 | Q62: =IFERROR(__xludf.DUMMYFUNCTION("""COMPUTED_VALUE"""),5.1) -> 5.1 | R62: =IFERROR(__xludf.DUMMYFUNCTION("""COMPUTED_VALUE"""),1.4) -> 1.4 | S62: =IFERROR(__xludf.DUMMYFUNCTION("""COMPUTED_VALUE"""),0.4) -> 0.4 | T62: =IFERROR(__xludf.DUMMYFUNCTION("""COMPUTED_VALUE"""),47.61904761904762) -> 47.619048 | U62: =IFERROR(__xludf.DUMMYFUNCTION("""COMPUTED_VALUE"""),81.4814814814815) -> 81.481481 | V62: =IFERROR(__xludf.DUMMYFUNCTION("""COMPUTED_VALUE"""),2.8) -> 2.8 | W62: =IFERROR(__xludf.DUMMYFUNCTION("""COMPUTED_VALUE"""),-0.1612235672902696) -> -0.16122357 | X62: =IFERROR(__xludf.DUMMYFUNCTION("""COMPUTED_VALUE"""),0.48154551969128473) -> 0.48154552 | Y62: =IFERROR(__xludf.DUMMYFUNCTION("""COMPUTED_VALUE"""),-0.5416484242010347) -> -0.54164842 | Z62: =IFERROR(__xludf.DUMMYFUNCTION("""COMPUTED_VALUE"""),0.6405909040246098) -> 0.6405909 | AA62: =IFERROR(__xludf.DUMMYFUNCTION("""COMPUTED_VALUE"""),0.883828931240691) -> 0.88382893 | AB62: =IFERROR(__xludf.DUMMYFUNCTION("""COMPUTED_VALUE"""),-0.39569839687757064) -> -0.3956984 | AC62: =IFERROR(__xludf.DUMMYFUNCTION("""COMPUTED_VALUE"""),-0.24912073514426122) -> -0.24912074 | AD62: =IFERROR(__xludf.DUMMYFUNCTION("""COMPUTED_VALUE"""),0.16815584925816673) -> 0.16815585 | AE62: =IFERROR(__xludf.DUMMYFUNCTION("""COMPUTED_VALUE"""),-0.250025837566625) -> -0.25002584
A63: =IF(VLOOKUP(H63,'Paste #BBall'!$B$2:$N1001,3,)="BRO","BKN",IF(VLOOKUP(H63,'Paste #BBall'!$B$2:$N1001,3,)="OKL","OKC",VLOOKUP(H63,'Paste #BBall'!$B$2:$N1001,3,))) -> UTA | B63: =VLOOKUP($A63,Schedule!$C$2:$G$31,2,0) -> 3 | C63: =VLOOKUP($A63,Schedule!$C$2:$G$31,3,0) -> 3 | D63: =VLOOKUP($A63,Schedule!$C$2:$G$31,4,0) -> 4 | E63: =SUM(B63:D63) -> 10 | F63: 58 | G63: =IFERROR(__xludf.DUMMYFUNCTION("""COMPUTED_VALUE"""),74.0) -> 74 | H63: =IFERROR(__xludf.DUMMYFUNCTION("""COMPUTED_VALUE"""),"Walker Kessler") -> Walker Kessler | I63: =IFERROR(__xludf.DUMMYFUNCTION("""COMPUTED_VALUE"""),74.0) -> 74 | J63: =IFERROR(__xludf.DUMMYFUNCTION("""COMPUTED_VALUE"""),"C") -> C | K63: =IFERROR(__xludf.DUMMYFUNCTION("""COMPUTED_VALUE"""),-0.5606134959579641) -> -0.5606135 | L63: =IFERROR(__xludf.DUMMYFUNCTION("""COMPUTED_VALUE"""),1.074118522801445) -> 1.0741185 | M63: =IFERROR(__xludf.DUMMYFUNCTION("""COMPUTED_VALUE"""),1.634732018759409) -> 1.634732 | N63: =IFERROR(__xludf.DUMMYFUNCTION("""COMPUTED_VALUE"""),11.2) -> 11.2 | O63: =IFERROR(__xludf.DUMMYFUNCTION("""COMPUTED_VALUE"""),0.0) -> 0 | P63: =IFERROR(__xludf.DUMMYFUNCTION("""COMPUTED_VALUE"""),10.3) -> 10.3 | Q63: =IFERROR(__xludf.DUMMYFUNCTION("""COMPUTED_VALUE"""),1.1) -> 1.1 | R63: =IFERROR(__xludf.DUMMYFUNCTION("""COMPUTED_VALUE"""),0.4) -> 0.4 | S63: =IFERROR(__xludf.DUMMYFUNCTION("""COMPUTED_VALUE"""),2.7) -> 2.7 | T63: =IFERROR(__xludf.DUMMYFUNCTION("""COMPUTED_VALUE"""),72.05882352941177) -> 72.058824 | U63: =IFERROR(__xludf.DUMMYFUNCTION("""COMPUTED_VALUE"""),53.84615384615385) -> 53.846154 | V63: =IFERROR(__xludf.DUMMYFUNCTION("""COMPUTED_VALUE"""),1.0) -> 1 | W63: =IFERROR(__xludf.DUMMYFUNCTION("""COMPUTED_VALUE"""),-1.0207080897784664) -> -1.0207081 | X63: =IFERROR(__xludf.DUMMYFUNCTION("""COMPUTED_VALUE"""),-1.4261378116187227) -> -1.4261378 | Y63: =IFERROR(__xludf.DUMMYFUNCTION("""COMPUTED_VALUE"""),1.758196917877472) -> 1.7581969 | Z63: =IFERROR(__xludf.DUMMYFUNCTION("""COMPUTED_VALUE"""),-1.3995075164359327) -> -1.3995075 | AA63: =IFERROR(__xludf.DUMMYFUNCTION("""COMPUTED_VALUE"""),-1.2966700767544366) -> -1.2966701 | AB63: =IFERROR(__xludf.DUMMYFUNCTION("""COMPUTED_VALUE"""),2.624565915572912) -> 2.6245659 | AC63: =IFERROR(__xludf.DUMMYFUNCTION("""COMPUTED_VALUE"""),1.5255724375401056) -> 1.5255724 | AD63: =IFERROR(__xludf.DUMMYFUNCTION("""COMPUTED_VALUE"""),-1.626639789444846) -> -1.6266398 | AE63: =IFERROR(__xludf.DUMMYFUNCTION("""COMPUTED_VALUE"""),0.30880674639851335) -> 0.30880675
A64: =IF(VLOOKUP(H64,'Paste #BBall'!$B$2:$N1001,3,)="BRO","BKN",IF(VLOOKUP(H64,'Paste #BBall'!$B$2:$N1001,3,)="OKL","OKC",VLOOKUP(H64,'Paste #BBall'!$B$2:$N1001,3,))) -> HOU | B64: =VLOOKUP($A64,Schedule!$C$2:$G$31,2,0) -> 4 | C64: =VLOOKUP($A64,Schedule!$C$2:$G$31,3,0) -> 3 | D64: =VLOOKUP($A64,Schedule!$C$2:$G$31,4,0) -> 3 | E64: =SUM(B64:D64) -> 10 | F64: 59 | G64: =IFERROR(__xludf.DUMMYFUNCTION("""COMPUTED_VALUE"""),54.0) -> 54 | H64: =IFERROR(__xludf.DUMMYFUNCTION("""COMPUTED_VALUE"""),"Alperen Sengün") -> Alperen Sengün | I64: =IFERROR(__xludf.DUMMYFUNCTION("""COMPUTED_VALUE"""),74.0) -> 74 | J64: =IFERROR(__xludf.DUMMYFUNCTION("""COMPUTED_VALUE"""),"C") -> C | K64: =IFERROR(__xludf.DUMMYFUNCTION("""COMPUTED_VALUE"""),0.20614322636306415) -> 0.20614323 | L64: =IFERROR(__xludf.DUMMYFUNCTION("""COMPUTED_VALUE"""),1.017024972285074) -> 1.017025 | M64: =IFERROR(__xludf.DUMMYFUNCTION("""COMPUTED_VALUE"""),0.8108817459220098) -> 0.81088175 | N64: =IFERROR(__xludf.DUMMYFUNCTION("""COMPUTED_VALUE"""),15.6) -> 15.6 | O64: =IFERROR(__xludf.DUMMYFUNCTION("""COMPUTED_VALUE"""),0.5) -> 0.5 | P64: =IFERROR(__xludf.DUMMYFUNCTION("""COMPUTED_VALUE"""),9.1) -> 9.1 | Q64: =IFERROR(__xludf.DUMMYFUNCTION("""COMPUTED_VALUE"""),4.0) -> 4 | R64: =IFERROR(__xludf.DUMMYFUNCTION("""COMPUTED_VALUE"""),1.0) -> 1 | S64: =IFERROR(__xludf.DUMMYFUNCTION("""COMPUTED_VALUE"""),1.0) -> 1 | T64: =IFERROR(__xludf.DUMMYFUNCTION("""COMPUTED_VALUE"""),54.54545454545454) -> 54.545455 | U64: =IFERROR(__xludf.DUMMYFUNCTION("""COMPUTED_VALUE"""),72.09302325581396) -> 72.093023 | V64: =IFERROR(__xludf.DUMMYFUNCTION("""COMPUTED_VALUE"""),2.8) -> 2.8 | W64: =IFERROR(__xludf.DUMMYFUNCTION("""COMPUTED_VALUE"""),-0.27919203116119873) -> -0.27919203 | X64: =IFERROR(__xludf.DUMMYFUNCTION("""COMPUTED_VALUE"""),-0.9925734181391757) -> -0.99257342 | Y64: =IFERROR(__xludf.DUMMYFUNCTION("""COMPUTED_VALUE"""),1.2564124796057974) -> 1.2564125 | Z64: =IFERROR(__xludf.DUMMYFUNCTION("""COMPUTED_VALUE"""),0.07956383839796079) -> 0.079563838 | AA64: =IFERROR(__xludf.DUMMYFUNCTION("""COMPUTED_VALUE"""),0.011629328042640127) -> 0.011629328 | AB64: =IFERROR(__xludf.DUMMYFUNCTION("""COMPUTED_VALUE"""),0.39219664115299) -> 0.39219664 | AC64: =IFERROR(__xludf.DUMMYFUNCTION("""COMPUTED_VALUE"""),0.5435536661888812) -> 0.54355367 | AD64: =IFERROR(__xludf.DUMMYFUNCTION("""COMPUTED_VALUE"""),-0.7371131123753718) -> -0.73711311 | AE64: =IFERROR(__xludf.DUMMYFUNCTION("""COMPUTED_VALUE"""),-0.250025837566625) -> -0.25002584
A65: =IF(VLOOKUP(H65,'Paste #BBall'!$B$2:$N1001,3,)="BRO","BKN",IF(VLOOKUP(H65,'Paste #BBall'!$B$2:$N1001,3,)="OKL","OKC",VLOOKUP(H65,'Paste #BBall'!$B$2:$N1001,3,))) -> BKN | B65: =VLOOKUP($A65,Schedule!$C$2:$G$31,2,0) -> 5 | C65: =VLOOKUP($A65,Schedule!$C$2:$G$31,3,0) -> 3 | D65: =VLOOKUP($A65,Schedule!$C$2:$G$31,4,0) -> 3 | E65: =SUM(B65:D65) -> 11 | F65: 60 | G65: =IFERROR(__xludf.DUMMYFUNCTION("""COMPUTED_VALUE"""),60.0) -> 60 | H65: =IFERROR(__xludf.DUMMYFUNCTION("""COMPUTED_VALUE"""),"Cameron Johnson") -> Cameron Johnson | I65: =IFERROR(__xludf.DUMMYFUNCTION("""COMPUTED_VALUE"""),68.0) -> 68 | J65: =IFERROR(__xludf.DUMMYFUNCTION("""COMPUTED_VALUE"""),"SF,PF") -> SF,PF | K65: =IFERROR(__xludf.DUMMYFUNCTION("""COMPUTED_VALUE"""),0.022532442860348) -> 0.022532443 | L65: =IFERROR(__xludf.DUMMYFUNCTION("""COMPUTED_VALUE"""),0.980769369036153) -> 0.98076937 | M65: =IFERROR(__xludf.DUMMYFUNCTION("""COMPUTED_VALUE"""),0.958236926175805) -> 0.95823693 | N65: =IFERROR(__xludf.DUMMYFUNCTION("""COMPUTED_VALUE"""),16.2) -> 16.2 | O65: =IFERROR(__xludf.DUMMYFUNCTION("""COMPUTED_VALUE"""),3.0) -> 3 | P65: =IFERROR(__xludf.DUMMYFUNCTION("""COMPUTED_VALUE"""),5.0) -> 5 | Q65: =IFERROR(__xludf.DUMMYFUNCTION("""COMPUTED_VALUE"""),2.0) -> 2 | R65: =IFERROR(__xludf.DUMMYFUNCTION("""COMPUTED_VALUE"""),1.3) -> 1.3 | S65: =IFERROR(__xludf.DUMMYFUNCTION("""COMPUTED_VALUE"""),0.3) -> 0.3 | T65: =IFERROR(__xludf.DUMMYFUNCTION("""COMPUTED_VALUE"""),46.21848739495798) -> 46.218487 | U65: =IFERROR(__xludf.DUMMYFUNCTION("""COMPUTED_VALUE"""),84.61538461538461) -> 84.615385 | V65: =IFERROR(__xludf.DUMMYFUNCTION("""COMPUTED_VALUE"""),0.9) -> 0.9 | W65: =IFERROR(__xludf.DUMMYFUNCTION("""COMPUTED_VALUE"""),-0.17807620498611684) -> -0.1780762 | X65: =IFERROR(__xludf.DUMMYFUNCTION("""COMPUTED_VALUE"""),1.1752485492585598) -> 1.1752485 | Y65: =IFERROR(__xludf.DUMMYFUNCTION("""COMPUTED_VALUE"""),-0.45801768448908886) -> -0.45801768 | Z65: =IFERROR(__xludf.DUMMYFUNCTION("""COMPUTED_VALUE"""),-0.9404853718323106) -> -0.94048537 | AA65: =IFERROR(__xludf.DUMMYFUNCTION("""COMPUTED_VALUE"""),0.6657790304411786) -> 0.66577903 | AB65: =IFERROR(__xludf.DUMMYFUNCTION("""COMPUTED_VALUE"""),-0.5270142365493308) -> -0.52701424 | AC65: =IFERROR(__xludf.DUMMYFUNCTION("""COMPUTED_VALUE"""),-0.40175819917386524) -> -0.4017582 | AD65: =IFERROR(__xludf.DUMMYFUNCTION("""COMPUTED_VALUE"""),0.36475511347157313) -> 0.36475511 | AE65: =IFERROR(__xludf.DUMMYFUNCTION("""COMPUTED_VALUE"""),0.33985300106324323) -> 0.339853
A66: =IF(VLOOKUP(H66,'Paste #BBall'!$B$2:$N1001,3,)="BRO","BKN",IF(VLOOKUP(H66,'Paste #BBall'!$B$2:$N1001,3,)="OKL","OKC",VLOOKUP(H66,'Paste #BBall'!$B$2:$N1001,3,))) -> MIA | B66: =VLOOKUP($A66,Schedule!$C$2:$G$31,2,0) -> 4 | C66: =VLOOKUP($A66,Schedule!$C$2:$G$31,3,0) -> 3 | D66: =VLOOKUP($A66,Schedule!$C$2:$G$31,4,0) -> 4 | E66: =SUM(B66:D66) -> 11 | F66: 61 | G66: =IFERROR(__xludf.DUMMYFUNCTION("""COMPUTED_VALUE"""),65.0) -> 65 | H66: =IFERROR(__xludf.DUMMYFUNCTION("""COMPUTED_VALUE"""),"Tyler Herro") -> Tyler Herro | I66: =IFERROR(__xludf.DUMMYFUNCTION("""COMPUTED_VALUE"""),67.0) -> 67 | J66: =IFERROR(__xludf.DUMMYFUNCTION("""COMPUTED_VALUE"""),"PG,SG") -> PG,SG | K66: =IFERROR(__xludf.DUMMYFUNCTION("""COMPUTED_VALUE"""),-0.10325470251580615) -> -0.1032547 | L66: =IFERROR(__xludf.DUMMYFUNCTION("""COMPUTED_VALUE"""),0.9522454295277405) -> 0.95224543 | M66: =IFERROR(__xludf.DUMMYFUNCTION("""COMPUTED_VALUE"""),1.0555001320435466) -> 1.0555001 | N66: =IFERROR(__xludf.DUMMYFUNCTION("""COMPUTED_VALUE"""),20.8) -> 20.8 | O66: =IFERROR(__xludf.DUMMYFUNCTION("""COMPUTED_VALUE"""),2.9) -> 2.9 | P66: =IFERROR(__xludf.DUMMYFUNCTION("""COMPUTED_VALUE"""),5.3) -> 5.3 | Q66: =IFERROR(__xludf.DUMMYFUNCTION("""COMPUTED_VALUE"""),4.2) -> 4.2 | R66: =IFERROR(__xludf.DUMMYFUNCTION("""COMPUTED_VALUE"""),0.7) -> 0.7 | S66: =IFERROR(__xludf.DUMMYFUNCTION("""COMPUTED_VALUE"""),0.2) -> 0.2 | T66: =IFERROR(__xludf.DUMMYFUNCTION("""COMPUTED_VALUE"""),44.444444444444436) -> 44.444444 | U66: =IFERROR(__xludf.DUMMYFUNCTION("""COMPUTED_VALUE"""),90.32258064516128) -> 90.322581 | V66: =IFERROR(__xludf.DUMMYFUNCTION("""COMPUTED_VALUE"""),2.5) -> 2.5 | W66: =IFERROR(__xludf.DUMMYFUNCTION("""COMPUTED_VALUE"""),0.597145129022845) -> 0.59714513 | X66: =IFERROR(__xludf.DUMMYFUNCTION("""COMPUTED_VALUE"""),1.0885356705626503) -> 1.0885357 | Y66: =IFERROR(__xludf.DUMMYFUNCTION("""COMPUTED_VALUE"""),-0.33257157492117045) -> -0.33257157 | Z66: =IFERROR(__xludf.DUMMYFUNCTION("""COMPUTED_VALUE"""),0.18156875942098802) -> 0.18156876 | AA66: =IFERROR(__xludf.DUMMYFUNCTION("""COMPUTED_VALUE"""),-0.6425203743558983) -> -0.64252037 | AB66: =IFERROR(__xludf.DUMMYFUNCTION("""COMPUTED_VALUE"""),-0.6583300762210907) -> -0.65833008 | AC66: =IFERROR(__xludf.DUMMYFUNCTION("""COMPUTED_VALUE"""),-0.8803334421325975) -> -0.88033344 | AD66: =IFERROR(__xludf.DUMMYFUNCTION("""COMPUTED_VALUE"""),0.875304969591852) -> 0.87530497 | AE66: =IFERROR(__xludf.DUMMYFUNCTION("""COMPUTED_VALUE"""),-0.1568870735724353) -> -0.15688707
A67: =IF(VLOOKUP(H67,'Paste #BBall'!$B$2:$N1001,3,)="BRO","BKN",IF(VLOOKUP(H67,'Paste #BBall'!$B$2:$N1001,3,)="OKL","OKC",VLOOKUP(H67,'Paste #BBall'!$B$2:$N1001,3,))) -> CLE | B67: =VLOOKUP($A67,Schedule!$C$2:$G$31,2,0) -> 4 | C67: =VLOOKUP($A67,Schedule!$C$2:$G$31,3,0) -> 3 | D67: =VLOOKUP($A67,Schedule!$C$2:$G$31,4,0) -> 4 | E67: =SUM(B67:D67) -> 11 | F67: 62 | G67: =IFERROR(__xludf.DUMMYFUNCTION("""COMPUTED_VALUE"""),76.0) -> 76 | H67: =IFERROR(__xludf.DUMMYFUNCTION("""COMPUTED_VALUE"""),"Jarrett Allen") -> Jarrett Allen | I67: =IFERROR(__xludf.DUMMYFUNCTION("""COMPUTED_VALUE"""),68.0) -> 68 | J67: =IFERROR(__xludf.DUMMYFUNCTION("""COMPUTED_VALUE"""),"C") -> C | K67: =IFERROR(__xludf.DUMMYFUNCTION("""COMPUTED_VALUE"""),-0.6620812964382108) -> -0.6620813 | L67: =IFERROR(__xludf.DUMMYFUNCTION("""COMPUTED_VALUE"""),0.9491971521678456) -> 0.94919715 | M67: =IFERROR(__xludf.DUMMYFUNCTION("""COMPUTED_VALUE"""),1.6112784486060563) -> 1.6112784 | N67: =IFERROR(__xludf.DUMMYFUNCTION("""COMPUTED_VALUE"""),14.1) -> 14.1 | O67: =IFERROR(__xludf.DUMMYFUNCTION("""COMPUTED_VALUE"""),0.0) -> 0 | P67: =IFERROR(__xludf.DUMMYFUNCTION("""COMPUTED_VALUE"""),9.7) -> 9.7 | Q67: =IFERROR(__xludf.DUMMYFUNCTION("""COMPUTED_VALUE"""),1.5) -> 1.5 | R67: =IFERROR(__xludf.DUMMYFUNCTION("""COMPUTED_VALUE"""),0.7) -> 0.7 | S67: =IFERROR(__xludf.DUMMYFUNCTION("""COMPUTED_VALUE"""),1.2) -> 1.2 | T67: =IFERROR(__xludf.DUMMYFUNCTION("""COMPUTED_VALUE"""),65.9090909090909) -> 65.909091 | U67: =IFERROR(__xludf.DUMMYFUNCTION("""COMPUTED_VALUE"""),73.52941176470588) -> 73.529412 | V67: =IFERROR(__xludf.DUMMYFUNCTION("""COMPUTED_VALUE"""),1.4) -> 1.4 | W67: =IFERROR(__xludf.DUMMYFUNCTION("""COMPUTED_VALUE"""),-0.5319815965989035) -> -0.5319816 | X67: =IFERROR(__xludf.DUMMYFUNCTION("""COMPUTED_VALUE"""),-1.4261378116187227) -> -1.4261378 | Y67: =IFERROR(__xludf.DUMMYFUNCTION("""COMPUTED_VALUE"""),1.5073046987416343) -> 1.5073047 | Z67: =IFERROR(__xludf.DUMMYFUNCTION("""COMPUTED_VALUE"""),-1.1954976743898784) -> -1.1954977 | AA67: =IFERROR(__xludf.DUMMYFUNCTION("""COMPUTED_VALUE"""),-0.6425203743558983) -> -0.64252037 | AB67: =IFERROR(__xludf.DUMMYFUNCTION("""COMPUTED_VALUE"""),0.6548283204965102) -> 0.65482832 | AC67: =IFERROR(__xludf.DUMMYFUNCTION("""COMPUTED_VALUE"""),1.433707962176812) -> 1.433708 | AD67: =IFERROR(__xludf.DUMMYFUNCTION("""COMPUTED_VALUE"""),-0.46126591164202435) -> -0.46126591 | AE67: =IFERROR(__xludf.DUMMYFUNCTION("""COMPUTED_VALUE"""),0.18462172773959373) -> 0.18462173
A68: =IF(VLOOKUP(H68,'Paste #BBall'!$B$2:$N1001,3,)="BRO","BKN",IF(VLOOKUP(H68,'Paste #BBall'!$B$2:$N1001,3,)="OKL","OKC",VLOOKUP(H68,'Paste #BBall'!$B$2:$N1001,3,))) -> WAS | B68: =VLOOKUP($A68,Schedule!$C$2:$G$31,2,0) -> 4 | C68: =VLOOKUP($A68,Schedule!$C$2:$G$31,3,0) -> 4 | D68: =VLOOKUP($A68,Schedule!$C$2:$G$31,4,0) -> 3 | E68: =SUM(B68:D68) -> 11 | F68: 63 | G68: =IFERROR(__xludf.DUMMYFUNCTION("""COMPUTED_VALUE"""),63.0) -> 63 | H68: =IFERROR(__xludf.DUMMYFUNCTION("""COMPUTED_VALUE"""),"Kyle Kuzma") -> Kyle Kuzma | I68: =IFERROR(__xludf.DUMMYFUNCTION("""COMPUTED_VALUE"""),65.0) -> 65 | J68: =IFERROR(__xludf.DUMMYFUNCTION("""COMPUTED_VALUE"""),"SF,PF") -> SF,PF | K68: =IFERROR(__xludf.DUMMYFUNCTION("""COMPUTED_VALUE"""),-0.011675885692122301) -> -0.011675886 | L68: =IFERROR(__xludf.DUMMYFUNCTION("""COMPUTED_VALUE"""),0.9281138377285512) -> 0.92811384 | M68: =IFERROR(__xludf.DUMMYFUNCTION("""COMPUTED_VALUE"""),0.9397897234206735) -> 0.93978972 | N68: =IFERROR(__xludf.DUMMYFUNCTION("""COMPUTED_VALUE"""),22.1) -> 22.1 | O68: =IFERROR(__xludf.DUMMYFUNCTION("""COMPUTED_VALUE"""),2.6) -> 2.6 | P68: =IFERROR(__xludf.DUMMYFUNCTION("""COMPUTED_VALUE"""),8.1) -> 8.1 | Q68: =IFERROR(__xludf.DUMMYFUNCTION("""COMPUTED_VALUE"""),3.8) -> 3.8 | R68: =IFERROR(__xludf.DUMMYFUNCTION("""COMPUTED_VALUE"""),0.7) -> 0.7 | S68: =IFERROR(__xludf.DUMMYFUNCTION("""COMPUTED_VALUE"""),0.8) -> 0.8 | T68: =IFERROR(__xludf.DUMMYFUNCTION("""COMPUTED_VALUE"""),44.623655913978496) -> 44.623656 | U68: =IFERROR(__xludf.DUMMYFUNCTION("""COMPUTED_VALUE"""),72.5) -> 72.5 | V68: =IFERROR(__xludf.DUMMYFUNCTION("""COMPUTED_VALUE"""),3.2) -> 3.2 | W68: =IFERROR(__xludf.DUMMYFUNCTION("""COMPUTED_VALUE"""),0.816229419068856) -> 0.81622942 | X68: =IFERROR(__xludf.DUMMYFUNCTION("""COMPUTED_VALUE"""),0.8283970344749224) -> 0.82839703 | Y68: =IFERROR(__xludf.DUMMYFUNCTION("""COMPUTED_VALUE"""),0.838258781046069) -> 0.83825878 | Z68: =IFERROR(__xludf.DUMMYFUNCTION("""COMPUTED_VALUE"""),-0.022441082625066444) -> -0.022441083 | AA68: =IFERROR(__xludf.DUMMYFUNCTION("""COMPUTED_VALUE"""),-0.6425203743558983) -> -0.64252037 | AB68: =IFERROR(__xludf.DUMMYFUNCTION("""COMPUTED_VALUE"""),0.12956496180946983) -> 0.12956496 | AC68: =IFERROR(__xludf.DUMMYFUNCTION("""COMPUTED_VALUE"""),-0.9242601729244231) -> -0.92426017 | AD68: =IFERROR(__xludf.DUMMYFUNCTION("""COMPUTED_VALUE"""),-0.6451640454642568) -> -0.64516405 | AE68: =IFERROR(__xludf.DUMMYFUNCTION("""COMPUTED_VALUE"""),-0.37421085622554473) -> -0.37421086
A69: =IF(VLOOKUP(H69,'Paste #BBall'!$B$2:$N1001,3,)="BRO","BKN",IF(VLOOKUP(H69,'Paste #BBall'!$B$2:$N1001,3,)="OKL","OKC",VLOOKUP(H69,'Paste #BBall'!$B$2:$N1001,3,))) -> NO | B69: =VLOOKUP($A69,Schedule!$C$2:$G$31,2,0) -> 3 | C69: =VLOOKUP($A69,Schedule!$C$2:$G$31,3,0) -> 3 | D69: =VLOOKUP($A69,Schedule!$C$2:$G$31,4,0) -> 4 | E69: =SUM(B69:D69) -> 10 | F69: 64 | G69: =IFERROR(__xludf.DUMMYFUNCTION("""COMPUTED_VALUE"""),57.0) -> 57 | H69: =IFERROR(__xludf.DUMMYFUNCTION("""COMPUTED_VALUE"""),"Brandon Ingram") -> Brandon Ingram | I69: =IFERROR(__xludf.DUMMYFUNCTION("""COMPUTED_VALUE"""),60.0) -> 60 | J69: =IFERROR(__xludf.DUMMYFUNCTION("""COMPUTED_VALUE"""),"SG,SF,PF") -> SG,SF,PF | K69: =IFERROR(__xludf.DUMMYFUNCTION("""COMPUTED_VALUE"""),0.13316962359273943) -> 0.13316962 | L69: =IFERROR(__xludf.DUMMYFUNCTION("""COMPUTED_VALUE"""),0.9040778253230328) -> 0.90407783 | M69: =IFERROR(__xludf.DUMMYFUNCTION("""COMPUTED_VALUE"""),0.7709082017302934) -> 0.7709082 | N69: =IFERROR(__xludf.DUMMYFUNCTION("""COMPUTED_VALUE"""),23.0) -> 23 | O69: =IFERROR(__xludf.DUMMYFUNCTION("""COMPUTED_VALUE"""),1.3) -> 1.3 | P69: =IFERROR(__xludf.DUMMYFUNCTION("""COMPUTED_VALUE"""),5.5) -> 5.5 | Q69: =IFERROR(__xludf.DUMMYFUNCTION("""COMPUTED_VALUE"""),5.5) -> 5.5 | R69: =IFERROR(__xludf.DUMMYFUNCTION("""COMPUTED_VALUE"""),0.7) -> 0.7 | S69: =IFERROR(__xludf.DUMMYFUNCTION("""COMPUTED_VALUE"""),0.4) -> 0.4 | T69: =IFERROR(__xludf.DUMMYFUNCTION("""COMPUTED_VALUE"""),46.89265536723165) -> 46.892655 | U69: =IFERROR(__xludf.DUMMYFUNCTION("""COMPUTED_VALUE"""),84.48275862068967) -> 84.482759 | V69: =IFERROR(__xludf.DUMMYFUNCTION("""COMPUTED_VALUE"""),2.9) -> 2.9 | W69: =IFERROR(__xludf.DUMMYFUNCTION("""COMPUTED_VALUE"""),0.9679031583314787) -> 0.96790316 | X69: =IFERROR(__xludf.DUMMYFUNCTION("""COMPUTED_VALUE"""),-0.2988703885719002) -> -0.29887039 | Y69: =IFERROR(__xludf.DUMMYFUNCTION("""COMPUTED_VALUE"""),-0.24894083520922466) -> -0.24894084 | Z69: =IFERROR(__xludf.DUMMYFUNCTION("""COMPUTED_VALUE"""),0.8446007460706644) -> 0.84460075 | AA69: =IFERROR(__xludf.DUMMYFUNCTION("""COMPUTED_VALUE"""),-0.6425203743558983) -> -0.64252037 | AB69: =IFERROR(__xludf.DUMMYFUNCTION("""COMPUTED_VALUE"""),-0.39569839687757064) -> -0.3956984 | AC69: =IFERROR(__xludf.DUMMYFUNCTION("""COMPUTED_VALUE"""),-0.47838082217452865) -> -0.47838082 | AD69: =IFERROR(__xludf.DUMMYFUNCTION("""COMPUTED_VALUE"""),0.7945364559854688) -> 0.79453646 | AE69: =IFERROR(__xludf.DUMMYFUNCTION("""COMPUTED_VALUE"""),-0.28107209223135493) -> -0.28107209
A70: =IF(VLOOKUP(H70,'Paste #BBall'!$B$2:$N1001,3,)="BRO","BKN",IF(VLOOKUP(H70,'Paste #BBall'!$B$2:$N1001,3,)="OKL","OKC",VLOOKUP(H70,'Paste #BBall'!$B$2:$N1001,3,))) -> PHO | B70: =VLOOKUP($A70,Schedule!$C$2:$G$31,2,0) -> 3 | C70: =VLOOKUP($A70,Schedule!$C$2:$G$31,3,0) -> 4 | D70: =VLOOKUP($A70,Schedule!$C$2:$G$31,4,0) -> 3 | E70: =SUM(B70:D70) -> 10 | F70: 65 | G70: =IFERROR(__xludf.DUMMYFUNCTION("""COMPUTED_VALUE"""),56.0) -> 56 | H70: =IFERROR(__xludf.DUMMYFUNCTION("""COMPUTED_VALUE"""),"Bradley Beal") -> Bradley Beal | I70: =IFERROR(__xludf.DUMMYFUNCTION("""COMPUTED_VALUE"""),62.0) -> 62 | J70: =IFERROR(__xludf.DUMMYFUNCTION("""COMPUTED_VALUE"""),"PG,SG") -> PG,SG | K70: =IFERROR(__xludf.DUMMYFUNCTION("""COMPUTED_VALUE"""),0.16176672740822007) -> 0.16176673 | L70: =IFERROR(__xludf.DUMMYFUNCTION("""COMPUTED_VALUE"""),0.8235662545802251) -> 0.82356625 | M70: =IFERROR(__xludf.DUMMYFUNCTION("""COMPUTED_VALUE"""),0.6617995271720051) -> 0.66179953 | N70: =IFERROR(__xludf.DUMMYFUNCTION("""COMPUTED_VALUE"""),20.8) -> 20.8 | O70: =IFERROR(__xludf.DUMMYFUNCTION("""COMPUTED_VALUE"""),1.6) -> 1.6 | P70: =IFERROR(__xludf.DUMMYFUNCTION("""COMPUTED_VALUE"""),4.2) -> 4.2 | Q70: =IFERROR(__xludf.DUMMYFUNCTION("""COMPUTED_VALUE"""),5.7) -> 5.7 | R70: =IFERROR(__xludf.DUMMYFUNCTION("""COMPUTED_VALUE"""),0.9) -> 0.9 | S70: =IFERROR(__xludf.DUMMYFUNCTION("""COMPUTED_VALUE"""),0.5) -> 0.5 | T70: =IFERROR(__xludf.DUMMYFUNCTION("""COMPUTED_VALUE"""),47.5) -> 47.5 | U70: =IFERROR(__xludf.DUMMYFUNCTION("""COMPUTED_VALUE"""),82.97872340425532) -> 82.978723 | V70: =IFERROR(__xludf.DUMMYFUNCTION("""COMPUTED_VALUE"""),3.1) -> 3.1 | W70: =IFERROR(__xludf.DUMMYFUNCTION("""COMPUTED_VALUE"""),0.597145129022845) -> 0.59714513 | X70: =IFERROR(__xludf.DUMMYFUNCTION("""COMPUTED_VALUE"""),-0.03873175248417188) -> -0.038731752 | Y70: =IFERROR(__xludf.DUMMYFUNCTION("""COMPUTED_VALUE"""),-0.7925406433368716) -> -0.79254064 | Z70: =IFERROR(__xludf.DUMMYFUNCTION("""COMPUTED_VALUE"""),0.9466056670936915) -> 0.94660567 | AA70: =IFERROR(__xludf.DUMMYFUNCTION("""COMPUTED_VALUE"""),-0.2064205727568726) -> -0.20642057 | AB70: =IFERROR(__xludf.DUMMYFUNCTION("""COMPUTED_VALUE"""),-0.2643825572058105) -> -0.26438256 | AC70: =IFERROR(__xludf.DUMMYFUNCTION("""COMPUTED_VALUE"""),-0.3353697912160603) -> -0.33536979 | AD70: =IFERROR(__xludf.DUMMYFUNCTION("""COMPUTED_VALUE"""),0.4678847336874187) -> 0.46788473 | AE70: =IFERROR(__xludf.DUMMYFUNCTION("""COMPUTED_VALUE"""),-0.3431646015608148) -> -0.3431646
A71: =IF(VLOOKUP(H71,'Paste #BBall'!$B$2:$N1001,3,)="BRO","BKN",IF(VLOOKUP(H71,'Paste #BBall'!$B$2:$N1001,3,)="OKL","OKC",VLOOKUP(H71,'Paste #BBall'!$B$2:$N1001,3,))) -> OKC | B71: =VLOOKUP($A71,Schedule!$C$2:$G$31,2,0) -> 4 | C71: =VLOOKUP($A71,Schedule!$C$2:$G$31,3,0) -> 3 | D71: =VLOOKUP($A71,Schedule!$C$2:$G$31,4,0) -> 3 | E71: =SUM(B71:D71) -> 10 | F71: 66 | G71: =IFERROR(__xludf.DUMMYFUNCTION("""COMPUTED_VALUE"""),70.0) -> 70 | H71: =IFERROR(__xludf.DUMMYFUNCTION("""COMPUTED_VALUE"""),"Chet Holmgren") -> Chet Holmgren | I71: =IFERROR(__xludf.DUMMYFUNCTION("""COMPUTED_VALUE"""),64.0) -> 64 | J71: =IFERROR(__xludf.DUMMYFUNCTION("""COMPUTED_VALUE"""),"PF,C") -> PF,C | K71: =IFERROR(__xludf.DUMMYFUNCTION("""COMPUTED_VALUE"""),-0.34816147586178403) -> -0.34816148 | L71: =IFERROR(__xludf.DUMMYFUNCTION("""COMPUTED_VALUE"""),0.8202320935307801) -> 0.82023209 | M71: =IFERROR(__xludf.DUMMYFUNCTION("""COMPUTED_VALUE"""),1.1683935693925642) -> 1.1683936 | N71: =IFERROR(__xludf.DUMMYFUNCTION("""COMPUTED_VALUE"""),14.3) -> 14.3 | O71: =IFERROR(__xludf.DUMMYFUNCTION("""COMPUTED_VALUE"""),1.3) -> 1.3 | P71: =IFERROR(__xludf.DUMMYFUNCTION("""COMPUTED_VALUE"""),9.2) -> 9.2 | Q71: =IFERROR(__xludf.DUMMYFUNCTION("""COMPUTED_VALUE"""),1.6) -> 1.6 | R71: =IFERROR(__xludf.DUMMYFUNCTION("""COMPUTED_VALUE"""),0.5) -> 0.5 | S71: =IFERROR(__xludf.DUMMYFUNCTION("""COMPUTED_VALUE"""),2.0) -> 2 | T71: =IFERROR(__xludf.DUMMYFUNCTION("""COMPUTED_VALUE"""),48.07692307692307) -> 48.076923 | U71: =IFERROR(__xludf.DUMMYFUNCTION("""COMPUTED_VALUE"""),75.0) -> 75 | V71: =IFERROR(__xludf.DUMMYFUNCTION("""COMPUTED_VALUE"""),1.2) -> 1.2 | W71: =IFERROR(__xludf.DUMMYFUNCTION("""COMPUTED_VALUE"""),-0.49827632120720944) -> -0.49827632 | X71: =IFERROR(__xludf.DUMMYFUNCTION("""COMPUTED_VALUE"""),-0.2988703885719002) -> -0.29887039 | Y71: =IFERROR(__xludf.DUMMYFUNCTION("""COMPUTED_VALUE"""),1.29822784946177) -> 1.2982278 | Z71: =IFERROR(__xludf.DUMMYFUNCTION("""COMPUTED_VALUE"""),-1.144495213878365) -> -1.1444952 | AA71: =IFERROR(__xludf.DUMMYFUNCTION("""COMPUTED_VALUE"""),-1.0786201759549239) -> -1.0786202 | AB71: =IFERROR(__xludf.DUMMYFUNCTION("""COMPUTED_VALUE"""),1.705355037870591) -> 1.705355 | AC71: =IFERROR(__xludf.DUMMYFUNCTION("""COMPUTED_VALUE"""),-0.15805846253689695) -> -0.15805846 | AD71: =IFERROR(__xludf.DUMMYFUNCTION("""COMPUTED_VALUE"""),-0.3962396825997042) -> -0.39623968 | AE71: =IFERROR(__xludf.DUMMYFUNCTION("""COMPUTED_VALUE"""),0.24671423706905354) -> 0.24671424
A72: =IF(VLOOKUP(H72,'Paste #BBall'!$B$2:$N1001,3,)="BRO","BKN",IF(VLOOKUP(H72,'Paste #BBall'!$B$2:$N1001,3,)="OKL","OKC",VLOOKUP(H72,'Paste #BBall'!$B$2:$N1001,3,))) -> TOR | B72: =VLOOKUP($A72,Schedule!$C$2:$G$31,2,0) -> 3 | C72: =VLOOKUP($A72,Schedule!$C$2:$G$31,3,0) -> 4 | D72: =VLOOKUP($A72,Schedule!$C$2:$G$31,4,0) -> 3 | E72: =SUM(B72:D72) -> 10 | F72: 67 | G72: =IFERROR(__xludf.DUMMYFUNCTION("""COMPUTED_VALUE"""),62.0) -> 62 | H72: =IFERROR(__xludf.DUMMYFUNCTION("""COMPUTED_VALUE"""),"Scottie Barnes") -> Scottie Barnes | I72: =IFERROR(__xludf.DUMMYFUNCTION("""COMPUTED_VALUE"""),76.0) -> 76 | J72: =IFERROR(__xludf.DUMMYFUNCTION("""COMPUTED_VALUE"""),"SF,PF") -> SF,PF | K72: =IFERROR(__xludf.DUMMYFUNCTION("""COMPUTED_VALUE"""),-0.009037297330294312) -> -0.0090372973 | L72: =IFERROR(__xludf.DUMMYFUNCTION("""COMPUTED_VALUE"""),0.7601529830819346) -> 0.76015298 | M72: =IFERROR(__xludf.DUMMYFUNCTION("""COMPUTED_VALUE"""),0.7691902804122289) -> 0.76919028 | N72: =IFERROR(__xludf.DUMMYFUNCTION("""COMPUTED_VALUE"""),15.0) -> 15 | O72: =IFERROR(__xludf.DUMMYFUNCTION("""COMPUTED_VALUE"""),0.8) -> 0.8 | P72: =IFERROR(__xludf.DUMMYFUNCTION("""COMPUTED_VALUE"""),6.9) -> 6.9 | Q72: =IFERROR(__xludf.DUMMYFUNCTION("""COMPUTED_VALUE"""),5.1) -> 5.1 | R72: =IFERROR(__xludf.DUMMYFUNCTION("""COMPUTED_VALUE"""),1.1) -> 1.1 | S72: =IFERROR(__xludf.DUMMYFUNCTION("""COMPUTED_VALUE"""),0.8) -> 0.8 | T72: =IFERROR(__xludf.DUMMYFUNCTION("""COMPUTED_VALUE"""),47.61904761904762) -> 47.619048 | U72: =IFERROR(__xludf.DUMMYFUNCTION("""COMPUTED_VALUE"""),79.31034482758619) -> 79.310345 | V72: =IFERROR(__xludf.DUMMYFUNCTION("""COMPUTED_VALUE"""),1.9) -> 1.9 | W72: =IFERROR(__xludf.DUMMYFUNCTION("""COMPUTED_VALUE"""),-0.3803078573362806) -> -0.38030786 | X72: =IFERROR(__xludf.DUMMYFUNCTION("""COMPUTED_VALUE"""),-0.7324347820514473) -> -0.73243478 | Y72: =IFERROR(__xludf.DUMMYFUNCTION("""COMPUTED_VALUE"""),0.33647434277439525) -> 0.33647434 | Z72: =IFERROR(__xludf.DUMMYFUNCTION("""COMPUTED_VALUE"""),0.6405909040246098) -> 0.6405909 | AA72: =IFERROR(__xludf.DUMMYFUNCTION("""COMPUTED_VALUE"""),0.22967922884215308) -> 0.22967923 | AB72: =IFERROR(__xludf.DUMMYFUNCTION("""COMPUTED_VALUE"""),0.12956496180946983) -> 0.12956496 | AC72: =IFERROR(__xludf.DUMMYFUNCTION("""COMPUTED_VALUE"""),-0.24912073514426122) -> -0.24912074 | AD72: =IFERROR(__xludf.DUMMYFUNCTION("""COMPUTED_VALUE"""),0.023881683695904318) -> 0.023881684 | AE72: =IFERROR(__xludf.DUMMYFUNCTION("""COMPUTED_VALUE"""),0.029390454415944182) -> 0.029390454
A73: =IF(VLOOKUP(H73,'Paste #BBall'!$B$2:$N1001,3,)="BRO","BKN",IF(VLOOKUP(H73,'Paste #BBall'!$B$2:$N1001,3,)="OKL","OKC",VLOOKUP(H73,'Paste #BBall'!$B$2:$N1001,3,))) -> LAL | B73: =VLOOKUP($A73,Schedule!$C$2:$G$31,2,0) -> 4 | C73: =VLOOKUP($A73,Schedule!$C$2:$G$31,3,0) -> 2 | D73: =VLOOKUP($A73,Schedule!$C$2:$G$31,4,0) -> 3 | E73: =SUM(B73:D73) -> 9 | F73: 68 | G73: =IFERROR(__xludf.DUMMYFUNCTION("""COMPUTED_VALUE"""),80.0) -> 80 | H73: =IFERROR(__xludf.DUMMYFUNCTION("""COMPUTED_VALUE"""),"D'Angelo Russell") -> D'Angelo Russell | I73: =IFERROR(__xludf.DUMMYFUNCTION("""COMPUTED_VALUE"""),70.0) -> 70 | J73: =IFERROR(__xludf.DUMMYFUNCTION("""COMPUTED_VALUE"""),"PG,SG") -> PG,SG | K73: =IFERROR(__xludf.DUMMYFUNCTION("""COMPUTED_VALUE"""),-0.7488240870115215) -> -0.74882409 | L73: =IFERROR(__xludf.DUMMYFUNCTION("""COMPUTED_VALUE"""),0.727002165468104) -> 0.72700217 | M73: =IFERROR(__xludf.DUMMYFUNCTION("""COMPUTED_VALUE"""),1.4758262524796255) -> 1.4758263 | N73: =IFERROR(__xludf.DUMMYFUNCTION("""COMPUTED_VALUE"""),16.9) -> 16.9 | O73: =IFERROR(__xludf.DUMMYFUNCTION("""COMPUTED_VALUE"""),2.6) -> 2.6 | P73: =IFERROR(__xludf.DUMMYFUNCTION("""COMPUTED_VALUE"""),3.0) -> 3 | Q73: =IFERROR(__xludf.DUMMYFUNCTION("""COMPUTED_VALUE"""),6.2) -> 6.2 | R73: =IFERROR(__xludf.DUMMYFUNCTION("""COMPUTED_VALUE"""),0.9) -> 0.9 | S73: =IFERROR(__xludf.DUMMYFUNCTION("""COMPUTED_VALUE"""),0.4) -> 0.4 | T73: =IFERROR(__xludf.DUMMYFUNCTION("""COMPUTED_VALUE"""),44.3609022556391) -> 44.360902 | U73: =IFERROR(__xludf.DUMMYFUNCTION("""COMPUTED_VALUE"""),81.25) -> 81.25 | V73: =IFERROR(__xludf.DUMMYFUNCTION("""COMPUTED_VALUE"""),2.4) -> 2.4 | W73: =IFERROR(__xludf.DUMMYFUNCTION("""COMPUTED_VALUE"""),-0.06010774111518802) -> -0.060107741 | X73: =IFERROR(__xludf.DUMMYFUNCTION("""COMPUTED_VALUE"""),0.8283970344749224) -> 0.82839703 | Y73: =IFERROR(__xludf.DUMMYFUNCTION("""COMPUTED_VALUE"""),-1.2943250816085456) -> -1.2943251 | Z73: =IFERROR(__xludf.DUMMYFUNCTION("""COMPUTED_VALUE"""),1.2016179696512597) -> 1.201618 | AA73: =IFERROR(__xludf.DUMMYFUNCTION("""COMPUTED_VALUE"""),-0.2064205727568726) -> -0.20642057 | AB73: =IFERROR(__xludf.DUMMYFUNCTION("""COMPUTED_VALUE"""),-0.39569839687757064) -> -0.3956984 | AC73: =IFERROR(__xludf.DUMMYFUNCTION("""COMPUTED_VALUE"""),-0.6958022886500829) -> -0.69580229 | AD73: =IFERROR(__xludf.DUMMYFUNCTION("""COMPUTED_VALUE"""),0.1808569796493414) -> 0.18085698 | AE73: =IFERROR(__xludf.DUMMYFUNCTION("""COMPUTED_VALUE"""),-0.12584081890770538) -> -0.12584082
A74: =IF(VLOOKUP(H74,'Paste #BBall'!$B$2:$N1001,3,)="BRO","BKN",IF(VLOOKUP(H74,'Paste #BBall'!$B$2:$N1001,3,)="OKL","OKC",VLOOKUP(H74,'Paste #BBall'!$B$2:$N1001,3,))) -> GS | B74: =VLOOKUP($A74,Schedule!$C$2:$G$31,2,0) -> 3 | C74: =VLOOKUP($A74,Schedule!$C$2:$G$31,3,0) -> 3 | D74: =VLOOKUP($A74,Schedule!$C$2:$G$31,4,0) -> 4 | E74: =SUM(B74:D74) -> 10 | F74: 69 | G74: =IFERROR(__xludf.DUMMYFUNCTION("""COMPUTED_VALUE"""),78.0) -> 78 | H74: =IFERROR(__xludf.DUMMYFUNCTION("""COMPUTED_VALUE"""),"Klay Thompson") -> Klay Thompson | I74: =IFERROR(__xludf.DUMMYFUNCTION("""COMPUTED_VALUE"""),68.0) -> 68 | J74: =IFERROR(__xludf.DUMMYFUNCTION("""COMPUTED_VALUE"""),"SG,SF") -> SG,SF | K74: =IFERROR(__xludf.DUMMYFUNCTION("""COMPUTED_VALUE"""),-0.7236982368779811) -> -0.72369824 | L74: =IFERROR(__xludf.DUMMYFUNCTION("""COMPUTED_VALUE"""),0.7092912966210585) -> 0.7092913 | M74: =IFERROR(__xludf.DUMMYFUNCTION("""COMPUTED_VALUE"""),1.4329895334990397) -> 1.4329895 | N74: =IFERROR(__xludf.DUMMYFUNCTION("""COMPUTED_VALUE"""),21.2) -> 21.2 | O74: =IFERROR(__xludf.DUMMYFUNCTION("""COMPUTED_VALUE"""),4.2) -> 4.2 | P74: =IFERROR(__xludf.DUMMYFUNCTION("""COMPUTED_VALUE"""),4.0) -> 4 | Q74: =IFERROR(__xludf.DUMMYFUNCTION("""COMPUTED_VALUE"""),2.4) -> 2.4 | R74: =IFERROR(__xludf.DUMMYFUNCTION("""COMPUTED_VALUE"""),0.6) -> 0.6 | S74: =IFERROR(__xludf.DUMMYFUNCTION("""COMPUTED_VALUE"""),0.5) -> 0.5 | T74: =IFERROR(__xludf.DUMMYFUNCTION("""COMPUTED_VALUE"""),43.258426966292134) -> 43.258427 | U74: =IFERROR(__xludf.DUMMYFUNCTION("""COMPUTED_VALUE"""),88.8888888888889) -> 88.888889 | V74: =IFERROR(__xludf.DUMMYFUNCTION("""COMPUTED_VALUE"""),1.6) -> 1.6 | W74: =IFERROR(__xludf.DUMMYFUNCTION("""COMPUTED_VALUE"""),0.6645556798062328) -> 0.66455568 | X74: =IFERROR(__xludf.DUMMYFUNCTION("""COMPUTED_VALUE"""),2.215803093609473) -> 2.2158031 | Y74: =IFERROR(__xludf.DUMMYFUNCTION("""COMPUTED_VALUE"""),-0.8761713830488173) -> -0.87617138 | Z74: =IFERROR(__xludf.DUMMYFUNCTION("""COMPUTED_VALUE"""),-0.7364755297862564) -> -0.73647553 | AA74: =IFERROR(__xludf.DUMMYFUNCTION("""COMPUTED_VALUE"""),-0.860570275155411) -> -0.86057028 | AB74: =IFERROR(__xludf.DUMMYFUNCTION("""COMPUTED_VALUE"""),-0.2643825572058105) -> -0.26438256 | AC74: =IFERROR(__xludf.DUMMYFUNCTION("""COMPUTED_VALUE"""),-1.1272419897932755) -> -1.127242 | AD74: =IFERROR(__xludf.DUMMYFUNCTION("""COMPUTED_VALUE"""),0.44400304999151435) -> 0.44400305 | AE74: =IFERROR(__xludf.DUMMYFUNCTION("""COMPUTED_VALUE"""),0.12252921841013387) -> 0.12252922
A75: =IF(VLOOKUP(H75,'Paste #BBall'!$B$2:$N1001,3,)="BRO","BKN",IF(VLOOKUP(H75,'Paste #BBall'!$B$2:$N1001,3,)="OKL","OKC",VLOOKUP(H75,'Paste #BBall'!$B$2:$N1001,3,))) -> OKC | B75: =VLOOKUP($A75,Schedule!$C$2:$G$31,2,0) -> 4 | C75: =VLOOKUP($A75,Schedule!$C$2:$G$31,3,0) -> 3 | D75: =VLOOKUP($A75,Schedule!$C$2:$G$31,4,0) -> 3 | E75: =SUM(B75:D75) -> 10 | F75: 70 | G75: =IFERROR(__xludf.DUMMYFUNCTION("""COMPUTED_VALUE"""),61.0) -> 61 | H75: =IFERROR(__xludf.DUMMYFUNCTION("""COMPUTED_VALUE"""),"Josh Giddey") -> Josh Giddey | I75: =IFERROR(__xludf.DUMMYFUNCTION("""COMPUTED_VALUE"""),74.0) -> 74 | J75: =IFERROR(__xludf.DUMMYFUNCTION("""COMPUTED_VALUE"""),"SG,SF,PF") -> SG,SF,PF | K75: =IFERROR(__xludf.DUMMYFUNCTION("""COMPUTED_VALUE"""),-0.004844422007935556) -> -0.004844422 | L75: =IFERROR(__xludf.DUMMYFUNCTION("""COMPUTED_VALUE"""),0.6965497428787317) -> 0.69654974 | M75: =IFERROR(__xludf.DUMMYFUNCTION("""COMPUTED_VALUE"""),0.7013941648866673) -> 0.70139416 | N75: =IFERROR(__xludf.DUMMYFUNCTION("""COMPUTED_VALUE"""),17.3) -> 17.3 | O75: =IFERROR(__xludf.DUMMYFUNCTION("""COMPUTED_VALUE"""),1.1) -> 1.1 | P75: =IFERROR(__xludf.DUMMYFUNCTION("""COMPUTED_VALUE"""),8.1) -> 8.1 | Q75: =IFERROR(__xludf.DUMMYFUNCTION("""COMPUTED_VALUE"""),6.5) -> 6.5 | R75: =IFERROR(__xludf.DUMMYFUNCTION("""COMPUTED_VALUE"""),0.9) -> 0.9 | S75: =IFERROR(__xludf.DUMMYFUNCTION("""COMPUTED_VALUE"""),0.4) -> 0.4 | T75: =IFERROR(__xludf.DUMMYFUNCTION("""COMPUTED_VALUE"""),47.77070063694268) -> 47.770701 | U75: =IFERROR(__xludf.DUMMYFUNCTION("""COMPUTED_VALUE"""),72.22222222222221) -> 72.222222 | V75: =IFERROR(__xludf.DUMMYFUNCTION("""COMPUTED_VALUE"""),3.0) -> 3 | W75: =IFERROR(__xludf.DUMMYFUNCTION("""COMPUTED_VALUE"""),0.007302809668200307) -> 0.0073028097 | X75: =IFERROR(__xludf.DUMMYFUNCTION("""COMPUTED_VALUE"""),-0.472296145963719) -> -0.47229615 | Y75: =IFERROR(__xludf.DUMMYFUNCTION("""COMPUTED_VALUE"""),0.838258781046069) -> 0.83825878 | Z75: =IFERROR(__xludf.DUMMYFUNCTION("""COMPUTED_VALUE"""),1.3546253511858) -> 1.3546254 | AA75: =IFERROR(__xludf.DUMMYFUNCTION("""COMPUTED_VALUE"""),-0.2064205727568726) -> -0.20642057 | AB75: =IFERROR(__xludf.DUMMYFUNCTION("""COMPUTED_VALUE"""),-0.39569839687757064) -> -0.3956984 | AC75: =IFERROR(__xludf.DUMMYFUNCTION("""COMPUTED_VALUE"""),-0.2866298438886661) -> -0.28662984 | AD75: =IFERROR(__xludf.DUMMYFUNCTION("""COMPUTED_VALUE"""),-0.3027700386021432) -> -0.30277004 | AE75: =IFERROR(__xludf.DUMMYFUNCTION("""COMPUTED_VALUE"""),-0.31211834689608486) -> -0.31211835
A76: =IF(VLOOKUP(H76,'Paste #BBall'!$B$2:$N1001,3,)="BRO","BKN",IF(VLOOKUP(H76,'Paste #BBall'!$B$2:$N1001,3,)="OKL","OKC",VLOOKUP(H76,'Paste #BBall'!$B$2:$N1001,3,))) -> NO | B76: =VLOOKUP($A76,Schedule!$C$2:$G$31,2,0) -> 3 | C76: =VLOOKUP($A76,Schedule!$C$2:$G$31,3,0) -> 3 | D76: =VLOOKUP($A76,Schedule!$C$2:$G$31,4,0) -> 4 | E76: =SUM(B76:D76) -> 10 | F76: 71 | G76: =IFERROR(__xludf.DUMMYFUNCTION("""COMPUTED_VALUE"""),73.0) -> 73 | H76: =IFERROR(__xludf.DUMMYFUNCTION("""COMPUTED_VALUE"""),"CJ McCollum") -> CJ McCollum | I76: =IFERROR(__xludf.DUMMYFUNCTION("""COMPUTED_VALUE"""),72.0) -> 72 | J76: =IFERROR(__xludf.DUMMYFUNCTION("""COMPUTED_VALUE"""),"PG,SG") -> PG,SG | K76: =IFERROR(__xludf.DUMMYFUNCTION("""COMPUTED_VALUE"""),-0.4721888113577693) -> -0.47218881 | L76: =IFERROR(__xludf.DUMMYFUNCTION("""COMPUTED_VALUE"""),0.6355646940724191) -> 0.63556469 | M76: =IFERROR(__xludf.DUMMYFUNCTION("""COMPUTED_VALUE"""),1.1077535054301884) -> 1.1077535 | N76: =IFERROR(__xludf.DUMMYFUNCTION("""COMPUTED_VALUE"""),20.5) -> 20.5 | O76: =IFERROR(__xludf.DUMMYFUNCTION("""COMPUTED_VALUE"""),2.7) -> 2.7 | P76: =IFERROR(__xludf.DUMMYFUNCTION("""COMPUTED_VALUE"""),4.2) -> 4.2 | Q76: =IFERROR(__xludf.DUMMYFUNCTION("""COMPUTED_VALUE"""),5.2) -> 5.2 | R76: =IFERROR(__xludf.DUMMYFUNCTION("""COMPUTED_VALUE"""),1.0) -> 1 | S76: =IFERROR(__xludf.DUMMYFUNCTION("""COMPUTED_VALUE"""),0.4) -> 0.4 | T76: =IFERROR(__xludf.DUMMYFUNCTION("""COMPUTED_VALUE"""),44.57142857142857) -> 44.571429 | U76: =IFERROR(__xludf.DUMMYFUNCTION("""COMPUTED_VALUE"""),75.00000000000001) -> 75 | V76: =IFERROR(__xludf.DUMMYFUNCTION("""COMPUTED_VALUE"""),2.2) -> 2.2 | W76: =IFERROR(__xludf.DUMMYFUNCTION("""COMPUTED_VALUE"""),0.5465872159353039) -> 0.54658722 | X76: =IFERROR(__xludf.DUMMYFUNCTION("""COMPUTED_VALUE"""),0.9151099131708318) -> 0.91510991 | Y76: =IFERROR(__xludf.DUMMYFUNCTION("""COMPUTED_VALUE"""),-0.7925406433368716) -> -0.79254064 | Z76: =IFERROR(__xludf.DUMMYFUNCTION("""COMPUTED_VALUE"""),0.6915933645361237) -> 0.69159336 | AA76: =IFERROR(__xludf.DUMMYFUNCTION("""COMPUTED_VALUE"""),0.011629328042640127) -> 0.011629328 | AB76: =IFERROR(__xludf.DUMMYFUNCTION("""COMPUTED_VALUE"""),-0.39569839687757064) -> -0.3956984 | AC76: =IFERROR(__xludf.DUMMYFUNCTION("""COMPUTED_VALUE"""),-0.8787290366207401) -> -0.87872904 | AD76: =IFERROR(__xludf.DUMMYFUNCTION("""COMPUTED_VALUE"""),-0.2773677778197922) -> -0.27736778 | AE76: =IFERROR(__xludf.DUMMYFUNCTION("""COMPUTED_VALUE"""),-0.06374830957824563) -> -0.06374831
A77: =IF(VLOOKUP(H77,'Paste #BBall'!$B$2:$N1001,3,)="BRO","BKN",IF(VLOOKUP(H77,'Paste #BBall'!$B$2:$N1001,3,)="OKL","OKC",VLOOKUP(H77,'Paste #BBall'!$B$2:$N1001,3,))) -> CHA | B77: =VLOOKUP($A77,Schedule!$C$2:$G$31,2,0) -> 3 | C77: =VLOOKUP($A77,Schedule!$C$2:$G$31,3,0) -> 4 | D77: =VLOOKUP($A77,Schedule!$C$2:$G$31,4,0) -> 2 | E77: =SUM(B77:D77) -> 9 | F77: 72 | G77: =IFERROR(__xludf.DUMMYFUNCTION("""COMPUTED_VALUE"""),85.0) -> 85 | H77: =IFERROR(__xludf.DUMMYFUNCTION("""COMPUTED_VALUE"""),"Mark Williams") -> Mark Williams | I77: =IFERROR(__xludf.DUMMYFUNCTION("""COMPUTED_VALUE"""),70.0) -> 70 | J77: =IFERROR(__xludf.DUMMYFUNCTION("""COMPUTED_VALUE"""),"C") -> C | K77: =IFERROR(__xludf.DUMMYFUNCTION("""COMPUTED_VALUE"""),-1.0279423701134938) -> -1.0279424 | L77: =IFERROR(__xludf.DUMMYFUNCTION("""COMPUTED_VALUE"""),0.6235352476181801) -> 0.62353525 | M77: =IFERROR(__xludf.DUMMYFUNCTION("""COMPUTED_VALUE"""),1.651477617731674) -> 1.6514776 | N77: =IFERROR(__xludf.DUMMYFUNCTION("""COMPUTED_VALUE"""),12.6) -> 12.6 | O77: =IFERROR(__xludf.DUMMYFUNCTION("""COMPUTED_VALUE"""),0.0) -> 0 | P77: =IFERROR(__xludf.DUMMYFUNCTION("""COMPUTED_VALUE"""),9.9) -> 9.9 | Q77: =IFERROR(__xludf.DUMMYFUNCTION("""COMPUTED_VALUE"""),0.6) -> 0.6 | R77: =IFERROR(__xludf.DUMMYFUNCTION("""COMPUTED_VALUE"""),0.9) -> 0.9 | S77: =IFERROR(__xludf.DUMMYFUNCTION("""COMPUTED_VALUE"""),1.4) -> 1.4 | T77: =IFERROR(__xludf.DUMMYFUNCTION("""COMPUTED_VALUE"""),63.41463414634148) -> 63.414634 | U77: =IFERROR(__xludf.DUMMYFUNCTION("""COMPUTED_VALUE"""),68.75) -> 68.75 | V77: =IFERROR(__xludf.DUMMYFUNCTION("""COMPUTED_VALUE"""),1.3) -> 1.3 | W77: =IFERROR(__xludf.DUMMYFUNCTION("""COMPUTED_VALUE"""),-0.7847711620366085) -> -0.78477116 | X77: =IFERROR(__xludf.DUMMYFUNCTION("""COMPUTED_VALUE"""),-1.4261378116187227) -> -1.4261378 | Y77: =IFERROR(__xludf.DUMMYFUNCTION("""COMPUTED_VALUE"""),1.5909354384535805) -> 1.5909354 | Z77: =IFERROR(__xludf.DUMMYFUNCTION("""COMPUTED_VALUE"""),-1.6545198189935006) -> -1.6545198 | AA77: =IFERROR(__xludf.DUMMYFUNCTION("""COMPUTED_VALUE"""),-0.2064205727568726) -> -0.20642057 | AB77: =IFERROR(__xludf.DUMMYFUNCTION("""COMPUTED_VALUE"""),0.9174599998400302) -> 0.91746 | AC77: =IFERROR(__xludf.DUMMYFUNCTION("""COMPUTED_VALUE"""),1.131641845141318) -> 1.1316418 | AD77: =IFERROR(__xludf.DUMMYFUNCTION("""COMPUTED_VALUE"""),-0.8148404718088682) -> -0.81484047 | AE77: =IFERROR(__xludf.DUMMYFUNCTION("""COMPUTED_VALUE"""),0.2156679824043236) -> 0.21566798
A78: =IF(VLOOKUP(H78,'Paste #BBall'!$B$2:$N1001,3,)="BRO","BKN",IF(VLOOKUP(H78,'Paste #BBall'!$B$2:$N1001,3,)="OKL","OKC",VLOOKUP(H78,'Paste #BBall'!$B$2:$N1001,3,))) -> MIL | B78: =VLOOKUP($A78,Schedule!$C$2:$G$31,2,0) -> 4 | C78: =VLOOKUP($A78,Schedule!$C$2:$G$31,3,0) -> 3 | D78: =VLOOKUP($A78,Schedule!$C$2:$G$31,4,0) -> 3 | E78: =SUM(B78:D78) -> 10 | F78: 73 | G78: =IFERROR(__xludf.DUMMYFUNCTION("""COMPUTED_VALUE"""),55.0) -> 55 | H78: =IFERROR(__xludf.DUMMYFUNCTION("""COMPUTED_VALUE"""),"Khris Middleton") -> Khris Middleton | I78: =IFERROR(__xludf.DUMMYFUNCTION("""COMPUTED_VALUE"""),65.0) -> 65 | J78: =IFERROR(__xludf.DUMMYFUNCTION("""COMPUTED_VALUE"""),"SF,PF") -> SF,PF | K78: =IFERROR(__xludf.DUMMYFUNCTION("""COMPUTED_VALUE"""),0.17016415538602003) -> 0.17016416 | L78: =IFERROR(__xludf.DUMMYFUNCTION("""COMPUTED_VALUE"""),0.6058181685500269) -> 0.60581817 | M78: =IFERROR(__xludf.DUMMYFUNCTION("""COMPUTED_VALUE"""),0.43565401316400687) -> 0.43565401 | N78: =IFERROR(__xludf.DUMMYFUNCTION("""COMPUTED_VALUE"""),17.6) -> 17.6 | O78: =IFERROR(__xludf.DUMMYFUNCTION("""COMPUTED_VALUE"""),2.0) -> 2 | P78: =IFERROR(__xludf.DUMMYFUNCTION("""COMPUTED_VALUE"""),4.9) -> 4.9 | Q78: =IFERROR(__xludf.DUMMYFUNCTION("""COMPUTED_VALUE"""),4.1) -> 4.1 | R78: =IFERROR(__xludf.DUMMYFUNCTION("""COMPUTED_VALUE"""),1.1) -> 1.1 | S78: =IFERROR(__xludf.DUMMYFUNCTION("""COMPUTED_VALUE"""),0.3) -> 0.3 | T78: =IFERROR(__xludf.DUMMYFUNCTION("""COMPUTED_VALUE"""),45.0) -> 45 | U78: =IFERROR(__xludf.DUMMYFUNCTION("""COMPUTED_VALUE"""),91.1764705882353) -> 91.176471 | V78: =IFERROR(__xludf.DUMMYFUNCTION("""COMPUTED_VALUE"""),2.4) -> 2.4 | W78: =IFERROR(__xludf.DUMMYFUNCTION("""COMPUTED_VALUE"""),0.0578607227557414) -> 0.057860723 | X78: =IFERROR(__xludf.DUMMYFUNCTION("""COMPUTED_VALUE"""),0.30811976229946575) -> 0.30811976 | Y78: =IFERROR(__xludf.DUMMYFUNCTION("""COMPUTED_VALUE"""),-0.4998330543450616) -> -0.49983305 | Z78: =IFERROR(__xludf.DUMMYFUNCTION("""COMPUTED_VALUE"""),0.1305662989094742) -> 0.1305663 | AA78: =IFERROR(__xludf.DUMMYFUNCTION("""COMPUTED_VALUE"""),0.22967922884215308) -> 0.22967923 | AB78: =IFERROR(__xludf.DUMMYFUNCTION("""COMPUTED_VALUE"""),-0.5270142365493308) -> -0.52701424 | AC78: =IFERROR(__xludf.DUMMYFUNCTION("""COMPUTED_VALUE"""),-0.6430513275430497) -> -0.64305133 | AD78: =IFERROR(__xludf.DUMMYFUNCTION("""COMPUTED_VALUE"""),1.0322802655452903) -> 1.0322803 | AE78: =IFERROR(__xludf.DUMMYFUNCTION("""COMPUTED_VALUE"""),-0.12584081890770538) -> -0.12584082
A79: =IF(VLOOKUP(H79,'Paste #BBall'!$B$2:$N1001,3,)="BRO","BKN",IF(VLOOKUP(H79,'Paste #BBall'!$B$2:$N1001,3,)="OKL","OKC",VLOOKUP(H79,'Paste #BBall'!$B$2:$N1001,3,))) -> MIN | B79: =VLOOKUP($A79,Schedule!$C$2:$G$31,2,0) -> 4 | C79: =VLOOKUP($A79,Schedule!$C$2:$G$31,3,0) -> 2 | D79: =VLOOKUP($A79,Schedule!$C$2:$G$31,4,0) -> 4 | E79: =SUM(B79:D79) -> 10 | F79: 74 | G79: =IFERROR(__xludf.DUMMYFUNCTION("""COMPUTED_VALUE"""),91.0) -> 91 | H79: =IFERROR(__xludf.DUMMYFUNCTION("""COMPUTED_VALUE"""),"Rudy Gobert") -> Rudy Gobert | I79: =IFERROR(__xludf.DUMMYFUNCTION("""COMPUTED_VALUE"""),68.0) -> 68 | J79: =IFERROR(__xludf.DUMMYFUNCTION("""COMPUTED_VALUE"""),"C") -> C | K79: =IFERROR(__xludf.DUMMYFUNCTION("""COMPUTED_VALUE"""),-1.3201981517384154) -> -1.3201982 | L79: =IFERROR(__xludf.DUMMYFUNCTION("""COMPUTED_VALUE"""),0.5949515346794312) -> 0.59495153 | M79: =IFERROR(__xludf.DUMMYFUNCTION("""COMPUTED_VALUE"""),1.9151496864178466) -> 1.9151497 | N79: =IFERROR(__xludf.DUMMYFUNCTION("""COMPUTED_VALUE"""),13.5) -> 13.5 | O79: =IFERROR(__xludf.DUMMYFUNCTION("""COMPUTED_VALUE"""),0.0) -> 0 | P79: =IFERROR(__xludf.DUMMYFUNCTION("""COMPUTED_VALUE"""),11.5) -> 11.5 | Q79: =IFERROR(__xludf.DUMMYFUNCTION("""COMPUTED_VALUE"""),1.1) -> 1.1 | R79: =IFERROR(__xludf.DUMMYFUNCTION("""COMPUTED_VALUE"""),0.7) -> 0.7 | S79: =IFERROR(__xludf.DUMMYFUNCTION("""COMPUTED_VALUE"""),1.4) -> 1.4 | T79: =IFERROR(__xludf.DUMMYFUNCTION("""COMPUTED_VALUE"""),69.44444444444444) -> 69.444444 | U79: =IFERROR(__xludf.DUMMYFUNCTION("""COMPUTED_VALUE"""),66.66666666666666) -> 66.666667 | V79: =IFERROR(__xludf.DUMMYFUNCTION("""COMPUTED_VALUE"""),1.7) -> 1.7 | W79: =IFERROR(__xludf.DUMMYFUNCTION("""COMPUTED_VALUE"""),-0.6330974227739855) -> -0.63309742 | X79: =IFERROR(__xludf.DUMMYFUNCTION("""COMPUTED_VALUE"""),-1.4261378116187227) -> -1.4261378 | Y79: =IFERROR(__xludf.DUMMYFUNCTION("""COMPUTED_VALUE"""),2.259981356149146) -> 2.2599814 | Z79: =IFERROR(__xludf.DUMMYFUNCTION("""COMPUTED_VALUE"""),-1.3995075164359327) -> -1.3995075 | AA79: =IFERROR(__xludf.DUMMYFUNCTION("""COMPUTED_VALUE"""),-0.6425203743558983) -> -0.64252037 | AB79: =IFERROR(__xludf.DUMMYFUNCTION("""COMPUTED_VALUE"""),0.9174599998400302) -> 0.91746 | AC79: =IFERROR(__xludf.DUMMYFUNCTION("""COMPUTED_VALUE"""),1.42729034012939) -> 1.4272903 | AD79: =IFERROR(__xludf.DUMMYFUNCTION("""COMPUTED_VALUE"""),-1.6550832044000867) -> -1.6550832 | AE79: =IFERROR(__xludf.DUMMYFUNCTION("""COMPUTED_VALUE"""),0.09148296374540399) -> 0.091482964
A80: =IF(VLOOKUP(H80,'Paste #BBall'!$B$2:$N1001,3,)="BRO","BKN",IF(VLOOKUP(H80,'Paste #BBall'!$B$2:$N1001,3,)="OKL","OKC",VLOOKUP(H80,'Paste #BBall'!$B$2:$N1001,3,))) -> ORL | B80: =VLOOKUP($A80,Schedule!$C$2:$G$31,2,0) -> 4 | C80: =VLOOKUP($A80,Schedule!$C$2:$G$31,3,0) -> 3 | D80: =VLOOKUP($A80,Schedule!$C$2:$G$31,4,0) -> 3 | E80: =SUM(B80:D80) -> 10 | F80: 75 | G80: =IFERROR(__xludf.DUMMYFUNCTION("""COMPUTED_VALUE"""),69.0) -> 69 | H80: =IFERROR(__xludf.DUMMYFUNCTION("""COMPUTED_VALUE"""),"Markelle Fultz") -> Markelle Fultz | I80: =IFERROR(__xludf.DUMMYFUNCTION("""COMPUTED_VALUE"""),60.0) -> 60 | J80: =IFERROR(__xludf.DUMMYFUNCTION("""COMPUTED_VALUE"""),"PG,SG") -> PG,SG | K80: =IFERROR(__xludf.DUMMYFUNCTION("""COMPUTED_VALUE"""),-0.33309018875855173) -> -0.33309019 | L80: =IFERROR(__xludf.DUMMYFUNCTION("""COMPUTED_VALUE"""),0.5021711334249961) -> 0.50217113 | M80: =IFERROR(__xludf.DUMMYFUNCTION("""COMPUTED_VALUE"""),0.8352613221835479) -> 0.83526132 | N80: =IFERROR(__xludf.DUMMYFUNCTION("""COMPUTED_VALUE"""),14.4) -> 14.4 | O80: =IFERROR(__xludf.DUMMYFUNCTION("""COMPUTED_VALUE"""),0.4) -> 0.4 | P80: =IFERROR(__xludf.DUMMYFUNCTION("""COMPUTED_VALUE"""),4.0) -> 4 | Q80: =IFERROR(__xludf.DUMMYFUNCTION("""COMPUTED_VALUE"""),6.2) -> 6.2 | R80: =IFERROR(__xludf.DUMMYFUNCTION("""COMPUTED_VALUE"""),1.5) -> 1.5 | S80: =IFERROR(__xludf.DUMMYFUNCTION("""COMPUTED_VALUE"""),0.4) -> 0.4 | T80: =IFERROR(__xludf.DUMMYFUNCTION("""COMPUTED_VALUE"""),50.42016806722689) -> 50.420168 | U80: =IFERROR(__xludf.DUMMYFUNCTION("""COMPUTED_VALUE"""),79.16666666666666) -> 79.166667 | V80: =IFERROR(__xludf.DUMMYFUNCTION("""COMPUTED_VALUE"""),2.5) -> 2.5 | W80: =IFERROR(__xludf.DUMMYFUNCTION("""COMPUTED_VALUE"""),-0.4814236835113625) -> -0.48142368 | X80: =IFERROR(__xludf.DUMMYFUNCTION("""COMPUTED_VALUE"""),-1.079286296835085) -> -1.0792863 | Y80: =IFERROR(__xludf.DUMMYFUNCTION("""COMPUTED_VALUE"""),-0.8761713830488173) -> -0.87617138 | Z80: =IFERROR(__xludf.DUMMYFUNCTION("""COMPUTED_VALUE"""),1.2016179696512597) -> 1.201618 | AA80: =IFERROR(__xludf.DUMMYFUNCTION("""COMPUTED_VALUE"""),1.101878832040204) -> 1.1018788 | AB80: =IFERROR(__xludf.DUMMYFUNCTION("""COMPUTED_VALUE"""),-0.39569839687757064) -> -0.3956984 | AC80: =IFERROR(__xludf.DUMMYFUNCTION("""COMPUTED_VALUE"""),0.09767431543898845) -> 0.097674315 | AD80: =IFERROR(__xludf.DUMMYFUNCTION("""COMPUTED_VALUE"""),0.011180553304729612) -> 0.011180553 | AE80: =IFERROR(__xludf.DUMMYFUNCTION("""COMPUTED_VALUE"""),-0.1568870735724353) -> -0.15688707
A81: =IF(VLOOKUP(H81,'Paste #BBall'!$B$2:$N1001,3,)="BRO","BKN",IF(VLOOKUP(H81,'Paste #BBall'!$B$2:$N1001,3,)="OKL","OKC",VLOOKUP(H81,'Paste #BBall'!$B$2:$N1001,3,))) -> NY | B81: =VLOOKUP($A81,Schedule!$C$2:$G$31,2,0) -> 3 | C81: =VLOOKUP($A81,Schedule!$C$2:$G$31,3,0) -> 3 | D81: =VLOOKUP($A81,Schedule!$C$2:$G$31,4,0) -> 3 | E81: =SUM(B81:D81) -> 9 | F81: 76 | G81: =IFERROR(__xludf.DUMMYFUNCTION("""COMPUTED_VALUE"""),71.0) -> 71 | H81: =IFERROR(__xludf.DUMMYFUNCTION("""COMPUTED_VALUE"""),"Josh Hart") -> Josh Hart | I81: =IFERROR(__xludf.DUMMYFUNCTION("""COMPUTED_VALUE"""),74.0) -> 74 | J81: =IFERROR(__xludf.DUMMYFUNCTION("""COMPUTED_VALUE"""),"SG,SF") -> SG,SF | K81: =IFERROR(__xludf.DUMMYFUNCTION("""COMPUTED_VALUE"""),-0.3660430236821618) -> -0.36604302 | L81: =IFERROR(__xludf.DUMMYFUNCTION("""COMPUTED_VALUE"""),0.4982812236254099) -> 0.49828122 | M81: =IFERROR(__xludf.DUMMYFUNCTION("""COMPUTED_VALUE"""),0.8643242473075716) -> 0.86432425 | N81: =IFERROR(__xludf.DUMMYFUNCTION("""COMPUTED_VALUE"""),11.8) -> 11.8 | O81: =IFERROR(__xludf.DUMMYFUNCTION("""COMPUTED_VALUE"""),1.0) -> 1 | P81: =IFERROR(__xludf.DUMMYFUNCTION("""COMPUTED_VALUE"""),7.5) -> 7.5 | Q81: =IFERROR(__xludf.DUMMYFUNCTION("""COMPUTED_VALUE"""),3.9) -> 3.9 | R81: =IFERROR(__xludf.DUMMYFUNCTION("""COMPUTED_VALUE"""),1.4) -> 1.4 | S81: =IFERROR(__xludf.DUMMYFUNCTION("""COMPUTED_VALUE"""),0.5) -> 0.5 | T81: =IFERROR(__xludf.DUMMYFUNCTION("""COMPUTED_VALUE"""),51.80722891566264) -> 51.807229 | U81: =IFERROR(__xludf.DUMMYFUNCTION("""COMPUTED_VALUE"""),73.33333333333334) -> 73.333333 | V81: =IFERROR(__xludf.DUMMYFUNCTION("""COMPUTED_VALUE"""),1.8) -> 1.8 | W81: =IFERROR(__xludf.DUMMYFUNCTION("""COMPUTED_VALUE"""),-0.9195922636033842) -> -0.91959226 | X81: =IFERROR(__xludf.DUMMYFUNCTION("""COMPUTED_VALUE"""),-0.5590090246596284) -> -0.55900902 | Y81: =IFERROR(__xludf.DUMMYFUNCTION("""COMPUTED_VALUE"""),0.5873665619102322) -> 0.58736656 | Z81: =IFERROR(__xludf.DUMMYFUNCTION("""COMPUTED_VALUE"""),0.02856137788644717) -> 0.028561378 | AA81: =IFERROR(__xludf.DUMMYFUNCTION("""COMPUTED_VALUE"""),0.883828931240691) -> 0.88382893 | AB81: =IFERROR(__xludf.DUMMYFUNCTION("""COMPUTED_VALUE"""),-0.2643825572058105) -> -0.26438256 | AC81: =IFERROR(__xludf.DUMMYFUNCTION("""COMPUTED_VALUE"""),0.18312116875485832) -> 0.18312117 | AD81: =IFERROR(__xludf.DUMMYFUNCTION("""COMPUTED_VALUE"""),-0.4216419433820539) -> -0.42164194 | AE81: =IFERROR(__xludf.DUMMYFUNCTION("""COMPUTED_VALUE"""),0.06043670908067405) -> 0.060436709
A82: =IF(VLOOKUP(H82,'Paste #BBall'!$B$2:$N1001,3,)="BRO","BKN",IF(VLOOKUP(H82,'Paste #BBall'!$B$2:$N1001,3,)="OKL","OKC",VLOOKUP(H82,'Paste #BBall'!$B$2:$N1001,3,))) -> ORL | B82: =VLOOKUP($A82,Schedule!$C$2:$G$31,2,0) -> 4 | C82: =VLOOKUP($A82,Schedule!$C$2:$G$31,3,0) -> 3 | D82: =VLOOKUP($A82,Schedule!$C$2:$G$31,4,0) -> 3 | E82: =SUM(B82:D82) -> 10 | F82: 77 | G82: =IFERROR(__xludf.DUMMYFUNCTION("""COMPUTED_VALUE"""),64.0) -> 64 | H82: =IFERROR(__xludf.DUMMYFUNCTION("""COMPUTED_VALUE"""),"Franz Wagner") -> Franz Wagner | I82: =IFERROR(__xludf.DUMMYFUNCTION("""COMPUTED_VALUE"""),78.0) -> 78 | J82: =IFERROR(__xludf.DUMMYFUNCTION("""COMPUTED_VALUE"""),"SG,SF,PF") -> SG,SF,PF | K82: =IFERROR(__xludf.DUMMYFUNCTION("""COMPUTED_VALUE"""),-0.07416612134772715) -> -0.074166121 | L82: =IFERROR(__xludf.DUMMYFUNCTION("""COMPUTED_VALUE"""),0.49466799302750597) -> 0.49466799 | M82: =IFERROR(__xludf.DUMMYFUNCTION("""COMPUTED_VALUE"""),0.5688341143752331) -> 0.56883411 | N82: =IFERROR(__xludf.DUMMYFUNCTION("""COMPUTED_VALUE"""),18.8) -> 18.8 | O82: =IFERROR(__xludf.DUMMYFUNCTION("""COMPUTED_VALUE"""),1.7) -> 1.7 | P82: =IFERROR(__xludf.DUMMYFUNCTION("""COMPUTED_VALUE"""),4.6) -> 4.6 | Q82: =IFERROR(__xludf.DUMMYFUNCTION("""COMPUTED_VALUE"""),3.6) -> 3.6 | R82: =IFERROR(__xludf.DUMMYFUNCTION("""COMPUTED_VALUE"""),1.1) -> 1.1 | S82: =IFERROR(__xludf.DUMMYFUNCTION("""COMPUTED_VALUE"""),0.3) -> 0.3 | T82: =IFERROR(__xludf.DUMMYFUNCTION("""COMPUTED_VALUE"""),48.92086330935251) -> 48.920863 | U82: =IFERROR(__xludf.DUMMYFUNCTION("""COMPUTED_VALUE"""),85.71428571428571) -> 85.714286 | V82: =IFERROR(__xludf.DUMMYFUNCTION("""COMPUTED_VALUE"""),2.0) -> 2 | W82: =IFERROR(__xludf.DUMMYFUNCTION("""COMPUTED_VALUE"""),0.26009237510590516) -> 0.26009238 | X82: =IFERROR(__xludf.DUMMYFUNCTION("""COMPUTED_VALUE"""),0.047981126211737425) -> 0.047981126 | Y82: =IFERROR(__xludf.DUMMYFUNCTION("""COMPUTED_VALUE"""),-0.6252791639129804) -> -0.62527916 | Z82: =IFERROR(__xludf.DUMMYFUNCTION("""COMPUTED_VALUE"""),-0.12444600364809345) -> -0.124446 | AA82: =IFERROR(__xludf.DUMMYFUNCTION("""COMPUTED_VALUE"""),0.22967922884215308) -> 0.22967923 | AB82: =IFERROR(__xludf.DUMMYFUNCTION("""COMPUTED_VALUE"""),-0.5270142365493308) -> -0.52701424 | AC82: =IFERROR(__xludf.DUMMYFUNCTION("""COMPUTED_VALUE"""),-0.09407666284687553) -> -0.094076663 | AD82: =IFERROR(__xludf.DUMMYFUNCTION("""COMPUTED_VALUE"""),0.7041079661607959) -> 0.70410797 | AE82: =IFERROR(__xludf.DUMMYFUNCTION("""COMPUTED_VALUE"""),-0.0016558002487857576) -> -0.0016558002
