Workbook

Sheet Draft
A2: Pick | B2: Your Pick | C2: Round 1 | D2: Round 2 | E2: Round 3 | F2: Round 4 | G2: Round 5 | H2: Round 6 | I2: Round 7 | J2: Round 8 | K2: Round 9 | L2: Round 10 | M2: Round 11 | N2: Round 12
A3: 1 | B3: FALSE | C3: Nikola Jokic | D3: Tyrese Haliburton | E3: Donovan Mitchell | F3: John Collins | G3: Jamal Murray | H3: Marcus Smart | I3: Tyrese Maxey | J3: Gordon Hayward | K3: RJ Barrett | L3: Luguentz Dort | M3: Onyeka Okongwu
A4: 2 | B4: FALSE | C4: Giannis Antetokounmpo | D4: LeBron James | E4: Jrue Holiday | F4: Khris Middleton | G4: Jakob Poeltl | H4: OG Anunoby | I4: Jabari Smith Jr | J4: Anfernee Simons | K4: Herbert Jones | O4: L4 y M4 que onda?
A5: 3 | B5: FALSE | C5: Joel Embiid | D5: Paul George | E5: Dejounte Murray | F5: Deandre Ayton | G5: Jalen Green | H5: Gary Trent Jr. | I5: Mikal Bridges | J5: Jerami Grant | K5: Cameron Johnson | L5: Robert Williams | M5: JaVale McGee
A6: 4 | B6: FALSE | C6: Luka Doncic | D6: Anthony Davis | E6: Bradley Beal | F6: De'Aaron Fox | G6: Jonas Valanciunas | H6: Jalen Brunson | I6: Michael Porter Jr. | J6: Jalen Smith | K6: Brook Lopez | L6: Spencer Dinwiddie | M6: Steven Adams
A7: 5 | B7: FALSE | C7: James Harden | D7: Kyrie Irving | E7: Zion Williamson | F7: Jarrett Allen | G7: Christian Wood | H7: Wendell Carter Jr. | I7: Keldon Johnson | J7: Mitchell Robinson | K7: Nicolas Claxton | L7: Josh Hart | M7: Isaiah Stewart
A8: 6 | B8: TRUE | C8: Kevin Durant | D8: Bam Adebayo | E8: Jimmy Butler | F8: Myles Turner | G8: Desmond Bane | H8: Jordan Poole | I8: Jusuf Nurkic | J8: Al Horford | K8: Keegan Murray | L8: Kelly Olynyk | M8: Bobby Portis
A9: 7 | B9: FALSE | C9: Stephen Curry | D9: Fred VanVleet | E9: Chris Paul | F9: Nikola Vucevic | G9: Draymond Green | H9: D'Angelo Russell | I9: Klay Thompson | J9: Saddiq Bey | K9: Jarred Vanderbilt | L9: Monte Morris | M9: Ivica Zubac
A10: 8 | B10: FALSE | C10: Jayson Tatum | D10: Devin Booker | E10: Darius Garland | F10: DeMar DeRozan | G10: Jaylen Brown | H10: CJ McCollum | I10: Kyle Lowry | J10: Andrew Wiggins | K10: Kyle Kuzma | L10: Malcolm Brogdon | M10: Bojan Bogdanovic
A11: 9 | B11: FALSE | C11: LaMelo Ball | D11: Ja Morant | E11: Kristaps Porzingis | F11: Shai Gilgeous-Alexander | G11: Terry Rozier | H11: Brandon Ingram | I11: Lauri Markkanen | J11: Tobias Harris | K11: Tre Jones | L11: Jaren Jackson Jr. | M11: Isaiah Hartenstein
A12: 10 | B12: FALSE | C12: Trae Young | D12: Rudy Gobert | E12: Cade Cunningham | F12: Zach LaVine | G12: Julius Randle | H12: Devin Vassell | I12: Buddy Hield | J12: PJ Washington | K12: Mike Conley | L12: Brandon Clarke | M12: Cole Anthony
A13: 11 | B13: FALSE | C13: Karl-Anthony Towns | D13: Domantas Sabonis | E13: Pascal Siakam | F13: Scottie Barnes | G13: Ben Simmons | H13: Kevin Porter Jr. | I13: Franz Wagner | J13: Tyler Herro | K13: Clint Capela | L13: Bones Hyland | M13: Harrison Barnes | N13: Markelle Fultz
A14: 12 | B14: FALSE | C14: Damian Lillard | D14: Kawhi Leonard | E14: Anthony Edwards | F14: Evan Mobley | G14: Alperen Sengun | H14: Josh Giddey | I14: Paolo Banchero | J14: Collin Sexton | K14: Jalen Suggs | L14: Isaiah Jackson | M14: Chris Duarte | N14: Alex Caruso
B16: Pick # | C16: =IF(B3=TRUE,"1",IF(B4=TRUE,"2", IF(B5=True, "3",IF(B6=True, "4",IF(B7=True, "5",IF(B8=True, "6",IF(B9=True, "7",IF(B10=True, "8",IF(B11=True, "9",IF(B12=True, "10",IF(B13=True, "11",IF(B14=True, "12")))))))))))) -> 6 | D16: =IF(B3=TRUE,"24",IF(B4=TRUE,"23", IF(B5=True, "22",IF(B6=True, "21",IF(B7=True, "20",IF(B8=True, "19",IF(B9=True, "18",IF(B10=True, "17",IF(B11=True, "16",IF(B12=True, "15",IF(B13=True, "14",IF(B14=True, "13")))))))))))) -> 19 | E16: =IF(B3=TRUE,"25",IF(B4=TRUE,"26", IF(B5=True, "27",IF(B6=True, "28",IF(B7=True, "29",IF(B8=True, "30",IF(B9=True, "31",IF(B10=True, "32",IF(B11=True, "33",IF(B12=True, "34",IF(B13=True, "35",IF(B14=True, "36")))))))))))) -> 30 | F16: =IF(B3=TRUE,"48",IF(B4=TRUE,"47", IF(B5=True, "46",IF(B6=True, "45",IF(B7=True, "44",IF(B8=True, "43",IF(B9=True, "42",IF(B10=True, "41",IF(B11=True, "40",IF(B12=True, "39",IF(B13=True, "38",IF(B14=True, "37")))))))))))) -> 43 | G16: =IF(B3=TRUE,"49",IF(B4=TRUE,"50", IF(B5=True, "51",IF(B6=True, "52",IF(B7=True, "53",IF(B8=True, "54",IF(B9=True, "55",IF(B10=True, "56",IF(B11=True, "57",IF(B12=True, "58",IF(B13=True, "59",IF(B14=True, "60")))))))))))) -> 54 | H16: =IF(B3=TRUE,"72",IF(B4=TRUE,"71", IF(B5=True, "70",IF(B6=True, "69",IF(B7=True, "68",IF(B8=True, "67",IF(B9=True, "66",IF(B10=True, "65",IF(B11=True, "64",IF(B12=True, "63",IF(B13=True, "62",IF(B14=True, "61")))))))))))) -> 67 | I16: =IF(B3=TRUE,"73",IF(B4=TRUE,"74", IF(B5=True, "75",IF(B6=True, "76",IF(B7=True, "77",IF(B8=True, "78",IF(B9=True, "79",IF(B10=True, "80",IF(B11=True, "81",IF(B12=True, "82",IF(B13=True, "83",IF(B14=True, "84")))))))))))) -> 78 | J16: =IF(B3=TRUE,"96",IF(B4=TRUE,"95", IF(B5=True, "94",IF(B6=True, "93",IF(B7=True, "92",IF(B8=True, "91",IF(B9=True, "90",IF(B10=True, "89",IF(B11=True, "88",IF(B12=True, "87",IF(B13=True, "86",IF(B14=True, "85")))))))))))) -> 91 | K16: =IF(B3=TRUE,"97",IF(B4=TRUE,"98", IF(B5=True, "99",IF(B6=True, "100",IF(B7=True, "101",IF(B8=True, "102",IF(B9=True, "103",IF(B10=True, "104",IF(B11=True, "105",IF(B12=True, "106",IF(B13=True, "107",IF(B14=True, "108")))))))))))) -> 102 | L16: =IF(B3=TRUE,"120",IF(B4=TRUE,"119", IF(B5=True, "118",IF(B6=True, "117",IF(B7=True, "116",IF(B8=True, "115",IF(B9=True, "114",IF(B10=True, "113",IF(B11=True, "112",IF(B12=True, "111",IF(B13=True, "110",IF(B14=True, "109")))))))))))) -> 115 | M16: =IF(B3=TRUE,"121",IF(B4=TRUE,"122", IF(B5=True, "123",IF(B6=True, "124",IF(B7=True, "125",IF(B8=True, "126",IF(B9=True, "127",IF(B10=True, "128",IF(B11=True, "129",IF(B12=True, "130",IF(B13=True, "131",IF(B14=True, "132")))))))))))) -> 126 | N16: =IF(B3=TRUE,"144",IF(B4=TRUE,"143", IF(B5=True, "142",IF(B6=True, "141",IF(B7=True, "140",IF(B8=True, "139",IF(B9=True, "138",IF(B10=True, "137",IF(B11=True, "136",IF(B12=True, "135",IF(B13=True, "134",IF(B14=True, "133")))))))))))) -> 139
B17: 3RR | C17: =C16 -> 6 | D17: =D16 -> 19 | E17: =E16+IF($B$3,11, IF($B$4,9,IF($B$5,7,IF($B$6,5,IF($B$7,3,IF($B$8,1,IF($B$9,-1,IF($B$10,-3,IF($B$11,-5,IF($B$12,-7, IF($B$13,-9, IF($B$14,-11)))))))))))) -> 31 | F17: =F16-IF($B$3,11, IF($B$4,9,IF($B$5,7,IF($B$6,5,IF($B$7,3,IF($B$8,1,IF($B$9,-1,IF($B$10,-3,IF($B$11,-5,IF($B$12,-7, IF($B$13,-9, IF($B$14,-11)))))))))))) -> 42 | G17: =G16+IF($B$3,11, IF($B$4,9,IF($B$5,7,IF($B$6,5,IF($B$7,3,IF($B$8,1,IF($B$9,-1,IF($B$10,-3,IF($B$11,-5,IF($B$12,-7, IF($B$13,-9, IF($B$14,-11)))))))))))) -> 55 | H17: =H16-IF($B$3,11, IF($B$4,9,IF($B$5,7,IF($B$6,5,IF($B$7,3,IF($B$8,1,IF($B$9,-1,IF($B$10,-3,IF($B$11,-5,IF($B$12,-7, IF($B$13,-9, IF($B$14,-11)))))))))))) -> 66 | I17: =I16+IF($B$3,11, IF($B$4,9,IF($B$5,7,IF($B$6,5,IF($B$7,3,IF($B$8,1,IF($B$9,-1,IF($B$10,-3,IF($B$11,-5,IF($B$12,-7, IF($B$13,-9, IF($B$14,-11)))))))))))) -> 79 | J17: =J16-IF($B$3,11, IF($B$4,9,IF($B$5,7,IF($B$6,5,IF($B$7,3,IF($B$8,1,IF($B$9,-1,IF($B$10,-3,IF($B$11,-5,IF($B$12,-7, IF($B$13,-9, IF($B$14,-11)))))))))))) -> 90 | K17: =K16+IF($B$3,11, IF($B$4,9,IF($B$5,7,IF($B$6,5,IF($B$7,3,IF($B$8,1,IF($B$9,-1,IF($B$10,-3,IF($B$11,-5,IF($B$12,-7, IF($B$13,-9, IF($B$14,-11)))))))))))) -> 103 | L17: =L16-IF($B$3,11, IF($B$4,9,IF($B$5,7,IF($B$6,5,IF($B$7,3,IF($B$8,1,IF($B$9,-1,IF($B$10,-3,IF($B$11,-5,IF($B$12,-7, IF($B$13,-9, IF($B$14,-11)))))))))))) -> 114 | M17: =M16+IF($B$3,11, IF($B$4,9,IF($B$5,7,IF($B$6,5,IF($B$7,3,IF($B$8,1,IF($B$9,-1,IF($B$10,-3,IF($B$11,-5,IF($B$12,-7, IF($B$13,-9, IF($B$14,-11)))))))))))) -> 127 | N17: =N16-IF($B$3,11, IF($B$4,9,IF($B$5,7,IF($B$6,5,IF($B$7,3,IF($B$8,1,IF($B$9,-1,IF($B$10,-3,IF($B$11,-5,IF($B$12,-7, IF($B$13,-9, IF($B$14,-11)))))))))))) -> 138
C19: MAKE A COPY
C20: File -> Make a copy

Sheet Projections
G2: Sort by | H2: Remove Drafted | J2: -1 Cat | K2: -2 Cat | L2: PTS | M2: 3P | N2: REB | O2: AST | P2: STL | Q2: BLK | R2: FG% | S2: FT% | T2: TO | U2: PG | V2: SG | W2: SF | X2: PF | Y2: C
G3: PuntV | H3: TRUE | J3: FALSE | K3: FALSE | L3: 1.5 | M3: 1 | N3: 1 | O3: 1.25 | P3: 1.25 | Q3: 0 | R3: 0 | S3: 0.5 | T3: 0 | U3: PG | V3: SG | W3: SF | X3: PF | Y3: C
A5: TM | B5: W19 | C5: W20 | D5: W21 | E5: Total | F5: Rank | G5: LgRank | H5: Player | I5: GP | J5: Pos | K5: LeagV | L5: PuntV | M5: Punt+ | N5: PTS | O5: 3P | P5: REB | Q5: AST | R5: STL | S5: BLK | T5: FG% | U5: FT% | V5: TO | W5: z p/g | X5: z 3/g | Y5: z r/g | Z5: z a/g | AA5: z s/g | AB5: z b/g | AC5: z fg% | AD5: z ft% | AE5: z to/g
A6: =IF(VLOOKUP(H6,'Paste #BBall'!$C$2:$Q$201,3,)="BRO","BKN",IF(VLOOKUP(H6,'Paste #BBall'!$C$2:$Q$201,3,)="OKL","OKC",VLOOKUP(H6,'Paste #BBall'!$C$2:$Q$201,3,))) -> CHI | B6: =VLOOKUP(A6,'Paste #BBall'!$A$204:$D$233,4,) -> 4 | C6: =VLOOKUP(A6,'Paste #BBall'!$A$204:$C$233,3,) -> 2 | D6: =VLOOKUP(A6,'Paste #BBall'!$A$204:$B$233,2,) -> 3 | E6: =SUM(B6:D6) -> 9 | F6: 1 | G6: =IFERROR(__xludf.DUMMYFUNCTION("Filter('NO USAR3'!B5:Z395,IF('NO USAR3'!AA5:AA395="""",FALSE,TRUE),NOT(COUNTIF('NO USAR3'!A5:A148,'NO USAR3'!C5:C395)))"),76.0) -> 76 | H6: =IFERROR(__xludf.DUMMYFUNCTION("""COMPUTED_VALUE"""),"Lonzo Ball") -> Lonzo Ball | I6: =IFERROR(__xludf.DUMMYFUNCTION("""COMPUTED_VALUE"""),66.0) -> 66 | J6: =IFERROR(__xludf.DUMMYFUNCTION("""COMPUTED_VALUE"""),"PG") -> PG | K6: =IFERROR(__xludf.DUMMYFUNCTION("""COMPUTED_VALUE"""),-0.8495294929194547) -> -0.84952949 | L6: =IFERROR(__xludf.DUMMYFUNCTION("""COMPUTED_VALUE"""),-0.038425265583858725) -> -0.038425266 | M6: =IFERROR(__xludf.DUMMYFUNCTION("""COMPUTED_VALUE"""),0.811104227335596) -> 0.81110423 | N6: =IFERROR(__xludf.DUMMYFUNCTION("""COMPUTED_VALUE"""),10.3) -> 10.3 | O6: =IFERROR(__xludf.DUMMYFUNCTION("""COMPUTED_VALUE"""),2.3) -> 2.3 | P6: =IFERROR(__xludf.DUMMYFUNCTION("""COMPUTED_VALUE"""),4.4) -> 4.4 | Q6: =IFERROR(__xludf.DUMMYFUNCTION("""COMPUTED_VALUE"""),4.6) -> 4.6 | R6: =IFERROR(__xludf.DUMMYFUNCTION("""COMPUTED_VALUE"""),1.3) -> 1.3 | S6: =IFERROR(__xludf.DUMMYFUNCTION("""COMPUTED_VALUE"""),0.6) -> 0.6 | T6: =IFERROR(__xludf.DUMMYFUNCTION("""COMPUTED_VALUE"""),40.86021505376344) -> 40.860215 | U6: =IFERROR(__xludf.DUMMYFUNCTION("""COMPUTED_VALUE"""),80.0) -> 80 | V6: =IFERROR(__xludf.DUMMYFUNCTION("""COMPUTED_VALUE"""),2.1) -> 2.1 | W6: =IFERROR(__xludf.DUMMYFUNCTION("""COMPUTED_VALUE"""),-1.771598474828728) -> -1.7715985 | X6: =IFERROR(__xludf.DUMMYFUNCTION("""COMPUTED_VALUE"""),0.6865466714679571) -> 0.68654667 | Y6: =IFERROR(__xludf.DUMMYFUNCTION("""COMPUTED_VALUE"""),-0.683555322539028) -> -0.68355532 | Z6: =IFERROR(__xludf.DUMMYFUNCTION("""COMPUTED_VALUE"""),0.5124748429845672) -> 0.51247484 | AA6: =IFERROR(__xludf.DUMMYFUNCTION("""COMPUTED_VALUE"""),1.209937837528042) -> 1.2099378 | AB6: =IFERROR(__xludf.DUMMYFUNCTION("""COMPUTED_VALUE"""),0.0) -> 0 | AC6: =IFERROR(__xludf.DUMMYFUNCTION("""COMPUTED_VALUE"""),0.0) -> 0 | AD6: =IFERROR(__xludf.DUMMYFUNCTION("""COMPUTED_VALUE"""),0.007769179803330916) -> 0.0077691798 | AE6: =IFERROR(__xludf.DUMMYFUNCTION("""COMPUTED_VALUE"""),0.0) -> 0
A7: =IF(VLOOKUP(H7,'Paste #BBall'!$C$2:$Q$201,3,)="BRO","BKN",IF(VLOOKUP(H7,'Paste #BBall'!$C$2:$Q$201,3,)="OKL","OKC",VLOOKUP(H7,'Paste #BBall'!$C$2:$Q$201,3,))) -> ATL | B7: =VLOOKUP(A7,'Paste #BBall'!$A$204:$D$233,4,) -> 3 | C7: =VLOOKUP(A7,'Paste #BBall'!$A$204:$C$233,3,) -> 4 | D7: =VLOOKUP(A7,'Paste #BBall'!$A$204:$B$233,2,) -> 3 | E7: =SUM(B7:D7) -> 10 | F7: 2 | G7: =IFERROR(__xludf.DUMMYFUNCTION("""COMPUTED_VALUE"""),100.0) -> 100 | H7: =IFERROR(__xludf.DUMMYFUNCTION("""COMPUTED_VALUE"""),"Bogdan Bogdanovic") -> Bogdan Bogdanovic | I7: =IFERROR(__xludf.DUMMYFUNCTION("""COMPUTED_VALUE"""),64.0) -> 64 | J7: =IFERROR(__xludf.DUMMYFUNCTION("""COMPUTED_VALUE"""),"SG/SF") -> SG/SF | K7: =IFERROR(__xludf.DUMMYFUNCTION("""COMPUTED_VALUE"""),-1.8930544712636013) -> -1.8930545 | L7: =IFERROR(__xludf.DUMMYFUNCTION("""COMPUTED_VALUE"""),-0.43986477131310475) -> -0.43986477 | M7: =IFERROR(__xludf.DUMMYFUNCTION("""COMPUTED_VALUE"""),1.4531896999504965) -> 1.4531897 | N7: =IFERROR(__xludf.DUMMYFUNCTION("""COMPUTED_VALUE"""),14.7) -> 14.7 | O7: =IFERROR(__xludf.DUMMYFUNCTION("""COMPUTED_VALUE"""),2.6) -> 2.6 | P7: =IFERROR(__xludf.DUMMYFUNCTION("""COMPUTED_VALUE"""),3.9) -> 3.9 | Q7: =IFERROR(__xludf.DUMMYFUNCTION("""COMPUTED_VALUE"""),2.9) -> 2.9 | R7: =IFERROR(__xludf.DUMMYFUNCTION("""COMPUTED_VALUE"""),1.1) -> 1.1 | S7: =IFERROR(__xludf.DUMMYFUNCTION("""COMPUTED_VALUE"""),0.2) -> 0.2 | T7: =IFERROR(__xludf.DUMMYFUNCTION("""COMPUTED_VALUE"""),43.442622950819676) -> 43.442623 | U7: =IFERROR(__xludf.DUMMYFUNCTION("""COMPUTED_VALUE"""),83.33333333333333) -> 83.333333 | V7: =IFERROR(__xludf.DUMMYFUNCTION("""COMPUTED_VALUE"""),1.1) -> 1.1 | W7: =IFERROR(__xludf.DUMMYFUNCTION("""COMPUTED_VALUE"""),-0.5999451306365412) -> -0.59994513 | X7: =IFERROR(__xludf.DUMMYFUNCTION("""COMPUTED_VALUE"""),0.9865333402325488) -> 0.98653334 | Y7: =IFERROR(__xludf.DUMMYFUNCTION("""COMPUTED_VALUE"""),-0.8876630240586981) -> -0.88766302 | Z7: =IFERROR(__xludf.DUMMYFUNCTION("""COMPUTED_VALUE"""),-0.4577036153711197) -> -0.45770362 | AA7: =IFERROR(__xludf.DUMMYFUNCTION("""COMPUTED_VALUE"""),0.39233811965195126) -> 0.39233812 | AB7: =IFERROR(__xludf.DUMMYFUNCTION("""COMPUTED_VALUE"""),0.0) -> 0 | AC7: =IFERROR(__xludf.DUMMYFUNCTION("""COMPUTED_VALUE"""),0.0) -> 0 | AD7: =IFERROR(__xludf.DUMMYFUNCTION("""COMPUTED_VALUE"""),0.1265755388687542) -> 0.12657554 | AE7: =IFERROR(__xludf.DUMMYFUNCTION("""COMPUTED_VALUE"""),0.0) -> 0
A8: =IF(VLOOKUP(H8,'Paste #BBall'!$C$2:$Q$201,3,)="BRO","BKN",IF(VLOOKUP(H8,'Paste #BBall'!$C$2:$Q$201,3,)="OKL","OKC",VLOOKUP(H8,'Paste #BBall'!$C$2:$Q$201,3,))) -> MEM | B8: =VLOOKUP(A8,'Paste #BBall'!$A$204:$D$233,4,) -> 4 | C8: =VLOOKUP(A8,'Paste #BBall'!$A$204:$C$233,3,) -> 3 | D8: =VLOOKUP(A8,'Paste #BBall'!$A$204:$B$233,2,) -> 4 | E8: =SUM(B8:D8) -> 11 | F8: 3 | G8: =IFERROR(__xludf.DUMMYFUNCTION("""COMPUTED_VALUE"""),124.0) -> 124 | H8: =IFERROR(__xludf.DUMMYFUNCTION("""COMPUTED_VALUE"""),"Dillon Brooks") -> Dillon Brooks | I8: =IFERROR(__xludf.DUMMYFUNCTION("""COMPUTED_VALUE"""),72.0) -> 72 | J8: =IFERROR(__xludf.DUMMYFUNCTION("""COMPUTED_VALUE"""),"SG/SF") -> SG/SF | K8: =IFERROR(__xludf.DUMMYFUNCTION("""COMPUTED_VALUE"""),-2.6767779097681297) -> -2.6767779 | L8: =IFERROR(__xludf.DUMMYFUNCTION("""COMPUTED_VALUE"""),-0.8015330545038539) -> -0.80153305 | M8: =IFERROR(__xludf.DUMMYFUNCTION("""COMPUTED_VALUE"""),1.8752448552642758) -> 1.8752449 | N8: =IFERROR(__xludf.DUMMYFUNCTION("""COMPUTED_VALUE"""),19.6) -> 19.6 | O8: =IFERROR(__xludf.DUMMYFUNCTION("""COMPUTED_VALUE"""),1.5) -> 1.5 | P8: =IFERROR(__xludf.DUMMYFUNCTION("""COMPUTED_VALUE"""),3.5) -> 3.5 | Q8: =IFERROR(__xludf.DUMMYFUNCTION("""COMPUTED_VALUE"""),2.4) -> 2.4 | R8: =IFERROR(__xludf.DUMMYFUNCTION("""COMPUTED_VALUE"""),1.0) -> 1 | S8: =IFERROR(__xludf.DUMMYFUNCTION("""COMPUTED_VALUE"""),0.3) -> 0.3 | T8: =IFERROR(__xludf.DUMMYFUNCTION("""COMPUTED_VALUE"""),42.13483146067416) -> 42.134831 | U8: =IFERROR(__xludf.DUMMYFUNCTION("""COMPUTED_VALUE"""),86.11111111111111) -> 86.111111 | V8: =IFERROR(__xludf.DUMMYFUNCTION("""COMPUTED_VALUE"""),1.8) -> 1.8 | W8: =IFERROR(__xludf.DUMMYFUNCTION("""COMPUTED_VALUE"""),0.7048506390320313) -> 0.70485064 | X8: =IFERROR(__xludf.DUMMYFUNCTION("""COMPUTED_VALUE"""),-0.1134177785709532) -> -0.11341778 | Y8: =IFERROR(__xludf.DUMMYFUNCTION("""COMPUTED_VALUE"""),-1.0509491852744342) -> -1.0509492 | Z8: =IFERROR(__xludf.DUMMYFUNCTION("""COMPUTED_VALUE"""),-0.743050220769851) -> -0.74305022 | AA8: =IFERROR(__xludf.DUMMYFUNCTION("""COMPUTED_VALUE"""),-0.01646173928609459) -> -0.016461739 | AB8: =IFERROR(__xludf.DUMMYFUNCTION("""COMPUTED_VALUE"""),0.0) -> 0 | AC8: =IFERROR(__xludf.DUMMYFUNCTION("""COMPUTED_VALUE"""),0.0) -> 0 | AD8: =IFERROR(__xludf.DUMMYFUNCTION("""COMPUTED_VALUE"""),0.4174952303654477) -> 0.41749523 | AE8: =IFERROR(__xludf.DUMMYFUNCTION("""COMPUTED_VALUE"""),0.0) -> 0
A9: =IF(VLOOKUP(H9,'Paste #BBall'!$C$2:$Q$201,3,)="BRO","BKN",IF(VLOOKUP(H9,'Paste #BBall'!$C$2:$Q$201,3,)="OKL","OKC",VLOOKUP(H9,'Paste #BBall'!$C$2:$Q$201,3,))) -> PHI | B9: =VLOOKUP(A9,'Paste #BBall'!$A$204:$D$233,4,) -> 3 | C9: =VLOOKUP(A9,'Paste #BBall'!$A$204:$C$233,3,) -> 4 | D9: =VLOOKUP(A9,'Paste #BBall'!$A$204:$B$233,2,) -> 3 | E9: =SUM(B9:D9) -> 10 | F9: 4 | G9: =IFERROR(__xludf.DUMMYFUNCTION("""COMPUTED_VALUE"""),96.0) -> 96 | H9: =IFERROR(__xludf.DUMMYFUNCTION("""COMPUTED_VALUE"""),"De'Anthony Melton") -> De'Anthony Melton | I9: =IFERROR(__xludf.DUMMYFUNCTION("""COMPUTED_VALUE"""),72.0) -> 72 | J9: =IFERROR(__xludf.DUMMYFUNCTION("""COMPUTED_VALUE"""),"PG/SG") -> PG/SG | K9: =IFERROR(__xludf.DUMMYFUNCTION("""COMPUTED_VALUE"""),-1.817659418801747) -> -1.8176594 | L9: =IFERROR(__xludf.DUMMYFUNCTION("""COMPUTED_VALUE"""),-1.0159198979675303) -> -1.0159199 | M9: =IFERROR(__xludf.DUMMYFUNCTION("""COMPUTED_VALUE"""),0.8017395208342166) -> 0.80173952 | N9: =IFERROR(__xludf.DUMMYFUNCTION("""COMPUTED_VALUE"""),12.1) -> 12.1 | O9: =IFERROR(__xludf.DUMMYFUNCTION("""COMPUTED_VALUE"""),2.0) -> 2 | P9: =IFERROR(__xludf.DUMMYFUNCTION("""COMPUTED_VALUE"""),4.1) -> 4.1 | Q9: =IFERROR(__xludf.DUMMYFUNCTION("""COMPUTED_VALUE"""),2.7) -> 2.7 | R9: =IFERROR(__xludf.DUMMYFUNCTION("""COMPUTED_VALUE"""),1.3) -> 1.3 | S9: =IFERROR(__xludf.DUMMYFUNCTION("""COMPUTED_VALUE"""),0.6) -> 0.6 | T9: =IFERROR(__xludf.DUMMYFUNCTION("""COMPUTED_VALUE"""),41.12149532710281) -> 41.121495 | U9: =IFERROR(__xludf.DUMMYFUNCTION("""COMPUTED_VALUE"""),81.25) -> 81.25 | V9: =IFERROR(__xludf.DUMMYFUNCTION("""COMPUTED_VALUE"""),1.7) -> 1.7 | W9: =IFERROR(__xludf.DUMMYFUNCTION("""COMPUTED_VALUE"""),-1.2922857431137424) -> -1.2922857 | X9: =IFERROR(__xludf.DUMMYFUNCTION("""COMPUTED_VALUE"""),0.3865600027033658) -> 0.38656 | Y9: =IFERROR(__xludf.DUMMYFUNCTION("""COMPUTED_VALUE"""),-0.8060199434508303) -> -0.80601994 | Z9: =IFERROR(__xludf.DUMMYFUNCTION("""COMPUTED_VALUE"""),-0.5718422575306121) -> -0.57184226 | AA9: =IFERROR(__xludf.DUMMYFUNCTION("""COMPUTED_VALUE"""),1.209937837528042) -> 1.2099378 | AB9: =IFERROR(__xludf.DUMMYFUNCTION("""COMPUTED_VALUE"""),0.0) -> 0 | AC9: =IFERROR(__xludf.DUMMYFUNCTION("""COMPUTED_VALUE"""),0.0) -> 0 | AD9: =IFERROR(__xludf.DUMMYFUNCTION("""COMPUTED_VALUE"""),0.05773020589624655) -> 0.057730206 | AE9: =IFERROR(__xludf.DUMMYFUNCTION("""COMPUTED_VALUE"""),0.0) -> 0
A10: =IF(VLOOKUP(H10,'Paste #BBall'!$C$2:$Q$201,3,)="BRO","BKN",IF(VLOOKUP(H10,'Paste #BBall'!$C$2:$Q$201,3,)="OKL","OKC",VLOOKUP(H10,'Paste #BBall'!$C$2:$Q$201,3,))) -> CHA | B10: =VLOOKUP(A10,'Paste #BBall'!$A$204:$D$233,4,) -> 3 | C10: =VLOOKUP(A10,'Paste #BBall'!$A$204:$C$233,3,) -> 4 | D10: =VLOOKUP(A10,'Paste #BBall'!$A$204:$B$233,2,) -> 2 | E10: =SUM(B10:D10) -> 9 | F10: 5 | G10: =IFERROR(__xludf.DUMMYFUNCTION("""COMPUTED_VALUE"""),137.0) -> 137 | H10: =IFERROR(__xludf.DUMMYFUNCTION("""COMPUTED_VALUE"""),"Kelly Oubre Jr.") -> Kelly Oubre Jr. | I10: =IFERROR(__xludf.DUMMYFUNCTION("""COMPUTED_VALUE"""),70.0) -> 70 | J10: =IFERROR(__xludf.DUMMYFUNCTION("""COMPUTED_VALUE"""),"SG/PF") -> SG/PF | K10: =IFERROR(__xludf.DUMMYFUNCTION("""COMPUTED_VALUE"""),-3.164588205533593) -> -3.1645882 | L10: =IFERROR(__xludf.DUMMYFUNCTION("""COMPUTED_VALUE"""),-1.4644166934643184) -> -1.4644167 | M10: =IFERROR(__xludf.DUMMYFUNCTION("""COMPUTED_VALUE"""),1.7001715120692746) -> 1.7001715 | N10: =IFERROR(__xludf.DUMMYFUNCTION("""COMPUTED_VALUE"""),16.2) -> 16.2 | O10: =IFERROR(__xludf.DUMMYFUNCTION("""COMPUTED_VALUE"""),2.7) -> 2.7 | P10: =IFERROR(__xludf.DUMMYFUNCTION("""COMPUTED_VALUE"""),4.2) -> 4.2 | Q10: =IFERROR(__xludf.DUMMYFUNCTION("""COMPUTED_VALUE"""),1.2) -> 1.2 | R10: =IFERROR(__xludf.DUMMYFUNCTION("""COMPUTED_VALUE"""),1.1) -> 1.1 | S10: =IFERROR(__xludf.DUMMYFUNCTION("""COMPUTED_VALUE"""),0.4) -> 0.4 | T10: =IFERROR(__xludf.DUMMYFUNCTION("""COMPUTED_VALUE"""),43.609022556390975) -> 43.609023 | U10: =IFERROR(__xludf.DUMMYFUNCTION("""COMPUTED_VALUE"""),66.66666666666666) -> 66.666667 | V10: =IFERROR(__xludf.DUMMYFUNCTION("""COMPUTED_VALUE"""),1.0) -> 1 | W10: =IFERROR(__xludf.DUMMYFUNCTION("""COMPUTED_VALUE"""),-0.20051785420738652) -> -0.20051785 | X10: =IFERROR(__xludf.DUMMYFUNCTION("""COMPUTED_VALUE"""),1.0865288964874127) -> 1.0865289 | Y10: =IFERROR(__xludf.DUMMYFUNCTION("""COMPUTED_VALUE"""),-0.765198403146896) -> -0.7651984 | Z10: =IFERROR(__xludf.DUMMYFUNCTION("""COMPUTED_VALUE"""),-1.427882073726807) -> -1.4278821 | AA10: =IFERROR(__xludf.DUMMYFUNCTION("""COMPUTED_VALUE"""),0.39233811965195126) -> 0.39233812 | AB10: =IFERROR(__xludf.DUMMYFUNCTION("""COMPUTED_VALUE"""),0.0) -> 0 | AC10: =IFERROR(__xludf.DUMMYFUNCTION("""COMPUTED_VALUE"""),0.0) -> 0 | AD10: =IFERROR(__xludf.DUMMYFUNCTION("""COMPUTED_VALUE"""),-0.5496853785225927) -> -0.54968538 | AE10: =IFERROR(__xludf.DUMMYFUNCTION("""COMPUTED_VALUE"""),0.0) -> 0
A11: =IF(VLOOKUP(H11,'Paste #BBall'!$C$2:$Q$201,3,)="BRO","BKN",IF(VLOOKUP(H11,'Paste #BBall'!$C$2:$Q$201,3,)="OKL","OKC",VLOOKUP(H11,'Paste #BBall'!$C$2:$Q$201,3,))) -> IND | B11: =VLOOKUP(A11,'Paste #BBall'!$A$204:$D$233,4,) -> 3 | C11: =VLOOKUP(A11,'Paste #BBall'!$A$204:$C$233,3,) -> 3 | D11: =VLOOKUP(A11,'Paste #BBall'!$A$204:$B$233,2,) -> 3 | E11: =SUM(B11:D11) -> 9 | F11: 6 | G11: =IFERROR(__xludf.DUMMYFUNCTION("""COMPUTED_VALUE"""),133.0) -> 133 | H11: =IFERROR(__xludf.DUMMYFUNCTION("""COMPUTED_VALUE"""),"Chris Duarte") -> Chris Duarte | I11: =IFERROR(__xludf.DUMMYFUNCTION("""COMPUTED_VALUE"""),67.0) -> 67 | J11: =IFERROR(__xludf.DUMMYFUNCTION("""COMPUTED_VALUE"""),"SG") -> SG | K11: =IFERROR(__xludf.DUMMYFUNCTION("""COMPUTED_VALUE"""),-3.059400187946779) -> -3.0594002 | L11: =IFERROR(__xludf.DUMMYFUNCTION("""COMPUTED_VALUE"""),-1.750132341625896) -> -1.7501323 | M11: =IFERROR(__xludf.DUMMYFUNCTION("""COMPUTED_VALUE"""),1.309267846320883) -> 1.3092678 | N11: =IFERROR(__xludf.DUMMYFUNCTION("""COMPUTED_VALUE"""),13.9) -> 13.9 | O11: =IFERROR(__xludf.DUMMYFUNCTION("""COMPUTED_VALUE"""),1.8) -> 1.8 | P11: =IFERROR(__xludf.DUMMYFUNCTION("""COMPUTED_VALUE"""),4.3) -> 4.3 | Q11: =IFERROR(__xludf.DUMMYFUNCTION("""COMPUTED_VALUE"""),2.2) -> 2.2 | R11: =IFERROR(__xludf.DUMMYFUNCTION("""COMPUTED_VALUE"""),1.1) -> 1.1 | S11: =IFERROR(__xludf.DUMMYFUNCTION("""COMPUTED_VALUE"""),0.2) -> 0.2 | T11: =IFERROR(__xludf.DUMMYFUNCTION("""COMPUTED_VALUE"""),43.69747899159664) -> 43.697479 | U11: =IFERROR(__xludf.DUMMYFUNCTION("""COMPUTED_VALUE"""),80.95238095238095) -> 80.952381 | V11: =IFERROR(__xludf.DUMMYFUNCTION("""COMPUTED_VALUE"""),1.7) -> 1.7 | W11: =IFERROR(__xludf.DUMMYFUNCTION("""COMPUTED_VALUE"""),-0.8129730113987568) -> -0.81297301 | X11: =IFERROR(__xludf.DUMMYFUNCTION("""COMPUTED_VALUE"""),0.18656889019363826) -> 0.18656889 | Y11: =IFERROR(__xludf.DUMMYFUNCTION("""COMPUTED_VALUE"""),-0.7243768628429622) -> -0.72437686 | Z11: =IFERROR(__xludf.DUMMYFUNCTION("""COMPUTED_VALUE"""),-0.8571888629293436) -> -0.85718886 | AA11: =IFERROR(__xludf.DUMMYFUNCTION("""COMPUTED_VALUE"""),0.39233811965195126) -> 0.39233812 | AB11: =IFERROR(__xludf.DUMMYFUNCTION("""COMPUTED_VALUE"""),0.0) -> 0 | AC11: =IFERROR(__xludf.DUMMYFUNCTION("""COMPUTED_VALUE"""),0.0) -> 0 | AD11: =IFERROR(__xludf.DUMMYFUNCTION("""COMPUTED_VALUE"""),0.0654993856995771) -> 0.065499386 | AE11: =IFERROR(__xludf.DUMMYFUNCTION("""COMPUTED_VALUE"""),0.0) -> 0
A12: =IF(VLOOKUP(H12,'Paste #BBall'!$C$2:$Q$201,3,)="BRO","BKN",IF(VLOOKUP(H12,'Paste #BBall'!$C$2:$Q$201,3,)="OKL","OKC",VLOOKUP(H12,'Paste #BBall'!$C$2:$Q$201,3,))) -> DAL | B12: =VLOOKUP(A12,'Paste #BBall'!$A$204:$D$233,4,) -> 3 | C12: =VLOOKUP(A12,'Paste #BBall'!$A$204:$C$233,3,) -> 3 | D12: =VLOOKUP(A12,'Paste #BBall'!$A$204:$B$233,2,) -> 3 | E12: =SUM(B12:D12) -> 9 | F12: 7 | G12: =IFERROR(__xludf.DUMMYFUNCTION("""COMPUTED_VALUE"""),102.0) -> 102 | H12: =IFERROR(__xludf.DUMMYFUNCTION("""COMPUTED_VALUE"""),"Dorian Finney-Smith") -> Dorian Finney-Smith | I12: =IFERROR(__xludf.DUMMYFUNCTION("""COMPUTED_VALUE"""),76.0) -> 76 | J12: =IFERROR(__xludf.DUMMYFUNCTION("""COMPUTED_VALUE"""),"SF/PF") -> SF/PF | K12: =IFERROR(__xludf.DUMMYFUNCTION("""COMPUTED_VALUE"""),-1.903552351572669) -> -1.9035524 | L12: =IFERROR(__xludf.DUMMYFUNCTION("""COMPUTED_VALUE"""),-1.9139741615331212) -> -1.9139742 | M12: =IFERROR(__xludf.DUMMYFUNCTION("""COMPUTED_VALUE"""),-0.010421809960452055) -> -0.01042181 | N12: =IFERROR(__xludf.DUMMYFUNCTION("""COMPUTED_VALUE"""),12.0) -> 12 | O12: =IFERROR(__xludf.DUMMYFUNCTION("""COMPUTED_VALUE"""),2.2) -> 2.2 | P12: =IFERROR(__xludf.DUMMYFUNCTION("""COMPUTED_VALUE"""),4.7) -> 4.7 | Q12: =IFERROR(__xludf.DUMMYFUNCTION("""COMPUTED_VALUE"""),1.9) -> 1.9 | R12: =IFERROR(__xludf.DUMMYFUNCTION("""COMPUTED_VALUE"""),1.1) -> 1.1 | S12: =IFERROR(__xludf.DUMMYFUNCTION("""COMPUTED_VALUE"""),0.5) -> 0.5 | T12: =IFERROR(__xludf.DUMMYFUNCTION("""COMPUTED_VALUE"""),47.368421052631575) -> 47.368421 | U12: =IFERROR(__xludf.DUMMYFUNCTION("""COMPUTED_VALUE"""),80.0) -> 80 | V12: =IFERROR(__xludf.DUMMYFUNCTION("""COMPUTED_VALUE"""),1.0) -> 1 | W12: =IFERROR(__xludf.DUMMYFUNCTION("""COMPUTED_VALUE"""),-1.3189142282090194) -> -1.3189142 | X12: =IFERROR(__xludf.DUMMYFUNCTION("""COMPUTED_VALUE"""),0.5865511152130937) -> 0.58655112 | Y12: =IFERROR(__xludf.DUMMYFUNCTION("""COMPUTED_VALUE"""),-0.5610907016272261) -> -0.5610907 | Z12: =IFERROR(__xludf.DUMMYFUNCTION("""COMPUTED_VALUE"""),-1.0283968261685825) -> -1.0283968 | AA12: =IFERROR(__xludf.DUMMYFUNCTION("""COMPUTED_VALUE"""),0.39233811965195126) -> 0.39233812 | AB12: =IFERROR(__xludf.DUMMYFUNCTION("""COMPUTED_VALUE"""),0.0) -> 0 | AC12: =IFERROR(__xludf.DUMMYFUNCTION("""COMPUTED_VALUE"""),0.0) -> 0 | AD12: =IFERROR(__xludf.DUMMYFUNCTION("""COMPUTED_VALUE"""),0.015538359606661832) -> 0.01553836 | AE12: =IFERROR(__xludf.DUMMYFUNCTION("""COMPUTED_VALUE"""),0.0) -> 0
A13: =IF(VLOOKUP(H13,'Paste #BBall'!$C$2:$Q$201,3,)="BRO","BKN",IF(VLOOKUP(H13,'Paste #BBall'!$C$2:$Q$201,3,)="OKL","OKC",VLOOKUP(H13,'Paste #BBall'!$C$2:$Q$201,3,))) -> DEN | B13: =VLOOKUP(A13,'Paste #BBall'!$A$204:$D$233,4,) -> 2 | C13: =VLOOKUP(A13,'Paste #BBall'!$A$204:$C$233,3,) -> 4 | D13: =VLOOKUP(A13,'Paste #BBall'!$A$204:$B$233,2,) -> 4 | E13: =SUM(B13:D13) -> 10 | F13: 8 | G13: =IFERROR(__xludf.DUMMYFUNCTION("""COMPUTED_VALUE"""),120.0) -> 120 | H13: =IFERROR(__xludf.DUMMYFUNCTION("""COMPUTED_VALUE"""),"Kentavious Caldwell-Pope") -> Kentavious Caldwell-Pope | I13: =IFERROR(__xludf.DUMMYFUNCTION("""COMPUTED_VALUE"""),72.0) -> 72 | J13: =IFERROR(__xludf.DUMMYFUNCTION("""COMPUTED_VALUE"""),"SG/SF") -> SG/SF | K13: =IFERROR(__xludf.DUMMYFUNCTION("""COMPUTED_VALUE"""),-2.4757149587040717) -> -2.475715 | L13: =IFERROR(__xludf.DUMMYFUNCTION("""COMPUTED_VALUE"""),-2.0287316425159547) -> -2.0287316 | M13: =IFERROR(__xludf.DUMMYFUNCTION("""COMPUTED_VALUE"""),0.44698331618811693) -> 0.44698332 | N13: =IFERROR(__xludf.DUMMYFUNCTION("""COMPUTED_VALUE"""),12.9) -> 12.9 | O13: =IFERROR(__xludf.DUMMYFUNCTION("""COMPUTED_VALUE"""),2.0) -> 2 | P13: =IFERROR(__xludf.DUMMYFUNCTION("""COMPUTED_VALUE"""),3.3) -> 3.3 | Q13: =IFERROR(__xludf.DUMMYFUNCTION("""COMPUTED_VALUE"""),1.8) -> 1.8 | R13: =IFERROR(__xludf.DUMMYFUNCTION("""COMPUTED_VALUE"""),1.1) -> 1.1 | S13: =IFERROR(__xludf.DUMMYFUNCTION("""COMPUTED_VALUE"""),0.3) -> 0.3 | T13: =IFERROR(__xludf.DUMMYFUNCTION("""COMPUTED_VALUE"""),43.8095238095238) -> 43.809524 | U13: =IFERROR(__xludf.DUMMYFUNCTION("""COMPUTED_VALUE"""),94.73684210526316) -> 94.736842 | V13: =IFERROR(__xludf.DUMMYFUNCTION("""COMPUTED_VALUE"""),1.3) -> 1.3 | W13: =IFERROR(__xludf.DUMMYFUNCTION("""COMPUTED_VALUE"""),-1.0792578623515265) -> -1.0792579 | X13: =IFERROR(__xludf.DUMMYFUNCTION("""COMPUTED_VALUE"""),0.3865600027033658) -> 0.38656 | Y13: =IFERROR(__xludf.DUMMYFUNCTION("""COMPUTED_VALUE"""),-1.1325922658823022) -> -1.1325923 | Z13: =IFERROR(__xludf.DUMMYFUNCTION("""COMPUTED_VALUE"""),-1.085466147248329) -> -1.0854661 | AA13: =IFERROR(__xludf.DUMMYFUNCTION("""COMPUTED_VALUE"""),0.39233811965195126) -> 0.39233812 | AB13: =IFERROR(__xludf.DUMMYFUNCTION("""COMPUTED_VALUE"""),0.0) -> 0 | AC13: =IFERROR(__xludf.DUMMYFUNCTION("""COMPUTED_VALUE"""),0.0) -> 0 | AD13: =IFERROR(__xludf.DUMMYFUNCTION("""COMPUTED_VALUE"""),0.48968651061088586) -> 0.48968651 | AE13: =IFERROR(__xludf.DUMMYFUNCTION("""COMPUTED_VALUE"""),0.0) -> 0
A14: =IF(VLOOKUP(H14,'Paste #BBall'!$C$2:$Q$201,3,)="BRO","BKN",IF(VLOOKUP(H14,'Paste #BBall'!$C$2:$Q$201,3,)="OKL","OKC",VLOOKUP(H14,'Paste #BBall'!$C$2:$Q$201,3,))) -> MIA | B14: =VLOOKUP(A14,'Paste #BBall'!$A$204:$D$233,4,) -> 3 | C14: =VLOOKUP(A14,'Paste #BBall'!$A$204:$C$233,3,) -> 4 | D14: =VLOOKUP(A14,'Paste #BBall'!$A$204:$B$233,2,) -> 4 | E14: =SUM(B14:D14) -> 11 | F14: 9 | G14: =IFERROR(__xludf.DUMMYFUNCTION("""COMPUTED_VALUE"""),154.0) -> 154 | H14: =IFERROR(__xludf.DUMMYFUNCTION("""COMPUTED_VALUE"""),"Victor Oladipo") -> Victor Oladipo | I14: =IFERROR(__xludf.DUMMYFUNCTION("""COMPUTED_VALUE"""),60.0) -> 60 | J14: =IFERROR(__xludf.DUMMYFUNCTION("""COMPUTED_VALUE"""),"SG") -> SG | K14: =IFERROR(__xludf.DUMMYFUNCTION("""COMPUTED_VALUE"""),-3.6845677265262684) -> -3.6845677 | L14: =IFERROR(__xludf.DUMMYFUNCTION("""COMPUTED_VALUE"""),-2.0827878439502587) -> -2.0827878 | M14: =IFERROR(__xludf.DUMMYFUNCTION("""COMPUTED_VALUE"""),1.6017798825760097) -> 1.6017799 | N14: =IFERROR(__xludf.DUMMYFUNCTION("""COMPUTED_VALUE"""),15.1) -> 15.1 | O14: =IFERROR(__xludf.DUMMYFUNCTION("""COMPUTED_VALUE"""),2.3) -> 2.3 | P14: =IFERROR(__xludf.DUMMYFUNCTION("""COMPUTED_VALUE"""),3.5) -> 3.5 | Q14: =IFERROR(__xludf.DUMMYFUNCTION("""COMPUTED_VALUE"""),4.0) -> 4 | R14: =IFERROR(__xludf.DUMMYFUNCTION("""COMPUTED_VALUE"""),0.7) -> 0.7 | S14: =IFERROR(__xludf.DUMMYFUNCTION("""COMPUTED_VALUE"""),0.1) -> 0.1 | T14: =IFERROR(__xludf.DUMMYFUNCTION("""COMPUTED_VALUE"""),44.53781512605042) -> 44.537815 | U14: =IFERROR(__xludf.DUMMYFUNCTION("""COMPUTED_VALUE"""),75.86206896551725) -> 75.862069 | V14: =IFERROR(__xludf.DUMMYFUNCTION("""COMPUTED_VALUE"""),2.4) -> 2.4 | W14: =IFERROR(__xludf.DUMMYFUNCTION("""COMPUTED_VALUE"""),-0.4934311902554332) -> -0.49343119 | X14: =IFERROR(__xludf.DUMMYFUNCTION("""COMPUTED_VALUE"""),0.6865466714679571) -> 0.68654667 | Y14: =IFERROR(__xludf.DUMMYFUNCTION("""COMPUTED_VALUE"""),-1.0509491852744342) -> -1.0509492 | Z14: =IFERROR(__xludf.DUMMYFUNCTION("""COMPUTED_VALUE"""),0.17005891650608962) -> 0.17005892 | AA14: =IFERROR(__xludf.DUMMYFUNCTION("""COMPUTED_VALUE"""),-1.2428613161002313) -> -1.2428613 | AB14: =IFERROR(__xludf.DUMMYFUNCTION("""COMPUTED_VALUE"""),0.0) -> 0 | AC14: =IFERROR(__xludf.DUMMYFUNCTION("""COMPUTED_VALUE"""),0.0) -> 0 | AD14: =IFERROR(__xludf.DUMMYFUNCTION("""COMPUTED_VALUE"""),-0.15215174029420697) -> -0.15215174 | AE14: =IFERROR(__xludf.DUMMYFUNCTION("""COMPUTED_VALUE"""),0.0) -> 0
A15: =IF(VLOOKUP(H15,'Paste #BBall'!$C$2:$Q$201,3,)="BRO","BKN",IF(VLOOKUP(H15,'Paste #BBall'!$C$2:$Q$201,3,)="OKL","OKC",VLOOKUP(H15,'Paste #BBall'!$C$2:$Q$201,3,))) -> DAL | B15: =VLOOKUP(A15,'Paste #BBall'!$A$204:$D$233,4,) -> 3 | C15: =VLOOKUP(A15,'Paste #BBall'!$A$204:$C$233,3,) -> 3 | D15: =VLOOKUP(A15,'Paste #BBall'!$A$204:$B$233,2,) -> 3 | E15: =SUM(B15:D15) -> 9 | F15: 10 | G15: =IFERROR(__xludf.DUMMYFUNCTION("""COMPUTED_VALUE"""),168.0) -> 168 | H15: =IFERROR(__xludf.DUMMYFUNCTION("""COMPUTED_VALUE"""),"Tim Hardaway Jr.") -> Tim Hardaway Jr. | I15: =IFERROR(__xludf.DUMMYFUNCTION("""COMPUTED_VALUE"""),68.0) -> 68 | J15: =IFERROR(__xludf.DUMMYFUNCTION("""COMPUTED_VALUE"""),"SG/SF") -> SG/SF | K15: =IFERROR(__xludf.DUMMYFUNCTION("""COMPUTED_VALUE"""),-4.011723958858206) -> -4.011724 | L15: =IFERROR(__xludf.DUMMYFUNCTION("""COMPUTED_VALUE"""),-2.084143781963946) -> -2.0841438 | M15: =IFERROR(__xludf.DUMMYFUNCTION("""COMPUTED_VALUE"""),1.92758017689426) -> 1.9275802 | N15: =IFERROR(__xludf.DUMMYFUNCTION("""COMPUTED_VALUE"""),15.1) -> 15.1 | O15: =IFERROR(__xludf.DUMMYFUNCTION("""COMPUTED_VALUE"""),2.4) -> 2.4 | P15: =IFERROR(__xludf.DUMMYFUNCTION("""COMPUTED_VALUE"""),3.7) -> 3.7 | Q15: =IFERROR(__xludf.DUMMYFUNCTION("""COMPUTED_VALUE"""),2.2) -> 2.2 | R15: =IFERROR(__xludf.DUMMYFUNCTION("""COMPUTED_VALUE"""),0.9) -> 0.9 | S15: =IFERROR(__xludf.DUMMYFUNCTION("""COMPUTED_VALUE"""),0.1) -> 0.1 | T15: =IFERROR(__xludf.DUMMYFUNCTION("""COMPUTED_VALUE"""),42.1875) -> 42.1875 | U15: =IFERROR(__xludf.DUMMYFUNCTION("""COMPUTED_VALUE"""),76.0) -> 76 | V15: =IFERROR(__xludf.DUMMYFUNCTION("""COMPUTED_VALUE"""),0.8) -> 0.8 | W15: =IFERROR(__xludf.DUMMYFUNCTION("""COMPUTED_VALUE"""),-0.4934311902554332) -> -0.49343119 | X15: =IFERROR(__xludf.DUMMYFUNCTION("""COMPUTED_VALUE"""),0.786542227722821) -> 0.78654223 | Y15: =IFERROR(__xludf.DUMMYFUNCTION("""COMPUTED_VALUE"""),-0.9693061046665661) -> -0.9693061 | Z15: =IFERROR(__xludf.DUMMYFUNCTION("""COMPUTED_VALUE"""),-0.8571888629293436) -> -0.85718886 | AA15: =IFERROR(__xludf.DUMMYFUNCTION("""COMPUTED_VALUE"""),-0.42526159822414) -> -0.4252616 | AB15: =IFERROR(__xludf.DUMMYFUNCTION("""COMPUTED_VALUE"""),0.0) -> 0 | AC15: =IFERROR(__xludf.DUMMYFUNCTION("""COMPUTED_VALUE"""),0.0) -> 0 | AD15: =IFERROR(__xludf.DUMMYFUNCTION("""COMPUTED_VALUE"""),-0.12549825361128425) -> -0.12549825 | AE15: =IFERROR(__xludf.DUMMYFUNCTION("""COMPUTED_VALUE"""),0.0) -> 0
A16: =IF(VLOOKUP(H16,'Paste #BBall'!$C$2:$Q$201,3,)="BRO","BKN",IF(VLOOKUP(H16,'Paste #BBall'!$C$2:$Q$201,3,)="OKL","OKC",VLOOKUP(H16,'Paste #BBall'!$C$2:$Q$201,3,))) -> CHA | B16: =VLOOKUP(A16,'Paste #BBall'!$A$204:$D$233,4,) -> 3 | C16: =VLOOKUP(A16,'Paste #BBall'!$A$204:$C$233,3,) -> 4 | D16: =VLOOKUP(A16,'Paste #BBall'!$A$204:$B$233,2,) -> 2 | E16: =SUM(B16:D16) -> 9 | F16: 11 | G16: =IFERROR(__xludf.DUMMYFUNCTION("""COMPUTED_VALUE"""),108.0) -> 108 | H16: =IFERROR(__xludf.DUMMYFUNCTION("""COMPUTED_VALUE"""),"Cody Martin") -> Cody Martin | I16: =IFERROR(__xludf.DUMMYFUNCTION("""COMPUTED_VALUE"""),72.0) -> 72 | J16: =IFERROR(__xludf.DUMMYFUNCTION("""COMPUTED_VALUE"""),"SF") -> SF | K16: =IFERROR(__xludf.DUMMYFUNCTION("""COMPUTED_VALUE"""),-2.022992408641519) -> -2.0229924 | L16: =IFERROR(__xludf.DUMMYFUNCTION("""COMPUTED_VALUE"""),-2.1252246978309444) -> -2.1252247 | M16: =IFERROR(__xludf.DUMMYFUNCTION("""COMPUTED_VALUE"""),-0.10223228918942517) -> -0.10223229 | N16: =IFERROR(__xludf.DUMMYFUNCTION("""COMPUTED_VALUE"""),10.3) -> 10.3 | O16: =IFERROR(__xludf.DUMMYFUNCTION("""COMPUTED_VALUE"""),1.1) -> 1.1 | P16: =IFERROR(__xludf.DUMMYFUNCTION("""COMPUTED_VALUE"""),4.8) -> 4.8 | Q16: =IFERROR(__xludf.DUMMYFUNCTION("""COMPUTED_VALUE"""),2.9) -> 2.9 | R16: =IFERROR(__xludf.DUMMYFUNCTION("""COMPUTED_VALUE"""),1.3) -> 1.3 | S16: =IFERROR(__xludf.DUMMYFUNCTION("""COMPUTED_VALUE"""),0.6) -> 0.6 | T16: =IFERROR(__xludf.DUMMYFUNCTION("""COMPUTED_VALUE"""),48.192771084337345) -> 48.192771 | U16: =IFERROR(__xludf.DUMMYFUNCTION("""COMPUTED_VALUE"""),76.47058823529413) -> 76.470588 | V16: =IFERROR(__xludf.DUMMYFUNCTION("""COMPUTED_VALUE"""),1.1) -> 1.1 | W16: =IFERROR(__xludf.DUMMYFUNCTION("""COMPUTED_VALUE"""),-1.771598474828728) -> -1.7715985 | X16: =IFERROR(__xludf.DUMMYFUNCTION("""COMPUTED_VALUE"""),-0.5134000035904084) -> -0.5134 | Y16: =IFERROR(__xludf.DUMMYFUNCTION("""COMPUTED_VALUE"""),-0.5202691613232922) -> -0.52026916 | Z16: =IFERROR(__xludf.DUMMYFUNCTION("""COMPUTED_VALUE"""),-0.4577036153711197) -> -0.45770362 | AA16: =IFERROR(__xludf.DUMMYFUNCTION("""COMPUTED_VALUE"""),1.209937837528042) -> 1.2099378 | AB16: =IFERROR(__xludf.DUMMYFUNCTION("""COMPUTED_VALUE"""),0.0) -> 0 | AC16: =IFERROR(__xludf.DUMMYFUNCTION("""COMPUTED_VALUE"""),0.0) -> 0 | AD16: =IFERROR(__xludf.DUMMYFUNCTION("""COMPUTED_VALUE"""),-0.07219128024543806) -> -0.07219128 | AE16: =IFERROR(__xludf.DUMMYFUNCTION("""COMPUTED_VALUE"""),0.0) -> 0
A17: =IF(VLOOKUP(H17,'Paste #BBall'!$C$2:$Q$201,3,)="BRO","BKN",IF(VLOOKUP(H17,'Paste #BBall'!$C$2:$Q$201,3,)="OKL","OKC",VLOOKUP(H17,'Paste #BBall'!$C$2:$Q$201,3,))) -> LAC | B17: =VLOOKUP(A17,'Paste #BBall'!$A$204:$D$233,4,) -> 4 | C17: =VLOOKUP(A17,'Paste #BBall'!$A$204:$C$233,3,) -> 2 | D17: =VLOOKUP(A17,'Paste #BBall'!$A$204:$B$233,2,) -> 3 | E17: =SUM(B17:D17) -> 9 | F17: 12 | G17: =IFERROR(__xludf.DUMMYFUNCTION("""COMPUTED_VALUE"""),143.0) -> 143 | H17: =IFERROR(__xludf.DUMMYFUNCTION("""COMPUTED_VALUE"""),"Reggie Jackson") -> Reggie Jackson | I17: =IFERROR(__xludf.DUMMYFUNCTION("""COMPUTED_VALUE"""),70.0) -> 70 | J17: =IFERROR(__xludf.DUMMYFUNCTION("""COMPUTED_VALUE"""),"PG") -> PG | K17: =IFERROR(__xludf.DUMMYFUNCTION("""COMPUTED_VALUE"""),-3.297195379736017) -> -3.2971954 | L17: =IFERROR(__xludf.DUMMYFUNCTION("""COMPUTED_VALUE"""),-2.217482100520478) -> -2.2174821 | M17: =IFERROR(__xludf.DUMMYFUNCTION("""COMPUTED_VALUE"""),1.079713279215539) -> 1.0797133 | N17: =IFERROR(__xludf.DUMMYFUNCTION("""COMPUTED_VALUE"""),15.4) -> 15.4 | O17: =IFERROR(__xludf.DUMMYFUNCTION("""COMPUTED_VALUE"""),2.0) -> 2 | P17: =IFERROR(__xludf.DUMMYFUNCTION("""COMPUTED_VALUE"""),3.3) -> 3.3 | Q17: =IFERROR(__xludf.DUMMYFUNCTION("""COMPUTED_VALUE"""),4.4) -> 4.4 | R17: =IFERROR(__xludf.DUMMYFUNCTION("""COMPUTED_VALUE"""),0.6) -> 0.6 | S17: =IFERROR(__xludf.DUMMYFUNCTION("""COMPUTED_VALUE"""),0.2) -> 0.2 | T17: =IFERROR(__xludf.DUMMYFUNCTION("""COMPUTED_VALUE"""),44.6969696969697) -> 44.69697 | U17: =IFERROR(__xludf.DUMMYFUNCTION("""COMPUTED_VALUE"""),85.0) -> 85 | V17: =IFERROR(__xludf.DUMMYFUNCTION("""COMPUTED_VALUE"""),2.1) -> 2.1 | W17: =IFERROR(__xludf.DUMMYFUNCTION("""COMPUTED_VALUE"""),-0.41354573496960206) -> -0.41354574 | X17: =IFERROR(__xludf.DUMMYFUNCTION("""COMPUTED_VALUE"""),0.3865600027033658) -> 0.38656 | Y17: =IFERROR(__xludf.DUMMYFUNCTION("""COMPUTED_VALUE"""),-1.1325922658823022) -> -1.1325923 | Z17: =IFERROR(__xludf.DUMMYFUNCTION("""COMPUTED_VALUE"""),0.39833620082507504) -> 0.3983362 | AA17: =IFERROR(__xludf.DUMMYFUNCTION("""COMPUTED_VALUE"""),-1.6516611750382768) -> -1.6516612 | AB17: =IFERROR(__xludf.DUMMYFUNCTION("""COMPUTED_VALUE"""),0.0) -> 0 | AC17: =IFERROR(__xludf.DUMMYFUNCTION("""COMPUTED_VALUE"""),0.0) -> 0 | AD17: =IFERROR(__xludf.DUMMYFUNCTION("""COMPUTED_VALUE"""),0.1954208718412621) -> 0.19542087 | AE17: =IFERROR(__xludf.DUMMYFUNCTION("""COMPUTED_VALUE"""),0.0) -> 0
A18: =IF(VLOOKUP(H18,'Paste #BBall'!$C$2:$Q$201,3,)="BRO","BKN",IF(VLOOKUP(H18,'Paste #BBall'!$C$2:$Q$201,3,)="OKL","OKC",VLOOKUP(H18,'Paste #BBall'!$C$2:$Q$201,3,))) -> PHX | B18: =VLOOKUP(A18,'Paste #BBall'!$A$204:$D$233,4,) -> 3 | C18: =VLOOKUP(A18,'Paste #BBall'!$A$204:$C$233,3,) -> 2 | D18: =VLOOKUP(A18,'Paste #BBall'!$A$204:$B$233,2,) -> 4 | E18: =SUM(B18:D18) -> 9 | F18: 13 | G18: =IFERROR(__xludf.DUMMYFUNCTION("""COMPUTED_VALUE"""),136.0) -> 136 | H18: =IFERROR(__xludf.DUMMYFUNCTION("""COMPUTED_VALUE"""),"Jae Crowder") -> Jae Crowder | I18: =IFERROR(__xludf.DUMMYFUNCTION("""COMPUTED_VALUE"""),70.0) -> 70 | J18: =IFERROR(__xludf.DUMMYFUNCTION("""COMPUTED_VALUE"""),"SF/PF") -> SF/PF | K18: =IFERROR(__xludf.DUMMYFUNCTION("""COMPUTED_VALUE"""),-3.157014127365177) -> -3.1570141 | L18: =IFERROR(__xludf.DUMMYFUNCTION("""COMPUTED_VALUE"""),-2.425792125670338) -> -2.4257921 | M18: =IFERROR(__xludf.DUMMYFUNCTION("""COMPUTED_VALUE"""),0.7312220016948388) -> 0.731222 | N18: =IFERROR(__xludf.DUMMYFUNCTION("""COMPUTED_VALUE"""),8.8) -> 8.8 | O18: =IFERROR(__xludf.DUMMYFUNCTION("""COMPUTED_VALUE"""),1.8) -> 1.8 | P18: =IFERROR(__xludf.DUMMYFUNCTION("""COMPUTED_VALUE"""),4.8) -> 4.8 | Q18: =IFERROR(__xludf.DUMMYFUNCTION("""COMPUTED_VALUE"""),1.8) -> 1.8 | R18: =IFERROR(__xludf.DUMMYFUNCTION("""COMPUTED_VALUE"""),1.3) -> 1.3 | S18: =IFERROR(__xludf.DUMMYFUNCTION("""COMPUTED_VALUE"""),0.4) -> 0.4 | T18: =IFERROR(__xludf.DUMMYFUNCTION("""COMPUTED_VALUE"""),40.0) -> 40 | U18: =IFERROR(__xludf.DUMMYFUNCTION("""COMPUTED_VALUE"""),76.92307692307692) -> 76.923077 | V18: =IFERROR(__xludf.DUMMYFUNCTION("""COMPUTED_VALUE"""),0.7) -> 0.7 | W18: =IFERROR(__xludf.DUMMYFUNCTION("""COMPUTED_VALUE"""),-2.1710257512578823) -> -2.1710258 | X18: =IFERROR(__xludf.DUMMYFUNCTION("""COMPUTED_VALUE"""),0.18656889019363826) -> 0.18656889 | Y18: =IFERROR(__xludf.DUMMYFUNCTION("""COMPUTED_VALUE"""),-0.5202691613232922) -> -0.52026916 | Z18: =IFERROR(__xludf.DUMMYFUNCTION("""COMPUTED_VALUE"""),-1.085466147248329) -> -1.0854661 | AA18: =IFERROR(__xludf.DUMMYFUNCTION("""COMPUTED_VALUE"""),1.209937837528042) -> 1.2099378 | AB18: =IFERROR(__xludf.DUMMYFUNCTION("""COMPUTED_VALUE"""),0.0) -> 0 | AC18: =IFERROR(__xludf.DUMMYFUNCTION("""COMPUTED_VALUE"""),0.0) -> 0 | AD18: =IFERROR(__xludf.DUMMYFUNCTION("""COMPUTED_VALUE"""),-0.045537793562515326) -> -0.045537794 | AE18: =IFERROR(__xludf.DUMMYFUNCTION("""COMPUTED_VALUE"""),0.0) -> 0
A19: =IF(VLOOKUP(H19,'Paste #BBall'!$C$2:$Q$201,3,)="BRO","BKN",IF(VLOOKUP(H19,'Paste #BBall'!$C$2:$Q$201,3,)="OKL","OKC",VLOOKUP(H19,'Paste #BBall'!$C$2:$Q$201,3,))) -> LAC | B19: =VLOOKUP(A19,'Paste #BBall'!$A$204:$D$233,4,) -> 4 | C19: =VLOOKUP(A19,'Paste #BBall'!$A$204:$C$233,3,) -> 2 | D19: =VLOOKUP(A19,'Paste #BBall'!$A$204:$B$233,2,) -> 3 | E19: =SUM(B19:D19) -> 9 | F19: 14 | G19: =IFERROR(__xludf.DUMMYFUNCTION("""COMPUTED_VALUE"""),82.0) -> 82 | H19: =IFERROR(__xludf.DUMMYFUNCTION("""COMPUTED_VALUE"""),"Robert Covington") -> Robert Covington | I19: =IFERROR(__xludf.DUMMYFUNCTION("""COMPUTED_VALUE"""),70.0) -> 70 | J19: =IFERROR(__xludf.DUMMYFUNCTION("""COMPUTED_VALUE"""),"SF/PF") -> SF/PF | K19: =IFERROR(__xludf.DUMMYFUNCTION("""COMPUTED_VALUE"""),-1.311893170231) -> -1.3118932 | L19: =IFERROR(__xludf.DUMMYFUNCTION("""COMPUTED_VALUE"""),-2.5649042466479512) -> -2.5649042 | M19: =IFERROR(__xludf.DUMMYFUNCTION("""COMPUTED_VALUE"""),-1.2530110764169513) -> -1.2530111 | N19: =IFERROR(__xludf.DUMMYFUNCTION("""COMPUTED_VALUE"""),8.2) -> 8.2 | O19: =IFERROR(__xludf.DUMMYFUNCTION("""COMPUTED_VALUE"""),1.8) -> 1.8 | P19: =IFERROR(__xludf.DUMMYFUNCTION("""COMPUTED_VALUE"""),5.4) -> 5.4 | Q19: =IFERROR(__xludf.DUMMYFUNCTION("""COMPUTED_VALUE"""),1.3) -> 1.3 | R19: =IFERROR(__xludf.DUMMYFUNCTION("""COMPUTED_VALUE"""),1.3) -> 1.3 | S19: =IFERROR(__xludf.DUMMYFUNCTION("""COMPUTED_VALUE"""),1.2) -> 1.2 | T19: =IFERROR(__xludf.DUMMYFUNCTION("""COMPUTED_VALUE"""),41.17647058823529) -> 41.176471 | U19: =IFERROR(__xludf.DUMMYFUNCTION("""COMPUTED_VALUE"""),80.0) -> 80 | V19: =IFERROR(__xludf.DUMMYFUNCTION("""COMPUTED_VALUE"""),1.1) -> 1.1 | W19: =IFERROR(__xludf.DUMMYFUNCTION("""COMPUTED_VALUE"""),-2.330796661829545) -> -2.3307967 | X19: =IFERROR(__xludf.DUMMYFUNCTION("""COMPUTED_VALUE"""),0.18656889019363826) -> 0.18656889 | Y19: =IFERROR(__xludf.DUMMYFUNCTION("""COMPUTED_VALUE"""),-0.27533991949968795) -> -0.27533992 | Z19: =IFERROR(__xludf.DUMMYFUNCTION("""COMPUTED_VALUE"""),-1.3708127526470602) -> -1.3708128 | AA19: =IFERROR(__xludf.DUMMYFUNCTION("""COMPUTED_VALUE"""),1.209937837528042) -> 1.2099378 | AB19: =IFERROR(__xludf.DUMMYFUNCTION("""COMPUTED_VALUE"""),0.0) -> 0 | AC19: =IFERROR(__xludf.DUMMYFUNCTION("""COMPUTED_VALUE"""),0.0) -> 0 | AD19: =IFERROR(__xludf.DUMMYFUNCTION("""COMPUTED_VALUE"""),0.015538359606661832) -> 0.01553836 | AE19: =IFERROR(__xludf.DUMMYFUNCTION("""COMPUTED_VALUE"""),0.0) -> 0
A20: =IF(VLOOKUP(H20,'Paste #BBall'!$C$2:$Q$201,3,)="BRO","BKN",IF(VLOOKUP(H20,'Paste #BBall'!$C$2:$Q$201,3,)="OKL","OKC",VLOOKUP(H20,'Paste #BBall'!$C$2:$Q$201,3,))) -> UTA | B20: =VLOOKUP(A20,'Paste #BBall'!$A$204:$D$233,4,) -> 3 | C20: =VLOOKUP(A20,'Paste #BBall'!$A$204:$C$233,3,) -> 3 | D20: =VLOOKUP(A20,'Paste #BBall'!$A$204:$B$233,2,) -> 2 | E20: =SUM(B20:D20) -> 8 | F20: 15 | G20: =IFERROR(__xludf.DUMMYFUNCTION("""COMPUTED_VALUE"""),175.0) -> 175 | H20: =IFERROR(__xludf.DUMMYFUNCTION("""COMPUTED_VALUE"""),"Jordan Clarkson") -> Jordan Clarkson | I20: =IFERROR(__xludf.DUMMYFUNCTION("""COMPUTED_VALUE"""),64.0) -> 64 | J20: =IFERROR(__xludf.DUMMYFUNCTION("""COMPUTED_VALUE"""),"SG") -> SG | K20: =IFERROR(__xludf.DUMMYFUNCTION("""COMPUTED_VALUE"""),-4.137784141412638) -> -4.1377841 | L20: =IFERROR(__xludf.DUMMYFUNCTION("""COMPUTED_VALUE"""),-2.575608423381195) -> -2.5756084 | M20: =IFERROR(__xludf.DUMMYFUNCTION("""COMPUTED_VALUE"""),1.562175718031443) -> 1.5621757 | N20: =IFERROR(__xludf.DUMMYFUNCTION("""COMPUTED_VALUE"""),15.0) -> 15 | O20: =IFERROR(__xludf.DUMMYFUNCTION("""COMPUTED_VALUE"""),2.3) -> 2.3 | P20: =IFERROR(__xludf.DUMMYFUNCTION("""COMPUTED_VALUE"""),3.2) -> 3.2 | Q20: =IFERROR(__xludf.DUMMYFUNCTION("""COMPUTED_VALUE"""),2.3) -> 2.3 | R20: =IFERROR(__xludf.DUMMYFUNCTION("""COMPUTED_VALUE"""),0.8) -> 0.8 | S20: =IFERROR(__xludf.DUMMYFUNCTION("""COMPUTED_VALUE"""),0.2) -> 0.2 | T20: =IFERROR(__xludf.DUMMYFUNCTION("""COMPUTED_VALUE"""),41.66666666666667) -> 41.666667 | U20: =IFERROR(__xludf.DUMMYFUNCTION("""COMPUTED_VALUE"""),80.95238095238095) -> 80.952381 | V20: =IFERROR(__xludf.DUMMYFUNCTION("""COMPUTED_VALUE"""),1.5) -> 1.5 | W20: =IFERROR(__xludf.DUMMYFUNCTION("""COMPUTED_VALUE"""),-0.5200596753507101) -> -0.52005968 | X20: =IFERROR(__xludf.DUMMYFUNCTION("""COMPUTED_VALUE"""),0.6865466714679571) -> 0.68654667 | Y20: =IFERROR(__xludf.DUMMYFUNCTION("""COMPUTED_VALUE"""),-1.173413806186236) -> -1.1734138 | Z20: =IFERROR(__xludf.DUMMYFUNCTION("""COMPUTED_VALUE"""),-0.8001195418495975) -> -0.80011954 | AA20: =IFERROR(__xludf.DUMMYFUNCTION("""COMPUTED_VALUE"""),-0.8340614571621854) -> -0.83406146 | AB20: =IFERROR(__xludf.DUMMYFUNCTION("""COMPUTED_VALUE"""),0.0) -> 0 | AC20: =IFERROR(__xludf.DUMMYFUNCTION("""COMPUTED_VALUE"""),0.0) -> 0 | AD20: =IFERROR(__xludf.DUMMYFUNCTION("""COMPUTED_VALUE"""),0.0654993856995771) -> 0.065499386 | AE20: =IFERROR(__xludf.DUMMYFUNCTION("""COMPUTED_VALUE"""),0.0) -> 0
A21: =IF(VLOOKUP(H21,'Paste #BBall'!$C$2:$Q$201,3,)="BRO","BKN",IF(VLOOKUP(H21,'Paste #BBall'!$C$2:$Q$201,3,)="OKL","OKC",VLOOKUP(H21,'Paste #BBall'!$C$2:$Q$201,3,))) -> LAL | B21: =VLOOKUP(A21,'Paste #BBall'!$A$204:$D$233,4,) -> 4 | C21: =VLOOKUP(A21,'Paste #BBall'!$A$204:$C$233,3,) -> 3 | D21: =VLOOKUP(A21,'Paste #BBall'!$A$204:$B$233,2,) -> 4 | E21: =SUM(B21:D21) -> 11 | F21: 16 | G21: =IFERROR(__xludf.DUMMYFUNCTION("""COMPUTED_VALUE"""),128.0) -> 128 | H21: =IFERROR(__xludf.DUMMYFUNCTION("""COMPUTED_VALUE"""),"Kendrick Nunn") -> Kendrick Nunn | I21: =IFERROR(__xludf.DUMMYFUNCTION("""COMPUTED_VALUE"""),70.0) -> 70 | J21: =IFERROR(__xludf.DUMMYFUNCTION("""COMPUTED_VALUE"""),"SG") -> SG | K21: =IFERROR(__xludf.DUMMYFUNCTION("""COMPUTED_VALUE"""),-2.8448698230497627) -> -2.8448698 | L21: =IFERROR(__xludf.DUMMYFUNCTION("""COMPUTED_VALUE"""),-2.6497891012798527) -> -2.6497891 | M21: =IFERROR(__xludf.DUMMYFUNCTION("""COMPUTED_VALUE"""),0.19508072176990998) -> 0.19508072 | N21: =IFERROR(__xludf.DUMMYFUNCTION("""COMPUTED_VALUE"""),13.6) -> 13.6 | O21: =IFERROR(__xludf.DUMMYFUNCTION("""COMPUTED_VALUE"""),2.1) -> 2.1 | P21: =IFERROR(__xludf.DUMMYFUNCTION("""COMPUTED_VALUE"""),3.0) -> 3 | Q21: =IFERROR(__xludf.DUMMYFUNCTION("""COMPUTED_VALUE"""),2.4) -> 2.4 | R21: =IFERROR(__xludf.DUMMYFUNCTION("""COMPUTED_VALUE"""),0.9) -> 0.9 | S21: =IFERROR(__xludf.DUMMYFUNCTION("""COMPUTED_VALUE"""),0.3) -> 0.3 | T21: =IFERROR(__xludf.DUMMYFUNCTION("""COMPUTED_VALUE"""),48.18181818181818) -> 48.181818 | U21: =IFERROR(__xludf.DUMMYFUNCTION("""COMPUTED_VALUE"""),90.0) -> 90 | V21: =IFERROR(__xludf.DUMMYFUNCTION("""COMPUTED_VALUE"""),1.3) -> 1.3 | W21: =IFERROR(__xludf.DUMMYFUNCTION("""COMPUTED_VALUE"""),-0.8928584666845878) -> -0.89285847 | X21: =IFERROR(__xludf.DUMMYFUNCTION("""COMPUTED_VALUE"""),0.4865555589582297) -> 0.48655556 | Y21: =IFERROR(__xludf.DUMMYFUNCTION("""COMPUTED_VALUE"""),-1.255056886794104) -> -1.2550569 | Z21: =IFERROR(__xludf.DUMMYFUNCTION("""COMPUTED_VALUE"""),-0.743050220769851) -> -0.74305022 | AA21: =IFERROR(__xludf.DUMMYFUNCTION("""COMPUTED_VALUE"""),-0.42526159822414) -> -0.4252616 | AB21: =IFERROR(__xludf.DUMMYFUNCTION("""COMPUTED_VALUE"""),0.0) -> 0 | AC21: =IFERROR(__xludf.DUMMYFUNCTION("""COMPUTED_VALUE"""),0.0) -> 0 | AD21: =IFERROR(__xludf.DUMMYFUNCTION("""COMPUTED_VALUE"""),0.17988251223460047) -> 0.17988251 | AE21: =IFERROR(__xludf.DUMMYFUNCTION("""COMPUTED_VALUE"""),0.0) -> 0
A22: =IF(VLOOKUP(H22,'Paste #BBall'!$C$2:$Q$201,3,)="BRO","BKN",IF(VLOOKUP(H22,'Paste #BBall'!$C$2:$Q$201,3,)="OKL","OKC",VLOOKUP(H22,'Paste #BBall'!$C$2:$Q$201,3,))) -> LAC | B22: =VLOOKUP(A22,'Paste #BBall'!$A$204:$D$233,4,) -> 4 | C22: =VLOOKUP(A22,'Paste #BBall'!$A$204:$C$233,3,) -> 2 | D22: =VLOOKUP(A22,'Paste #BBall'!$A$204:$B$233,2,) -> 3 | E22: =SUM(B22:D22) -> 9 | F22: 17 | G22: =IFERROR(__xludf.DUMMYFUNCTION("""COMPUTED_VALUE"""),127.0) -> 127 | H22: =IFERROR(__xludf.DUMMYFUNCTION("""COMPUTED_VALUE"""),"Norman Powell") -> Norman Powell | I22: =IFERROR(__xludf.DUMMYFUNCTION("""COMPUTED_VALUE"""),76.0) -> 76 | J22: =IFERROR(__xludf.DUMMYFUNCTION("""COMPUTED_VALUE"""),"SG/SF") -> SG/SF | K22: =IFERROR(__xludf.DUMMYFUNCTION("""COMPUTED_VALUE"""),-2.8278501582441953) -> -2.8278502 | L22: =IFERROR(__xludf.DUMMYFUNCTION("""COMPUTED_VALUE"""),-2.681245816852229) -> -2.6812458 | M22: =IFERROR(__xludf.DUMMYFUNCTION("""COMPUTED_VALUE"""),0.1466043413919662) -> 0.14660434 | N22: =IFERROR(__xludf.DUMMYFUNCTION("""COMPUTED_VALUE"""),16.2) -> 16.2 | O22: =IFERROR(__xludf.DUMMYFUNCTION("""COMPUTED_VALUE"""),2.1) -> 2.1 | P22: =IFERROR(__xludf.DUMMYFUNCTION("""COMPUTED_VALUE"""),2.7) -> 2.7 | Q22: =IFERROR(__xludf.DUMMYFUNCTION("""COMPUTED_VALUE"""),1.8) -> 1.8 | R22: =IFERROR(__xludf.DUMMYFUNCTION("""COMPUTED_VALUE"""),0.8) -> 0.8 | S22: =IFERROR(__xludf.DUMMYFUNCTION("""COMPUTED_VALUE"""),0.4) -> 0.4 | T22: =IFERROR(__xludf.DUMMYFUNCTION("""COMPUTED_VALUE"""),46.49122807017543) -> 46.491228 | U22: =IFERROR(__xludf.DUMMYFUNCTION("""COMPUTED_VALUE"""),83.72093023255815) -> 83.72093 | V22: =IFERROR(__xludf.DUMMYFUNCTION("""COMPUTED_VALUE"""),1.3) -> 1.3 | W22: =IFERROR(__xludf.DUMMYFUNCTION("""COMPUTED_VALUE"""),-0.20051785420738652) -> -0.20051785 | X22: =IFERROR(__xludf.DUMMYFUNCTION("""COMPUTED_VALUE"""),0.4865555589582297) -> 0.48655556 | Y22: =IFERROR(__xludf.DUMMYFUNCTION("""COMPUTED_VALUE"""),-1.377521507705906) -> -1.3775215 | Z22: =IFERROR(__xludf.DUMMYFUNCTION("""COMPUTED_VALUE"""),-1.085466147248329) -> -1.0854661 | AA22: =IFERROR(__xludf.DUMMYFUNCTION("""COMPUTED_VALUE"""),-0.8340614571621854) -> -0.83406146 | AB22: =IFERROR(__xludf.DUMMYFUNCTION("""COMPUTED_VALUE"""),0.0) -> 0 | AC22: =IFERROR(__xludf.DUMMYFUNCTION("""COMPUTED_VALUE"""),0.0) -> 0 | AD22: =IFERROR(__xludf.DUMMYFUNCTION("""COMPUTED_VALUE"""),0.32976559051334775) -> 0.32976559 | AE22: =IFERROR(__xludf.DUMMYFUNCTION("""COMPUTED_VALUE"""),0.0) -> 0
A23: =IF(VLOOKUP(H23,'Paste #BBall'!$C$2:$Q$201,3,)="BRO","BKN",IF(VLOOKUP(H23,'Paste #BBall'!$C$2:$Q$201,3,)="OKL","OKC",VLOOKUP(H23,'Paste #BBall'!$C$2:$Q$201,3,))) -> NYK | B23: =VLOOKUP(A23,'Paste #BBall'!$A$204:$D$233,4,) -> 3 | C23: =VLOOKUP(A23,'Paste #BBall'!$A$204:$C$233,3,) -> 4 | D23: =VLOOKUP(A23,'Paste #BBall'!$A$204:$B$233,2,) -> 2 | E23: =SUM(B23:D23) -> 9 | F23: 18 | G23: =IFERROR(__xludf.DUMMYFUNCTION("""COMPUTED_VALUE"""),173.0) -> 173 | H23: =IFERROR(__xludf.DUMMYFUNCTION("""COMPUTED_VALUE"""),"Immanuel Quickley") -> Immanuel Quickley | I23: =IFERROR(__xludf.DUMMYFUNCTION("""COMPUTED_VALUE"""),76.0) -> 76 | J23: =IFERROR(__xludf.DUMMYFUNCTION("""COMPUTED_VALUE"""),"PG") -> PG | K23: =IFERROR(__xludf.DUMMYFUNCTION("""COMPUTED_VALUE"""),-4.079061846098121) -> -4.0790618 | L23: =IFERROR(__xludf.DUMMYFUNCTION("""COMPUTED_VALUE"""),-2.949756739025076) -> -2.9497567 | M23: =IFERROR(__xludf.DUMMYFUNCTION("""COMPUTED_VALUE"""),1.1293051070730447) -> 1.1293051 | N23: =IFERROR(__xludf.DUMMYFUNCTION("""COMPUTED_VALUE"""),12.3) -> 12.3 | O23: =IFERROR(__xludf.DUMMYFUNCTION("""COMPUTED_VALUE"""),1.9) -> 1.9 | P23: =IFERROR(__xludf.DUMMYFUNCTION("""COMPUTED_VALUE"""),3.3) -> 3.3 | Q23: =IFERROR(__xludf.DUMMYFUNCTION("""COMPUTED_VALUE"""),3.6) -> 3.6 | R23: =IFERROR(__xludf.DUMMYFUNCTION("""COMPUTED_VALUE"""),0.7) -> 0.7 | S23: =IFERROR(__xludf.DUMMYFUNCTION("""COMPUTED_VALUE"""),0.0) -> 0 | T23: =IFERROR(__xludf.DUMMYFUNCTION("""COMPUTED_VALUE"""),41.66666666666667) -> 41.666667 | U23: =IFERROR(__xludf.DUMMYFUNCTION("""COMPUTED_VALUE"""),88.88888888888889) -> 88.888889 | V23: =IFERROR(__xludf.DUMMYFUNCTION("""COMPUTED_VALUE"""),1.3) -> 1.3 | W23: =IFERROR(__xludf.DUMMYFUNCTION("""COMPUTED_VALUE"""),-1.2390287729231884) -> -1.2390288 | X23: =IFERROR(__xludf.DUMMYFUNCTION("""COMPUTED_VALUE"""),0.28656444644850193) -> 0.28656445 | Y23: =IFERROR(__xludf.DUMMYFUNCTION("""COMPUTED_VALUE"""),-1.1325922658823022) -> -1.1325923 | Z23: =IFERROR(__xludf.DUMMYFUNCTION("""COMPUTED_VALUE"""),-0.058218367812895515) -> -0.058218368 | AA23: =IFERROR(__xludf.DUMMYFUNCTION("""COMPUTED_VALUE"""),-1.2428613161002313) -> -1.2428613 | AB23: =IFERROR(__xludf.DUMMYFUNCTION("""COMPUTED_VALUE"""),0.0) -> 0 | AC23: =IFERROR(__xludf.DUMMYFUNCTION("""COMPUTED_VALUE"""),0.0) -> 0 | AD23: =IFERROR(__xludf.DUMMYFUNCTION("""COMPUTED_VALUE"""),0.43637953724503936) -> 0.43637954 | AE23: =IFERROR(__xludf.DUMMYFUNCTION("""COMPUTED_VALUE"""),0.0) -> 0
A24: =IF(VLOOKUP(H24,'Paste #BBall'!$C$2:$Q$201,3,)="BRO","BKN",IF(VLOOKUP(H24,'Paste #BBall'!$C$2:$Q$201,3,)="OKL","OKC",VLOOKUP(H24,'Paste #BBall'!$C$2:$Q$201,3,))) -> ORL | B24: =VLOOKUP(A24,'Paste #BBall'!$A$204:$D$233,4,) -> 4 | C24: =VLOOKUP(A24,'Paste #BBall'!$A$204:$C$233,3,) -> 3 | D24: =VLOOKUP(A24,'Paste #BBall'!$A$204:$B$233,2,) -> 4 | E24: =SUM(B24:D24) -> 11 | F24: 19 | G24: =IFERROR(__xludf.DUMMYFUNCTION("""COMPUTED_VALUE"""),139.0) -> 139 | H24: =IFERROR(__xludf.DUMMYFUNCTION("""COMPUTED_VALUE"""),"Chuma Okeke") -> Chuma Okeke | I24: =IFERROR(__xludf.DUMMYFUNCTION("""COMPUTED_VALUE"""),67.0) -> 67 | J24: =IFERROR(__xludf.DUMMYFUNCTION("""COMPUTED_VALUE"""),"PF") -> PF | K24: =IFERROR(__xludf.DUMMYFUNCTION("""COMPUTED_VALUE"""),-3.1729721277845986) -> -3.1729721 | L24: =IFERROR(__xludf.DUMMYFUNCTION("""COMPUTED_VALUE"""),-3.034567840121997) -> -3.0345678 | M24: =IFERROR(__xludf.DUMMYFUNCTION("""COMPUTED_VALUE"""),0.1384042876626017) -> 0.13840429 | N24: =IFERROR(__xludf.DUMMYFUNCTION("""COMPUTED_VALUE"""),7.9) -> 7.9 | O24: =IFERROR(__xludf.DUMMYFUNCTION("""COMPUTED_VALUE"""),1.6) -> 1.6 | P24: =IFERROR(__xludf.DUMMYFUNCTION("""COMPUTED_VALUE"""),4.6) -> 4.6 | Q24: =IFERROR(__xludf.DUMMYFUNCTION("""COMPUTED_VALUE"""),1.6) -> 1.6 | R24: =IFERROR(__xludf.DUMMYFUNCTION("""COMPUTED_VALUE"""),1.3) -> 1.3 | S24: =IFERROR(__xludf.DUMMYFUNCTION("""COMPUTED_VALUE"""),0.6) -> 0.6 | T24: =IFERROR(__xludf.DUMMYFUNCTION("""COMPUTED_VALUE"""),40.0) -> 40 | U24: =IFERROR(__xludf.DUMMYFUNCTION("""COMPUTED_VALUE"""),77.77777777777777) -> 77.777778 | V24: =IFERROR(__xludf.DUMMYFUNCTION("""COMPUTED_VALUE"""),0.7) -> 0.7 | W24: =IFERROR(__xludf.DUMMYFUNCTION("""COMPUTED_VALUE"""),-2.4106821171153756) -> -2.4106821 | X24: =IFERROR(__xludf.DUMMYFUNCTION("""COMPUTED_VALUE"""),-0.013422222316089305) -> -0.013422222 | Y24: =IFERROR(__xludf.DUMMYFUNCTION("""COMPUTED_VALUE"""),-0.6019122419311602) -> -0.60191224 | Z24: =IFERROR(__xludf.DUMMYFUNCTION("""COMPUTED_VALUE"""),-1.1996047894078214) -> -1.1996048 | AA24: =IFERROR(__xludf.DUMMYFUNCTION("""COMPUTED_VALUE"""),1.209937837528042) -> 1.2099378 | AB24: =IFERROR(__xludf.DUMMYFUNCTION("""COMPUTED_VALUE"""),0.0) -> 0 | AC24: =IFERROR(__xludf.DUMMYFUNCTION("""COMPUTED_VALUE"""),0.0) -> 0 | AD24: =IFERROR(__xludf.DUMMYFUNCTION("""COMPUTED_VALUE"""),-0.0188843068795923) -> -0.018884307 | AE24: =IFERROR(__xludf.DUMMYFUNCTION("""COMPUTED_VALUE"""),0.0) -> 0
A25: =IF(VLOOKUP(H25,'Paste #BBall'!$C$2:$Q$201,3,)="BRO","BKN",IF(VLOOKUP(H25,'Paste #BBall'!$C$2:$Q$201,3,)="OKL","OKC",VLOOKUP(H25,'Paste #BBall'!$C$2:$Q$201,3,))) -> WAS | B25: =VLOOKUP(A25,'Paste #BBall'!$A$204:$D$233,4,) -> 3 | C25: =VLOOKUP(A25,'Paste #BBall'!$A$204:$C$233,3,) -> 4 | D25: =VLOOKUP(A25,'Paste #BBall'!$A$204:$B$233,2,) -> 3 | E25: =SUM(B25:D25) -> 10 | F25: 20 | G25: =IFERROR(__xludf.DUMMYFUNCTION("""COMPUTED_VALUE"""),165.0) -> 165 | H25: =IFERROR(__xludf.DUMMYFUNCTION("""COMPUTED_VALUE"""),"Will Barton") -> Will Barton | I25: =IFERROR(__xludf.DUMMYFUNCTION("""COMPUTED_VALUE"""),60.0) -> 60 | J25: =IFERROR(__xludf.DUMMYFUNCTION("""COMPUTED_VALUE"""),"PG/SG") -> PG/SG | K25: =IFERROR(__xludf.DUMMYFUNCTION("""COMPUTED_VALUE"""),-3.884669330997389) -> -3.8846693 | L25: =IFERROR(__xludf.DUMMYFUNCTION("""COMPUTED_VALUE"""),-3.0971380863975897) -> -3.0971381 | M25: =IFERROR(__xludf.DUMMYFUNCTION("""COMPUTED_VALUE"""),0.7875312445997995) -> 0.78753124 | N25: =IFERROR(__xludf.DUMMYFUNCTION("""COMPUTED_VALUE"""),12.5) -> 12.5 | O25: =IFERROR(__xludf.DUMMYFUNCTION("""COMPUTED_VALUE"""),1.9) -> 1.9 | P25: =IFERROR(__xludf.DUMMYFUNCTION("""COMPUTED_VALUE"""),4.1) -> 4.1 | Q25: =IFERROR(__xludf.DUMMYFUNCTION("""COMPUTED_VALUE"""),3.4) -> 3.4 | R25: =IFERROR(__xludf.DUMMYFUNCTION("""COMPUTED_VALUE"""),0.7) -> 0.7 | S25: =IFERROR(__xludf.DUMMYFUNCTION("""COMPUTED_VALUE"""),0.3) -> 0.3 | T25: =IFERROR(__xludf.DUMMYFUNCTION("""COMPUTED_VALUE"""),43.51851851851852) -> 43.518519 | U25: =IFERROR(__xludf.DUMMYFUNCTION("""COMPUTED_VALUE"""),80.0) -> 80 | V25: =IFERROR(__xludf.DUMMYFUNCTION("""COMPUTED_VALUE"""),1.6) -> 1.6 | W25: =IFERROR(__xludf.DUMMYFUNCTION("""COMPUTED_VALUE"""),-1.1857718027326345) -> -1.1857718 | X25: =IFERROR(__xludf.DUMMYFUNCTION("""COMPUTED_VALUE"""),0.28656444644850193) -> 0.28656445 | Y25: =IFERROR(__xludf.DUMMYFUNCTION("""COMPUTED_VALUE"""),-0.8060199434508303) -> -0.80601994 | Z25: =IFERROR(__xludf.DUMMYFUNCTION("""COMPUTED_VALUE"""),-0.17235700997238818) -> -0.17235701 | AA25: =IFERROR(__xludf.DUMMYFUNCTION("""COMPUTED_VALUE"""),-1.2428613161002313) -> -1.2428613 | AB25: =IFERROR(__xludf.DUMMYFUNCTION("""COMPUTED_VALUE"""),0.0) -> 0 | AC25: =IFERROR(__xludf.DUMMYFUNCTION("""COMPUTED_VALUE"""),0.0) -> 0 | AD25: =IFERROR(__xludf.DUMMYFUNCTION("""COMPUTED_VALUE"""),0.023307539409992476) -> 0.023307539 | AE25: =IFERROR(__xludf.DUMMYFUNCTION("""COMPUTED_VALUE"""),0.0) -> 0
A26: =IF(VLOOKUP(H26,'Paste #BBall'!$C$2:$Q$201,3,)="BRO","BKN",IF(VLOOKUP(H26,'Paste #BBall'!$C$2:$Q$201,3,)="OKL","OKC",VLOOKUP(H26,'Paste #BBall'!$C$2:$Q$201,3,))) -> IND | B26: =VLOOKUP(A26,'Paste #BBall'!$A$204:$D$233,4,) -> 3 | C26: =VLOOKUP(A26,'Paste #BBall'!$A$204:$C$233,3,) -> 3 | D26: =VLOOKUP(A26,'Paste #BBall'!$A$204:$B$233,2,) -> 3 | E26: =SUM(B26:D26) -> 9 | F26: 21 | G26: =IFERROR(__xludf.DUMMYFUNCTION("""COMPUTED_VALUE"""),170.0) -> 170 | H26: =IFERROR(__xludf.DUMMYFUNCTION("""COMPUTED_VALUE"""),"Bennedict Mathurin") -> Bennedict Mathurin | I26: =IFERROR(__xludf.DUMMYFUNCTION("""COMPUTED_VALUE"""),77.0) -> 77 | J26: =IFERROR(__xludf.DUMMYFUNCTION("""COMPUTED_VALUE"""),"SF") -> SF | K26: =IFERROR(__xludf.DUMMYFUNCTION("""COMPUTED_VALUE"""),-4.023659401206252) -> -4.0236594 | L26: =IFERROR(__xludf.DUMMYFUNCTION("""COMPUTED_VALUE"""),-3.132123762245191) -> -3.1321238 | M26: =IFERROR(__xludf.DUMMYFUNCTION("""COMPUTED_VALUE"""),0.8915356389610607) -> 0.89153564 | N26: =IFERROR(__xludf.DUMMYFUNCTION("""COMPUTED_VALUE"""),15.2) -> 15.2 | O26: =IFERROR(__xludf.DUMMYFUNCTION("""COMPUTED_VALUE"""),1.9) -> 1.9 | P26: =IFERROR(__xludf.DUMMYFUNCTION("""COMPUTED_VALUE"""),3.6) -> 3.6 | Q26: =IFERROR(__xludf.DUMMYFUNCTION("""COMPUTED_VALUE"""),1.8) -> 1.8 | R26: =IFERROR(__xludf.DUMMYFUNCTION("""COMPUTED_VALUE"""),0.8) -> 0.8 | S26: =IFERROR(__xludf.DUMMYFUNCTION("""COMPUTED_VALUE"""),0.3) -> 0.3 | T26: =IFERROR(__xludf.DUMMYFUNCTION("""COMPUTED_VALUE"""),44.8) -> 44.8 | U26: =IFERROR(__xludf.DUMMYFUNCTION("""COMPUTED_VALUE"""),78.57142857142858) -> 78.571429 | V26: =IFERROR(__xludf.DUMMYFUNCTION("""COMPUTED_VALUE"""),1.6) -> 1.6 | W26: =IFERROR(__xludf.DUMMYFUNCTION("""COMPUTED_VALUE"""),-0.4668027051601563) -> -0.46680271 | X26: =IFERROR(__xludf.DUMMYFUNCTION("""COMPUTED_VALUE"""),0.28656444644850193) -> 0.28656445 | Y26: =IFERROR(__xludf.DUMMYFUNCTION("""COMPUTED_VALUE"""),-1.0101276449705001) -> -1.0101276 | Z26: =IFERROR(__xludf.DUMMYFUNCTION("""COMPUTED_VALUE"""),-1.085466147248329) -> -1.0854661 | AA26: =IFERROR(__xludf.DUMMYFUNCTION("""COMPUTED_VALUE"""),-0.8340614571621854) -> -0.83406146 | AB26: =IFERROR(__xludf.DUMMYFUNCTION("""COMPUTED_VALUE"""),0.0) -> 0 | AC26: =IFERROR(__xludf.DUMMYFUNCTION("""COMPUTED_VALUE"""),0.0) -> 0 | AD26: =IFERROR(__xludf.DUMMYFUNCTION("""COMPUTED_VALUE"""),-0.022230254152522107) -> -0.022230254 | AE26: =IFERROR(__xludf.DUMMYFUNCTION("""COMPUTED_VALUE"""),0.0) -> 0
A27: =IF(VLOOKUP(H27,'Paste #BBall'!$C$2:$Q$201,3,)="BRO","BKN",IF(VLOOKUP(H27,'Paste #BBall'!$C$2:$Q$201,3,)="OKL","OKC",VLOOKUP(H27,'Paste #BBall'!$C$2:$Q$201,3,))) -> LAL | B27: =VLOOKUP(A27,'Paste #BBall'!$A$204:$D$233,4,) -> 4 | C27: =VLOOKUP(A27,'Paste #BBall'!$A$204:$C$233,3,) -> 3 | D27: =VLOOKUP(A27,'Paste #BBall'!$A$204:$B$233,2,) -> 4 | E27: =SUM(B27:D27) -> 11 | F27: 22 | G27: =IFERROR(__xludf.DUMMYFUNCTION("""COMPUTED_VALUE"""),135.0) -> 135 | H27: =IFERROR(__xludf.DUMMYFUNCTION("""COMPUTED_VALUE"""),"Patrick Beverley") -> Patrick Beverley | I27: =IFERROR(__xludf.DUMMYFUNCTION("""COMPUTED_VALUE"""),68.0) -> 68 | J27: =IFERROR(__xludf.DUMMYFUNCTION("""COMPUTED_VALUE"""),"PG") -> PG | K27: =IFERROR(__xludf.DUMMYFUNCTION("""COMPUTED_VALUE"""),-3.1476955341449813) -> -3.1476955 | L27: =IFERROR(__xludf.DUMMYFUNCTION("""COMPUTED_VALUE"""),-3.1897841944960934) -> -3.1897842 | M27: =IFERROR(__xludf.DUMMYFUNCTION("""COMPUTED_VALUE"""),-0.04208866035111214) -> -0.04208866 | N27: =IFERROR(__xludf.DUMMYFUNCTION("""COMPUTED_VALUE"""),8.3) -> 8.3 | O27: =IFERROR(__xludf.DUMMYFUNCTION("""COMPUTED_VALUE"""),1.3) -> 1.3 | P27: =IFERROR(__xludf.DUMMYFUNCTION("""COMPUTED_VALUE"""),3.8) -> 3.8 | Q27: =IFERROR(__xludf.DUMMYFUNCTION("""COMPUTED_VALUE"""),4.1) -> 4.1 | R27: =IFERROR(__xludf.DUMMYFUNCTION("""COMPUTED_VALUE"""),1.1) -> 1.1 | S27: =IFERROR(__xludf.DUMMYFUNCTION("""COMPUTED_VALUE"""),0.8) -> 0.8 | T27: =IFERROR(__xludf.DUMMYFUNCTION("""COMPUTED_VALUE"""),41.7910447761194) -> 41.791045 | U27: =IFERROR(__xludf.DUMMYFUNCTION("""COMPUTED_VALUE"""),71.42857142857143) -> 71.428571 | V27: =IFERROR(__xludf.DUMMYFUNCTION("""COMPUTED_VALUE"""),1.2) -> 1.2 | W27: =IFERROR(__xludf.DUMMYFUNCTION("""COMPUTED_VALUE"""),-2.3041681767342674) -> -2.3041682 | X27: =IFERROR(__xludf.DUMMYFUNCTION("""COMPUTED_VALUE"""),-0.31340889108068076) -> -0.31340889 | Y27: =IFERROR(__xludf.DUMMYFUNCTION("""COMPUTED_VALUE"""),-0.9284845643626322) -> -0.92848456 | Z27: =IFERROR(__xludf.DUMMYFUNCTION("""COMPUTED_VALUE"""),0.22712823758583572) -> 0.22712824 | AA27: =IFERROR(__xludf.DUMMYFUNCTION("""COMPUTED_VALUE"""),0.39233811965195126) -> 0.39233812 | AB27: =IFERROR(__xludf.DUMMYFUNCTION("""COMPUTED_VALUE"""),0.0) -> 0 | AC27: =IFERROR(__xludf.DUMMYFUNCTION("""COMPUTED_VALUE"""),0.0) -> 0 | AD27: =IFERROR(__xludf.DUMMYFUNCTION("""COMPUTED_VALUE"""),-0.26318891955629986) -> -0.26318892 | AE27: =IFERROR(__xludf.DUMMYFUNCTION("""COMPUTED_VALUE"""),0.0) -> 0
A28: =IF(VLOOKUP(H28,'Paste #BBall'!$C$2:$Q$201,3,)="BRO","BKN",IF(VLOOKUP(H28,'Paste #BBall'!$C$2:$Q$201,3,)="OKL","OKC",VLOOKUP(H28,'Paste #BBall'!$C$2:$Q$201,3,))) -> NYK | B28: =VLOOKUP(A28,'Paste #BBall'!$A$204:$D$233,4,) -> 3 | C28: =VLOOKUP(A28,'Paste #BBall'!$A$204:$C$233,3,) -> 4 | D28: =VLOOKUP(A28,'Paste #BBall'!$A$204:$B$233,2,) -> 2 | E28: =SUM(B28:D28) -> 9 | F28: 23 | G28: =IFERROR(__xludf.DUMMYFUNCTION("""COMPUTED_VALUE"""),179.0) -> 179 | H28: =IFERROR(__xludf.DUMMYFUNCTION("""COMPUTED_VALUE"""),"Quentin Grimes") -> Quentin Grimes | I28: =IFERROR(__xludf.DUMMYFUNCTION("""COMPUTED_VALUE"""),69.0) -> 69 | J28: =IFERROR(__xludf.DUMMYFUNCTION("""COMPUTED_VALUE"""),"SG") -> SG | K28: =IFERROR(__xludf.DUMMYFUNCTION("""COMPUTED_VALUE"""),-4.242830850978957) -> -4.2428309 | L28: =IFERROR(__xludf.DUMMYFUNCTION("""COMPUTED_VALUE"""),-3.214061781746177) -> -3.2140618 | M28: =IFERROR(__xludf.DUMMYFUNCTION("""COMPUTED_VALUE"""),1.02876906923278) -> 1.0287691 | N28: =IFERROR(__xludf.DUMMYFUNCTION("""COMPUTED_VALUE"""),11.9) -> 11.9 | O28: =IFERROR(__xludf.DUMMYFUNCTION("""COMPUTED_VALUE"""),2.4) -> 2.4 | P28: =IFERROR(__xludf.DUMMYFUNCTION("""COMPUTED_VALUE"""),3.1) -> 3.1 | Q28: =IFERROR(__xludf.DUMMYFUNCTION("""COMPUTED_VALUE"""),1.5) -> 1.5 | R28: =IFERROR(__xludf.DUMMYFUNCTION("""COMPUTED_VALUE"""),1.0) -> 1 | S28: =IFERROR(__xludf.DUMMYFUNCTION("""COMPUTED_VALUE"""),0.3) -> 0.3 | T28: =IFERROR(__xludf.DUMMYFUNCTION("""COMPUTED_VALUE"""),42.10526315789473) -> 42.105263 | U28: =IFERROR(__xludf.DUMMYFUNCTION("""COMPUTED_VALUE"""),73.68421052631578) -> 73.684211 | V28: =IFERROR(__xludf.DUMMYFUNCTION("""COMPUTED_VALUE"""),0.9) -> 0.9 | W28: =IFERROR(__xludf.DUMMYFUNCTION("""COMPUTED_VALUE"""),-1.3455427133042963) -> -1.3455427 | X28: =IFERROR(__xludf.DUMMYFUNCTION("""COMPUTED_VALUE"""),0.786542227722821) -> 0.78654223 | Y28: =IFERROR(__xludf.DUMMYFUNCTION("""COMPUTED_VALUE"""),-1.21423534649017) -> -1.2142353 | Z28: =IFERROR(__xludf.DUMMYFUNCTION("""COMPUTED_VALUE"""),-1.2566741104875678) -> -1.2566741 | AA28: =IFERROR(__xludf.DUMMYFUNCTION("""COMPUTED_VALUE"""),-0.01646173928609459) -> -0.016461739 | AB28: =IFERROR(__xludf.DUMMYFUNCTION("""COMPUTED_VALUE"""),0.0) -> 0 | AC28: =IFERROR(__xludf.DUMMYFUNCTION("""COMPUTED_VALUE"""),0.0) -> 0 | AD28: =IFERROR(__xludf.DUMMYFUNCTION("""COMPUTED_VALUE"""),-0.1676900999008692) -> -0.1676901 | AE28: =IFERROR(__xludf.DUMMYFUNCTION("""COMPUTED_VALUE"""),0.0) -> 0
A29: =IF(VLOOKUP(H29,'Paste #BBall'!$C$2:$Q$201,3,)="BRO","BKN",IF(VLOOKUP(H29,'Paste #BBall'!$C$2:$Q$201,3,)="OKL","OKC",VLOOKUP(H29,'Paste #BBall'!$C$2:$Q$201,3,))) -> DET | B29: =VLOOKUP(A29,'Paste #BBall'!$A$204:$D$233,4,) -> 2 | C29: =VLOOKUP(A29,'Paste #BBall'!$A$204:$C$233,3,) -> 3 | D29: =VLOOKUP(A29,'Paste #BBall'!$A$204:$B$233,2,) -> 4 | E29: =SUM(B29:D29) -> 9 | F29: 24 | G29: =IFERROR(__xludf.DUMMYFUNCTION("""COMPUTED_VALUE"""),163.0) -> 163 | H29: =IFERROR(__xludf.DUMMYFUNCTION("""COMPUTED_VALUE"""),"Killian Hayes") -> Killian Hayes | I29: =IFERROR(__xludf.DUMMYFUNCTION("""COMPUTED_VALUE"""),67.0) -> 67 | J29: =IFERROR(__xludf.DUMMYFUNCTION("""COMPUTED_VALUE"""),"PG") -> PG | K29: =IFERROR(__xludf.DUMMYFUNCTION("""COMPUTED_VALUE"""),-3.8169585361562657) -> -3.8169585 | L29: =IFERROR(__xludf.DUMMYFUNCTION("""COMPUTED_VALUE"""),-3.3317407525785128) -> -3.3317408 | M29: =IFERROR(__xludf.DUMMYFUNCTION("""COMPUTED_VALUE"""),0.4852177835777529) -> 0.48521778 | N29: =IFERROR(__xludf.DUMMYFUNCTION("""COMPUTED_VALUE"""),7.8) -> 7.8 | O29: =IFERROR(__xludf.DUMMYFUNCTION("""COMPUTED_VALUE"""),0.7) -> 0.7 | P29: =IFERROR(__xludf.DUMMYFUNCTION("""COMPUTED_VALUE"""),3.2) -> 3.2 | Q29: =IFERROR(__xludf.DUMMYFUNCTION("""COMPUTED_VALUE"""),4.3) -> 4.3 | R29: =IFERROR(__xludf.DUMMYFUNCTION("""COMPUTED_VALUE"""),1.2) -> 1.2 | S29: =IFERROR(__xludf.DUMMYFUNCTION("""COMPUTED_VALUE"""),0.5) -> 0.5 | T29: =IFERROR(__xludf.DUMMYFUNCTION("""COMPUTED_VALUE"""),40.789473684210535) -> 40.789474 | U29: =IFERROR(__xludf.DUMMYFUNCTION("""COMPUTED_VALUE"""),81.81818181818181) -> 81.818182 | V29: =IFERROR(__xludf.DUMMYFUNCTION("""COMPUTED_VALUE"""),1.7) -> 1.7 | W29: =IFERROR(__xludf.DUMMYFUNCTION("""COMPUTED_VALUE"""),-2.4373106022106525) -> -2.4373106 | X29: =IFERROR(__xludf.DUMMYFUNCTION("""COMPUTED_VALUE"""),-0.9133822286098637) -> -0.91338223 | Y29: =IFERROR(__xludf.DUMMYFUNCTION("""COMPUTED_VALUE"""),-1.173413806186236) -> -1.1734138 | Z29: =IFERROR(__xludf.DUMMYFUNCTION("""COMPUTED_VALUE"""),0.3412668797453284) -> 0.34126688 | AA29: =IFERROR(__xludf.DUMMYFUNCTION("""COMPUTED_VALUE"""),0.8011379785899962) -> 0.80113798 | AB29: =IFERROR(__xludf.DUMMYFUNCTION("""COMPUTED_VALUE"""),0.0) -> 0 | AC29: =IFERROR(__xludf.DUMMYFUNCTION("""COMPUTED_VALUE"""),0.0) -> 0 | AD29: =IFERROR(__xludf.DUMMYFUNCTION("""COMPUTED_VALUE"""),0.04996102609291556) -> 0.049961026 | AE29: =IFERROR(__xludf.DUMMYFUNCTION("""COMPUTED_VALUE"""),0.0) -> 0
A30: =IF(VLOOKUP(H30,'Paste #BBall'!$C$2:$Q$201,3,)="BRO","BKN",IF(VLOOKUP(H30,'Paste #BBall'!$C$2:$Q$201,3,)="OKL","OKC",VLOOKUP(H30,'Paste #BBall'!$C$2:$Q$201,3,))) -> DET | B30: =VLOOKUP(A30,'Paste #BBall'!$A$204:$D$233,4,) -> 2 | C30: =VLOOKUP(A30,'Paste #BBall'!$A$204:$C$233,3,) -> 3 | D30: =VLOOKUP(A30,'Paste #BBall'!$A$204:$B$233,2,) -> 4 | E30: =SUM(B30:D30) -> 9 | F30: 25 | G30: =IFERROR(__xludf.DUMMYFUNCTION("""COMPUTED_VALUE"""),189.0) -> 189 | H30: =IFERROR(__xludf.DUMMYFUNCTION("""COMPUTED_VALUE"""),"Jaden Ivey") -> Jaden Ivey | I30: =IFERROR(__xludf.DUMMYFUNCTION("""COMPUTED_VALUE"""),72.0) -> 72 | J30: =IFERROR(__xludf.DUMMYFUNCTION("""COMPUTED_VALUE"""),"PG") -> PG | K30: =IFERROR(__xludf.DUMMYFUNCTION("""COMPUTED_VALUE"""),-4.705814899117969) -> -4.7058149 | L30: =IFERROR(__xludf.DUMMYFUNCTION("""COMPUTED_VALUE"""),-3.4522017413043806) -> -3.4522017 | M30: =IFERROR(__xludf.DUMMYFUNCTION("""COMPUTED_VALUE"""),1.253613157813588) -> 1.2536132 | N30: =IFERROR(__xludf.DUMMYFUNCTION("""COMPUTED_VALUE"""),16.0) -> 16 | O30: =IFERROR(__xludf.DUMMYFUNCTION("""COMPUTED_VALUE"""),1.7) -> 1.7 | P30: =IFERROR(__xludf.DUMMYFUNCTION("""COMPUTED_VALUE"""),3.5) -> 3.5 | Q30: =IFERROR(__xludf.DUMMYFUNCTION("""COMPUTED_VALUE"""),2.8) -> 2.8 | R30: =IFERROR(__xludf.DUMMYFUNCTION("""COMPUTED_VALUE"""),0.7) -> 0.7 | S30: =IFERROR(__xludf.DUMMYFUNCTION("""COMPUTED_VALUE"""),0.4) -> 0.4 | T30: =IFERROR(__xludf.DUMMYFUNCTION("""COMPUTED_VALUE"""),44.44444444444445) -> 44.444444 | U30: =IFERROR(__xludf.DUMMYFUNCTION("""COMPUTED_VALUE"""),73.58490566037736) -> 73.584906 | V30: =IFERROR(__xludf.DUMMYFUNCTION("""COMPUTED_VALUE"""),2.4) -> 2.4 | W30: =IFERROR(__xludf.DUMMYFUNCTION("""COMPUTED_VALUE"""),-0.2537748243979403) -> -0.25377482 | X30: =IFERROR(__xludf.DUMMYFUNCTION("""COMPUTED_VALUE"""),0.08657333393877437) -> 0.086573334 | Y30: =IFERROR(__xludf.DUMMYFUNCTION("""COMPUTED_VALUE"""),-1.0509491852744342) -> -1.0509492 | Z30: =IFERROR(__xludf.DUMMYFUNCTION("""COMPUTED_VALUE"""),-0.514772936450866) -> -0.51477294 | AA30: =IFERROR(__xludf.DUMMYFUNCTION("""COMPUTED_VALUE"""),-1.2428613161002313) -> -1.2428613 | AB30: =IFERROR(__xludf.DUMMYFUNCTION("""COMPUTED_VALUE"""),0.0) -> 0 | AC30: =IFERROR(__xludf.DUMMYFUNCTION("""COMPUTED_VALUE"""),0.0) -> 0 | AD30: =IFERROR(__xludf.DUMMYFUNCTION("""COMPUTED_VALUE"""),-0.4764168130196837) -> -0.47641681 | AE30: =IFERROR(__xludf.DUMMYFUNCTION("""COMPUTED_VALUE"""),0.0) -> 0
A31: =IF(VLOOKUP(H31,'Paste #BBall'!$C$2:$Q$201,3,)="BRO","BKN",IF(VLOOKUP(H31,'Paste #BBall'!$C$2:$Q$201,3,)="OKL","OKC",VLOOKUP(H31,'Paste #BBall'!$C$2:$Q$201,3,))) -> TOR | B31: =VLOOKUP(A31,'Paste #BBall'!$A$204:$D$233,4,) -> 3 | C31: =VLOOKUP(A31,'Paste #BBall'!$A$204:$C$233,3,) -> 3 | D31: =VLOOKUP(A31,'Paste #BBall'!$A$204:$B$233,2,) -> 4 | E31: =SUM(B31:D31) -> 10 | F31: 26 | G31: =IFERROR(__xludf.DUMMYFUNCTION("""COMPUTED_VALUE"""),131.0) -> 131 | H31: =IFERROR(__xludf.DUMMYFUNCTION("""COMPUTED_VALUE"""),"Otto Porter Jr.") -> Otto Porter Jr. | I31: =IFERROR(__xludf.DUMMYFUNCTION("""COMPUTED_VALUE"""),63.0) -> 63 | J31: =IFERROR(__xludf.DUMMYFUNCTION("""COMPUTED_VALUE"""),"SF") -> SF | K31: =IFERROR(__xludf.DUMMYFUNCTION("""COMPUTED_VALUE"""),-3.0382835634253063) -> -3.0382836 | L31: =IFERROR(__xludf.DUMMYFUNCTION("""COMPUTED_VALUE"""),-3.484349946833367) -> -3.4843499 | M31: =IFERROR(__xludf.DUMMYFUNCTION("""COMPUTED_VALUE"""),-0.44606638340806093) -> -0.44606638 | N31: =IFERROR(__xludf.DUMMYFUNCTION("""COMPUTED_VALUE"""),8.5) -> 8.5 | O31: =IFERROR(__xludf.DUMMYFUNCTION("""COMPUTED_VALUE"""),1.3) -> 1.3 | P31: =IFERROR(__xludf.DUMMYFUNCTION("""COMPUTED_VALUE"""),5.9) -> 5.9 | Q31: =IFERROR(__xludf.DUMMYFUNCTION("""COMPUTED_VALUE"""),1.5) -> 1.5 | R31: =IFERROR(__xludf.DUMMYFUNCTION("""COMPUTED_VALUE"""),1.1) -> 1.1 | S31: =IFERROR(__xludf.DUMMYFUNCTION("""COMPUTED_VALUE"""),0.5) -> 0.5 | T31: =IFERROR(__xludf.DUMMYFUNCTION("""COMPUTED_VALUE"""),47.76119402985074) -> 47.761194 | U31: =IFERROR(__xludf.DUMMYFUNCTION("""COMPUTED_VALUE"""),80.0) -> 80 | V31: =IFERROR(__xludf.DUMMYFUNCTION("""COMPUTED_VALUE"""),0.6) -> 0.6 | W31: =IFERROR(__xludf.DUMMYFUNCTION("""COMPUTED_VALUE"""),-2.2509112065437136) -> -2.2509112 | X31: =IFERROR(__xludf.DUMMYFUNCTION("""COMPUTED_VALUE"""),-0.31340889108068076) -> -0.31340889 | Y31: =IFERROR(__xludf.DUMMYFUNCTION("""COMPUTED_VALUE"""),-0.07123221798001796) -> -0.071232218 | Z31: =IFERROR(__xludf.DUMMYFUNCTION("""COMPUTED_VALUE"""),-1.2566741104875678) -> -1.2566741 | AA31: =IFERROR(__xludf.DUMMYFUNCTION("""COMPUTED_VALUE"""),0.39233811965195126) -> 0.39233812 | AB31: =IFERROR(__xludf.DUMMYFUNCTION("""COMPUTED_VALUE"""),0.0) -> 0 | AC31: =IFERROR(__xludf.DUMMYFUNCTION("""COMPUTED_VALUE"""),0.0) -> 0 | AD31: =IFERROR(__xludf.DUMMYFUNCTION("""COMPUTED_VALUE"""),0.015538359606661832) -> 0.01553836 | AE31: =IFERROR(__xludf.DUMMYFUNCTION("""COMPUTED_VALUE"""),0.0) -> 0
A32: =IF(VLOOKUP(H32,'Paste #BBall'!$C$2:$Q$201,3,)="BRO","BKN",IF(VLOOKUP(H32,'Paste #BBall'!$C$2:$Q$201,3,)="OKL","OKC",VLOOKUP(H32,'Paste #BBall'!$C$2:$Q$201,3,))) -> MIL | B32: =VLOOKUP(A32,'Paste #BBall'!$A$204:$D$233,4,) -> 3 | C32: =VLOOKUP(A32,'Paste #BBall'!$A$204:$C$233,3,) -> 4 | D32: =VLOOKUP(A32,'Paste #BBall'!$A$204:$B$233,2,) -> 4 | E32: =SUM(B32:D32) -> 11 | F32: 27 | G32: =IFERROR(__xludf.DUMMYFUNCTION("""COMPUTED_VALUE"""),164.0) -> 164 | H32: =IFERROR(__xludf.DUMMYFUNCTION("""COMPUTED_VALUE"""),"Pat Connaughton") -> Pat Connaughton | I32: =IFERROR(__xludf.DUMMYFUNCTION("""COMPUTED_VALUE"""),66.0) -> 66 | J32: =IFERROR(__xludf.DUMMYFUNCTION("""COMPUTED_VALUE"""),"SG/SF") -> SG/SF | K32: =IFERROR(__xludf.DUMMYFUNCTION("""COMPUTED_VALUE"""),-3.8815494860208117) -> -3.8815495 | L32: =IFERROR(__xludf.DUMMYFUNCTION("""COMPUTED_VALUE"""),-3.551020252794939) -> -3.5510203 | M32: =IFERROR(__xludf.DUMMYFUNCTION("""COMPUTED_VALUE"""),0.3305292332258727) -> 0.33052923 | N32: =IFERROR(__xludf.DUMMYFUNCTION("""COMPUTED_VALUE"""),10.2) -> 10.2 | O32: =IFERROR(__xludf.DUMMYFUNCTION("""COMPUTED_VALUE"""),2.4) -> 2.4 | P32: =IFERROR(__xludf.DUMMYFUNCTION("""COMPUTED_VALUE"""),4.3) -> 4.3 | Q32: =IFERROR(__xludf.DUMMYFUNCTION("""COMPUTED_VALUE"""),1.3) -> 1.3 | R32: =IFERROR(__xludf.DUMMYFUNCTION("""COMPUTED_VALUE"""),0.9) -> 0.9 | S32: =IFERROR(__xludf.DUMMYFUNCTION("""COMPUTED_VALUE"""),0.2) -> 0.2 | T32: =IFERROR(__xludf.DUMMYFUNCTION("""COMPUTED_VALUE"""),46.15384615384615) -> 46.153846 | U32: =IFERROR(__xludf.DUMMYFUNCTION("""COMPUTED_VALUE"""),77.77777777777777) -> 77.777778 | V32: =IFERROR(__xludf.DUMMYFUNCTION("""COMPUTED_VALUE"""),0.5) -> 0.5 | W32: =IFERROR(__xludf.DUMMYFUNCTION("""COMPUTED_VALUE"""),-1.7982269599240053) -> -1.798227 | X32: =IFERROR(__xludf.DUMMYFUNCTION("""COMPUTED_VALUE"""),0.786542227722821) -> 0.78654223 | Y32: =IFERROR(__xludf.DUMMYFUNCTION("""COMPUTED_VALUE"""),-0.7243768628429622) -> -0.72437686 | Z32: =IFERROR(__xludf.DUMMYFUNCTION("""COMPUTED_VALUE"""),-1.3708127526470602) -> -1.3708128 | AA32: =IFERROR(__xludf.DUMMYFUNCTION("""COMPUTED_VALUE"""),-0.42526159822414) -> -0.4252616 | AB32: =IFERROR(__xludf.DUMMYFUNCTION("""COMPUTED_VALUE"""),0.0) -> 0 | AC32: =IFERROR(__xludf.DUMMYFUNCTION("""COMPUTED_VALUE"""),0.0) -> 0 | AD32: =IFERROR(__xludf.DUMMYFUNCTION("""COMPUTED_VALUE"""),-0.0188843068795923) -> -0.018884307 | AE32: =IFERROR(__xludf.DUMMYFUNCTION("""COMPUTED_VALUE"""),0.0) -> 0
A33: =IF(VLOOKUP(H33,'Paste #BBall'!$C$2:$Q$201,3,)="BRO","BKN",IF(VLOOKUP(H33,'Paste #BBall'!$C$2:$Q$201,3,)="OKL","OKC",VLOOKUP(H33,'Paste #BBall'!$C$2:$Q$201,3,))) -> SAC | B33: =VLOOKUP(A33,'Paste #BBall'!$A$204:$D$233,4,) -> 3 | C33: =VLOOKUP(A33,'Paste #BBall'!$A$204:$C$233,3,) -> 3 | D33: =VLOOKUP(A33,'Paste #BBall'!$A$204:$B$233,2,) -> 4 | E33: =SUM(B33:D33) -> 10 | F33: 28 | G33: =IFERROR(__xludf.DUMMYFUNCTION("""COMPUTED_VALUE"""),159.0) -> 159 | H33: =IFERROR(__xludf.DUMMYFUNCTION("""COMPUTED_VALUE"""),"Kevin Huerter") -> Kevin Huerter | I33: =IFERROR(__xludf.DUMMYFUNCTION("""COMPUTED_VALUE"""),72.0) -> 72 | J33: =IFERROR(__xludf.DUMMYFUNCTION("""COMPUTED_VALUE"""),"SG") -> SG | K33: =IFERROR(__xludf.DUMMYFUNCTION("""COMPUTED_VALUE"""),-3.741940281902594) -> -3.7419403 | L33: =IFERROR(__xludf.DUMMYFUNCTION("""COMPUTED_VALUE"""),-3.5622228994292984) -> -3.5622229 | M33: =IFERROR(__xludf.DUMMYFUNCTION("""COMPUTED_VALUE"""),0.17971738247329583) -> 0.17971738 | N33: =IFERROR(__xludf.DUMMYFUNCTION("""COMPUTED_VALUE"""),12.0) -> 12 | O33: =IFERROR(__xludf.DUMMYFUNCTION("""COMPUTED_VALUE"""),2.2) -> 2.2 | P33: =IFERROR(__xludf.DUMMYFUNCTION("""COMPUTED_VALUE"""),3.4) -> 3.4 | Q33: =IFERROR(__xludf.DUMMYFUNCTION("""COMPUTED_VALUE"""),2.7) -> 2.7 | R33: =IFERROR(__xludf.DUMMYFUNCTION("""COMPUTED_VALUE"""),0.7) -> 0.7 | S33: =IFERROR(__xludf.DUMMYFUNCTION("""COMPUTED_VALUE"""),0.4) -> 0.4 | T33: =IFERROR(__xludf.DUMMYFUNCTION("""COMPUTED_VALUE"""),45.09803921568628) -> 45.098039 | U33: =IFERROR(__xludf.DUMMYFUNCTION("""COMPUTED_VALUE"""),85.71428571428572) -> 85.714286 | V33: =IFERROR(__xludf.DUMMYFUNCTION("""COMPUTED_VALUE"""),1.2) -> 1.2 | W33: =IFERROR(__xludf.DUMMYFUNCTION("""COMPUTED_VALUE"""),-1.3189142282090194) -> -1.3189142 | X33: =IFERROR(__xludf.DUMMYFUNCTION("""COMPUTED_VALUE"""),0.5865511152130937) -> 0.58655112 | Y33: =IFERROR(__xludf.DUMMYFUNCTION("""COMPUTED_VALUE"""),-1.0917707255783682) -> -1.0917707 | Z33: =IFERROR(__xludf.DUMMYFUNCTION("""COMPUTED_VALUE"""),-0.5718422575306121) -> -0.57184226 | AA33: =IFERROR(__xludf.DUMMYFUNCTION("""COMPUTED_VALUE"""),-1.2428613161002313) -> -1.2428613 | AB33: =IFERROR(__xludf.DUMMYFUNCTION("""COMPUTED_VALUE"""),0.0) -> 0 | AC33: =IFERROR(__xludf.DUMMYFUNCTION("""COMPUTED_VALUE"""),0.0) -> 0 | AD33: =IFERROR(__xludf.DUMMYFUNCTION("""COMPUTED_VALUE"""),0.07661451277583878) -> 0.076614513 | AE33: =IFERROR(__xludf.DUMMYFUNCTION("""COMPUTED_VALUE"""),0.0) -> 0
A34: =IF(VLOOKUP(H34,'Paste #BBall'!$C$2:$Q$201,3,)="BRO","BKN",IF(VLOOKUP(H34,'Paste #BBall'!$C$2:$Q$201,3,)="OKL","OKC",VLOOKUP(H34,'Paste #BBall'!$C$2:$Q$201,3,))) -> CLE | B34: =VLOOKUP(A34,'Paste #BBall'!$A$204:$D$233,4,) -> 2 | C34: =VLOOKUP(A34,'Paste #BBall'!$A$204:$C$233,3,) -> 4 | D34: =VLOOKUP(A34,'Paste #BBall'!$A$204:$B$233,2,) -> 3 | E34: =SUM(B34:D34) -> 9 | F34: 29 | G34: =IFERROR(__xludf.DUMMYFUNCTION("""COMPUTED_VALUE"""),169.0) -> 169 | H34: =IFERROR(__xludf.DUMMYFUNCTION("""COMPUTED_VALUE"""),"Kevin Love") -> Kevin Love | I34: =IFERROR(__xludf.DUMMYFUNCTION("""COMPUTED_VALUE"""),68.0) -> 68 | J34: =IFERROR(__xludf.DUMMYFUNCTION("""COMPUTED_VALUE"""),"PF") -> PF | K34: =IFERROR(__xludf.DUMMYFUNCTION("""COMPUTED_VALUE"""),-4.014423520583521) -> -4.0144235 | L34: =IFERROR(__xludf.DUMMYFUNCTION("""COMPUTED_VALUE"""),-3.636413035247853) -> -3.636413 | M34: =IFERROR(__xludf.DUMMYFUNCTION("""COMPUTED_VALUE"""),0.37801048533566783) -> 0.37801049 | N34: =IFERROR(__xludf.DUMMYFUNCTION("""COMPUTED_VALUE"""),12.2) -> 12.2 | O34: =IFERROR(__xludf.DUMMYFUNCTION("""COMPUTED_VALUE"""),2.3) -> 2.3 | P34: =IFERROR(__xludf.DUMMYFUNCTION("""COMPUTED_VALUE"""),6.6) -> 6.6 | Q34: =IFERROR(__xludf.DUMMYFUNCTION("""COMPUTED_VALUE"""),2.0) -> 2 | R34: =IFERROR(__xludf.DUMMYFUNCTION("""COMPUTED_VALUE"""),0.4) -> 0.4 | S34: =IFERROR(__xludf.DUMMYFUNCTION("""COMPUTED_VALUE"""),0.2) -> 0.2 | T34: =IFERROR(__xludf.DUMMYFUNCTION("""COMPUTED_VALUE"""),43.01075268817204) -> 43.010753 | U34: =IFERROR(__xludf.DUMMYFUNCTION("""COMPUTED_VALUE"""),83.33333333333334) -> 83.333333 | V34: =IFERROR(__xludf.DUMMYFUNCTION("""COMPUTED_VALUE"""),1.2) -> 1.2 | W34: =IFERROR(__xludf.DUMMYFUNCTION("""COMPUTED_VALUE"""),-1.2656572580184657) -> -1.2656573 | X34: =IFERROR(__xludf.DUMMYFUNCTION("""COMPUTED_VALUE"""),0.6865466714679571) -> 0.68654667 | Y34: =IFERROR(__xludf.DUMMYFUNCTION("""COMPUTED_VALUE"""),0.21451856414751977) -> 0.21451856 | Z34: =IFERROR(__xludf.DUMMYFUNCTION("""COMPUTED_VALUE"""),-0.9713275050888364) -> -0.97132751 | AA34: =IFERROR(__xludf.DUMMYFUNCTION("""COMPUTED_VALUE"""),-2.4692608929143676) -> -2.4692609 | AB34: =IFERROR(__xludf.DUMMYFUNCTION("""COMPUTED_VALUE"""),0.0) -> 0 | AC34: =IFERROR(__xludf.DUMMYFUNCTION("""COMPUTED_VALUE"""),0.0) -> 0 | AD34: =IFERROR(__xludf.DUMMYFUNCTION("""COMPUTED_VALUE"""),0.16876738515833928) -> 0.16876739 | AE34: =IFERROR(__xludf.DUMMYFUNCTION("""COMPUTED_VALUE"""),0.0) -> 0
A35: =IF(VLOOKUP(H35,'Paste #BBall'!$C$2:$Q$201,3,)="BRO","BKN",IF(VLOOKUP(H35,'Paste #BBall'!$C$2:$Q$201,3,)="OKL","OKC",VLOOKUP(H35,'Paste #BBall'!$C$2:$Q$201,3,))) -> BKN | B35: =VLOOKUP(A35,'Paste #BBall'!$A$204:$D$233,4,) -> 4 | C35: =VLOOKUP(A35,'Paste #BBall'!$A$204:$C$233,3,) -> 4 | D35: =VLOOKUP(A35,'Paste #BBall'!$A$204:$B$233,2,) -> 3 | E35: =SUM(B35:D35) -> 11 | F35: 30 | G35: =IFERROR(__xludf.DUMMYFUNCTION("""COMPUTED_VALUE"""),162.0) -> 162 | H35: =IFERROR(__xludf.DUMMYFUNCTION("""COMPUTED_VALUE"""),"Seth Curry") -> Seth Curry | I35: =IFERROR(__xludf.DUMMYFUNCTION("""COMPUTED_VALUE"""),38.0) -> 38 | J35: =IFERROR(__xludf.DUMMYFUNCTION("""COMPUTED_VALUE"""),"PG/SF") -> PG/SF | K35: =IFERROR(__xludf.DUMMYFUNCTION("""COMPUTED_VALUE"""),-3.814033554214889) -> -3.8140336 | L35: =IFERROR(__xludf.DUMMYFUNCTION("""COMPUTED_VALUE"""),-3.642248543110426) -> -3.6422485 | M35: =IFERROR(__xludf.DUMMYFUNCTION("""COMPUTED_VALUE"""),0.17178501110446298) -> 0.17178501 | N35: =IFERROR(__xludf.DUMMYFUNCTION("""COMPUTED_VALUE"""),12.5) -> 12.5 | O35: =IFERROR(__xludf.DUMMYFUNCTION("""COMPUTED_VALUE"""),2.1) -> 2.1 | P35: =IFERROR(__xludf.DUMMYFUNCTION("""COMPUTED_VALUE"""),2.6) -> 2.6 | Q35: =IFERROR(__xludf.DUMMYFUNCTION("""COMPUTED_VALUE"""),3.0) -> 3 | R35: =IFERROR(__xludf.DUMMYFUNCTION("""COMPUTED_VALUE"""),0.7) -> 0.7 | S35: =IFERROR(__xludf.DUMMYFUNCTION("""COMPUTED_VALUE"""),0.2) -> 0.2 | T35: =IFERROR(__xludf.DUMMYFUNCTION("""COMPUTED_VALUE"""),48.958333333333336) -> 48.958333 | U35: =IFERROR(__xludf.DUMMYFUNCTION("""COMPUTED_VALUE"""),84.61538461538461) -> 84.615385 | V35: =IFERROR(__xludf.DUMMYFUNCTION("""COMPUTED_VALUE"""),1.4) -> 1.4 | W35: =IFERROR(__xludf.DUMMYFUNCTION("""COMPUTED_VALUE"""),-1.1857718027326345) -> -1.1857718 | X35: =IFERROR(__xludf.DUMMYFUNCTION("""COMPUTED_VALUE"""),0.4865555589582297) -> 0.48655556 | Y35: =IFERROR(__xludf.DUMMYFUNCTION("""COMPUTED_VALUE"""),-1.41834304800984) -> -1.418343 | Z35: =IFERROR(__xludf.DUMMYFUNCTION("""COMPUTED_VALUE"""),-0.4006342942913733) -> -0.40063429 | AA35: =IFERROR(__xludf.DUMMYFUNCTION("""COMPUTED_VALUE"""),-1.2428613161002313) -> -1.2428613 | AB35: =IFERROR(__xludf.DUMMYFUNCTION("""COMPUTED_VALUE"""),0.0) -> 0 | AC35: =IFERROR(__xludf.DUMMYFUNCTION("""COMPUTED_VALUE"""),0.0) -> 0 | AD35: =IFERROR(__xludf.DUMMYFUNCTION("""COMPUTED_VALUE"""),0.1188063590654235) -> 0.11880636 | AE35: =IFERROR(__xludf.DUMMYFUNCTION("""COMPUTED_VALUE"""),0.0) -> 0
A36: =IF(VLOOKUP(H36,'Paste #BBall'!$C$2:$Q$201,3,)="BRO","BKN",IF(VLOOKUP(H36,'Paste #BBall'!$C$2:$Q$201,3,)="OKL","OKC",VLOOKUP(H36,'Paste #BBall'!$C$2:$Q$201,3,))) -> HOU | B36: =VLOOKUP(A36,'Paste #BBall'!$A$204:$D$233,4,) -> 4 | C36: =VLOOKUP(A36,'Paste #BBall'!$A$204:$C$233,3,) -> 3 | D36: =VLOOKUP(A36,'Paste #BBall'!$A$204:$B$233,2,) -> 4 | E36: =SUM(B36:D36) -> 11 | F36: 31 | G36: =IFERROR(__xludf.DUMMYFUNCTION("""COMPUTED_VALUE"""),161.0) -> 161 | H36: =IFERROR(__xludf.DUMMYFUNCTION("""COMPUTED_VALUE"""),"Jae'Sean Tate") -> Jae'Sean Tate | I36: =IFERROR(__xludf.DUMMYFUNCTION("""COMPUTED_VALUE"""),68.0) -> 68 | J36: =IFERROR(__xludf.DUMMYFUNCTION("""COMPUTED_VALUE"""),"SF/PF") -> SF/PF | K36: =IFERROR(__xludf.DUMMYFUNCTION("""COMPUTED_VALUE"""),-3.8046932208711444) -> -3.8046932 | L36: =IFERROR(__xludf.DUMMYFUNCTION("""COMPUTED_VALUE"""),-3.6773425671269178) -> -3.6773426 | M36: =IFERROR(__xludf.DUMMYFUNCTION("""COMPUTED_VALUE"""),0.1273506537442266) -> 0.12735065 | N36: =IFERROR(__xludf.DUMMYFUNCTION("""COMPUTED_VALUE"""),12.1) -> 12.1 | O36: =IFERROR(__xludf.DUMMYFUNCTION("""COMPUTED_VALUE"""),0.8) -> 0.8 | P36: =IFERROR(__xludf.DUMMYFUNCTION("""COMPUTED_VALUE"""),5.5) -> 5.5 | Q36: =IFERROR(__xludf.DUMMYFUNCTION("""COMPUTED_VALUE"""),2.9) -> 2.9 | R36: =IFERROR(__xludf.DUMMYFUNCTION("""COMPUTED_VALUE"""),0.9) -> 0.9 | S36: =IFERROR(__xludf.DUMMYFUNCTION("""COMPUTED_VALUE"""),0.5) -> 0.5 | T36: =IFERROR(__xludf.DUMMYFUNCTION("""COMPUTED_VALUE"""),50.0) -> 50 | U36: =IFERROR(__xludf.DUMMYFUNCTION("""COMPUTED_VALUE"""),68.0) -> 68 | V36: =IFERROR(__xludf.DUMMYFUNCTION("""COMPUTED_VALUE"""),1.8) -> 1.8 | W36: =IFERROR(__xludf.DUMMYFUNCTION("""COMPUTED_VALUE"""),-1.2922857431137424) -> -1.2922857 | X36: =IFERROR(__xludf.DUMMYFUNCTION("""COMPUTED_VALUE"""),-0.8133866723549998) -> -0.81338667 | Y36: =IFERROR(__xludf.DUMMYFUNCTION("""COMPUTED_VALUE"""),-0.2345183791957541) -> -0.23451838 | Z36: =IFERROR(__xludf.DUMMYFUNCTION("""COMPUTED_VALUE"""),-0.4577036153711197) -> -0.45770362 | AA36: =IFERROR(__xludf.DUMMYFUNCTION("""COMPUTED_VALUE"""),-0.42526159822414) -> -0.4252616 | AB36: =IFERROR(__xludf.DUMMYFUNCTION("""COMPUTED_VALUE"""),0.0) -> 0 | AC36: =IFERROR(__xludf.DUMMYFUNCTION("""COMPUTED_VALUE"""),0.0) -> 0 | AD36: =IFERROR(__xludf.DUMMYFUNCTION("""COMPUTED_VALUE"""),-0.4541865588671619) -> -0.45418656 | AE36: =IFERROR(__xludf.DUMMYFUNCTION("""COMPUTED_VALUE"""),0.0) -> 0
A37: =IF(VLOOKUP(H37,'Paste #BBall'!$C$2:$Q$201,3,)="BRO","BKN",IF(VLOOKUP(H37,'Paste #BBall'!$C$2:$Q$201,3,)="OKL","OKC",VLOOKUP(H37,'Paste #BBall'!$C$2:$Q$201,3,))) -> DEN | B37: =VLOOKUP(A37,'Paste #BBall'!$A$204:$D$233,4,) -> 2 | C37: =VLOOKUP(A37,'Paste #BBall'!$A$204:$C$233,3,) -> 4 | D37: =VLOOKUP(A37,'Paste #BBall'!$A$204:$B$233,2,) -> 4 | E37: =SUM(B37:D37) -> 10 | F37: 32 | G37: =IFERROR(__xludf.DUMMYFUNCTION("""COMPUTED_VALUE"""),140.0) -> 140 | H37: =IFERROR(__xludf.DUMMYFUNCTION("""COMPUTED_VALUE"""),"Aaron Gordon") -> Aaron Gordon | I37: =IFERROR(__xludf.DUMMYFUNCTION("""COMPUTED_VALUE"""),72.0) -> 72 | J37: =IFERROR(__xludf.DUMMYFUNCTION("""COMPUTED_VALUE"""),"PF") -> PF | K37: =IFERROR(__xludf.DUMMYFUNCTION("""COMPUTED_VALUE"""),-3.1824749973452904) -> -3.182475 | L37: =IFERROR(__xludf.DUMMYFUNCTION("""COMPUTED_VALUE"""),-3.7029017895430814) -> -3.7029018 | M37: =IFERROR(__xludf.DUMMYFUNCTION("""COMPUTED_VALUE"""),-0.520426792197791) -> -0.52042679 | N37: =IFERROR(__xludf.DUMMYFUNCTION("""COMPUTED_VALUE"""),14.6) -> 14.6 | O37: =IFERROR(__xludf.DUMMYFUNCTION("""COMPUTED_VALUE"""),1.2) -> 1.2 | P37: =IFERROR(__xludf.DUMMYFUNCTION("""COMPUTED_VALUE"""),5.8) -> 5.8 | Q37: =IFERROR(__xludf.DUMMYFUNCTION("""COMPUTED_VALUE"""),2.5) -> 2.5 | R37: =IFERROR(__xludf.DUMMYFUNCTION("""COMPUTED_VALUE"""),0.6) -> 0.6 | S37: =IFERROR(__xludf.DUMMYFUNCTION("""COMPUTED_VALUE"""),0.6) -> 0.6 | T37: =IFERROR(__xludf.DUMMYFUNCTION("""COMPUTED_VALUE"""),50.92592592592592) -> 50.925926 | U37: =IFERROR(__xludf.DUMMYFUNCTION("""COMPUTED_VALUE"""),74.99999999999999) -> 75 | V37: =IFERROR(__xludf.DUMMYFUNCTION("""COMPUTED_VALUE"""),1.8) -> 1.8 | W37: =IFERROR(__xludf.DUMMYFUNCTION("""COMPUTED_VALUE"""),-0.6265736157318181) -> -0.62657362 | X37: =IFERROR(__xludf.DUMMYFUNCTION("""COMPUTED_VALUE"""),-0.41340444733554466) -> -0.41340445 | Y37: =IFERROR(__xludf.DUMMYFUNCTION("""COMPUTED_VALUE"""),-0.11205375828395218) -> -0.11205376 | Z37: =IFERROR(__xludf.DUMMYFUNCTION("""COMPUTED_VALUE"""),-0.6859808996901049) -> -0.6859809 | AA37: =IFERROR(__xludf.DUMMYFUNCTION("""COMPUTED_VALUE"""),-1.6516611750382768) -> -1.6516612 | AB37: =IFERROR(__xludf.DUMMYFUNCTION("""COMPUTED_VALUE"""),0.0) -> 0 | AC37: =IFERROR(__xludf.DUMMYFUNCTION("""COMPUTED_VALUE"""),0.0) -> 0 | AD37: =IFERROR(__xludf.DUMMYFUNCTION("""COMPUTED_VALUE"""),-0.21322789346338486) -> -0.21322789 | AE37: =IFERROR(__xludf.DUMMYFUNCTION("""COMPUTED_VALUE"""),0.0) -> 0
A38: =IF(VLOOKUP(H38,'Paste #BBall'!$C$2:$Q$201,3,)="BRO","BKN",IF(VLOOKUP(H38,'Paste #BBall'!$C$2:$Q$201,3,)="OKL","OKC",VLOOKUP(H38,'Paste #BBall'!$C$2:$Q$201,3,))) -> OKC | B38: =VLOOKUP(A38,'Paste #BBall'!$A$204:$D$233,4,) -> 4 | C38: =VLOOKUP(A38,'Paste #BBall'!$A$204:$C$233,3,) -> 4 | D38: =VLOOKUP(A38,'Paste #BBall'!$A$204:$B$233,2,) -> 3 | E38: =SUM(B38:D38) -> 11 | F38: 33 | G38: =IFERROR(__xludf.DUMMYFUNCTION("""COMPUTED_VALUE"""),145.0) -> 145 | H38: =IFERROR(__xludf.DUMMYFUNCTION("""COMPUTED_VALUE"""),"Aleksej Pokusevski") -> Aleksej Pokusevski | I38: =IFERROR(__xludf.DUMMYFUNCTION("""COMPUTED_VALUE"""),69.0) -> 69 | J38: =IFERROR(__xludf.DUMMYFUNCTION("""COMPUTED_VALUE"""),"PF") -> PF | K38: =IFERROR(__xludf.DUMMYFUNCTION("""COMPUTED_VALUE"""),-3.360186058058762) -> -3.3601861 | L38: =IFERROR(__xludf.DUMMYFUNCTION("""COMPUTED_VALUE"""),-3.7185070413130945) -> -3.718507 | M38: =IFERROR(__xludf.DUMMYFUNCTION("""COMPUTED_VALUE"""),-0.3583209832543326) -> -0.35832098 | N38: =IFERROR(__xludf.DUMMYFUNCTION("""COMPUTED_VALUE"""),9.7) -> 9.7 | O38: =IFERROR(__xludf.DUMMYFUNCTION("""COMPUTED_VALUE"""),1.1) -> 1.1 | P38: =IFERROR(__xludf.DUMMYFUNCTION("""COMPUTED_VALUE"""),6.5) -> 6.5 | Q38: =IFERROR(__xludf.DUMMYFUNCTION("""COMPUTED_VALUE"""),2.6) -> 2.6 | R38: =IFERROR(__xludf.DUMMYFUNCTION("""COMPUTED_VALUE"""),0.8) -> 0.8 | S38: =IFERROR(__xludf.DUMMYFUNCTION("""COMPUTED_VALUE"""),0.8) -> 0.8 | T38: =IFERROR(__xludf.DUMMYFUNCTION("""COMPUTED_VALUE"""),41.48936170212766) -> 41.489362 | U38: =IFERROR(__xludf.DUMMYFUNCTION("""COMPUTED_VALUE"""),80.0) -> 80 | V38: =IFERROR(__xludf.DUMMYFUNCTION("""COMPUTED_VALUE"""),1.9) -> 1.9 | W38: =IFERROR(__xludf.DUMMYFUNCTION("""COMPUTED_VALUE"""),-1.93136938540039) -> -1.9313694 | X38: =IFERROR(__xludf.DUMMYFUNCTION("""COMPUTED_VALUE"""),-0.5134000035904084) -> -0.5134 | Y38: =IFERROR(__xludf.DUMMYFUNCTION("""COMPUTED_VALUE"""),0.1736970238435859) -> 0.17369702 | Z38: =IFERROR(__xludf.DUMMYFUNCTION("""COMPUTED_VALUE"""),-0.6289115786103584) -> -0.62891158 | AA38: =IFERROR(__xludf.DUMMYFUNCTION("""COMPUTED_VALUE"""),-0.8340614571621854) -> -0.83406146 | AB38: =IFERROR(__xludf.DUMMYFUNCTION("""COMPUTED_VALUE"""),0.0) -> 0 | AC38: =IFERROR(__xludf.DUMMYFUNCTION("""COMPUTED_VALUE"""),0.0) -> 0 | AD38: =IFERROR(__xludf.DUMMYFUNCTION("""COMPUTED_VALUE"""),0.015538359606661832) -> 0.01553836 | AE38: =IFERROR(__xludf.DUMMYFUNCTION("""COMPUTED_VALUE"""),0.0) -> 0
A39: =IF(VLOOKUP(H39,'Paste #BBall'!$C$2:$Q$201,3,)="BRO","BKN",IF(VLOOKUP(H39,'Paste #BBall'!$C$2:$Q$201,3,)="OKL","OKC",VLOOKUP(H39,'Paste #BBall'!$C$2:$Q$201,3,))) -> BOS | B39: =VLOOKUP(A39,'Paste #BBall'!$A$204:$D$233,4,) -> 3 | C39: =VLOOKUP(A39,'Paste #BBall'!$A$204:$C$233,3,) -> 3 | D39: =VLOOKUP(A39,'Paste #BBall'!$A$204:$B$233,2,) -> 4 | E39: =SUM(B39:D39) -> 10 | F39: 34 | G39: =IFERROR(__xludf.DUMMYFUNCTION("""COMPUTED_VALUE"""),149.0) -> 149 | H39: =IFERROR(__xludf.DUMMYFUNCTION("""COMPUTED_VALUE"""),"Derrick White") -> Derrick White | I39: =IFERROR(__xludf.DUMMYFUNCTION("""COMPUTED_VALUE"""),78.0) -> 78 | J39: =IFERROR(__xludf.DUMMYFUNCTION("""COMPUTED_VALUE"""),"PG/SG") -> PG/SG | K39: =IFERROR(__xludf.DUMMYFUNCTION("""COMPUTED_VALUE"""),-3.5249035126876263) -> -3.5249035 | L39: =IFERROR(__xludf.DUMMYFUNCTION("""COMPUTED_VALUE"""),-3.7445248097581976) -> -3.7445248 | M39: =IFERROR(__xludf.DUMMYFUNCTION("""COMPUTED_VALUE"""),-0.21962129707057132) -> -0.2196213 | N39: =IFERROR(__xludf.DUMMYFUNCTION("""COMPUTED_VALUE"""),11.6) -> 11.6 | O39: =IFERROR(__xludf.DUMMYFUNCTION("""COMPUTED_VALUE"""),1.3) -> 1.3 | P39: =IFERROR(__xludf.DUMMYFUNCTION("""COMPUTED_VALUE"""),3.1) -> 3.1 | Q39: =IFERROR(__xludf.DUMMYFUNCTION("""COMPUTED_VALUE"""),3.3) -> 3.3 | R39: =IFERROR(__xludf.DUMMYFUNCTION("""COMPUTED_VALUE"""),0.8) -> 0.8 | S39: =IFERROR(__xludf.DUMMYFUNCTION("""COMPUTED_VALUE"""),0.7) -> 0.7 | T39: =IFERROR(__xludf.DUMMYFUNCTION("""COMPUTED_VALUE"""),42.10526315789473) -> 42.105263 | U39: =IFERROR(__xludf.DUMMYFUNCTION("""COMPUTED_VALUE"""),85.18518518518518) -> 85.185185 | V39: =IFERROR(__xludf.DUMMYFUNCTION("""COMPUTED_VALUE"""),1.4) -> 1.4 | W39: =IFERROR(__xludf.DUMMYFUNCTION("""COMPUTED_VALUE"""),-1.4254281685901276) -> -1.4254282 | X39: =IFERROR(__xludf.DUMMYFUNCTION("""COMPUTED_VALUE"""),-0.31340889108068076) -> -0.31340889 | Y39: =IFERROR(__xludf.DUMMYFUNCTION("""COMPUTED_VALUE"""),-1.21423534649017) -> -1.2142353 | Z39: =IFERROR(__xludf.DUMMYFUNCTION("""COMPUTED_VALUE"""),-0.22942633105213456) -> -0.22942633 | AA39: =IFERROR(__xludf.DUMMYFUNCTION("""COMPUTED_VALUE"""),-0.8340614571621854) -> -0.83406146 | AB39: =IFERROR(__xludf.DUMMYFUNCTION("""COMPUTED_VALUE"""),0.0) -> 0 | AC39: =IFERROR(__xludf.DUMMYFUNCTION("""COMPUTED_VALUE"""),0.0) -> 0 | AD39: =IFERROR(__xludf.DUMMYFUNCTION("""COMPUTED_VALUE"""),0.2720353846171005) -> 0.27203538 | AE39: =IFERROR(__xludf.DUMMYFUNCTION("""COMPUTED_VALUE"""),0.0) -> 0
A40: =IF(VLOOKUP(H40,'Paste #BBall'!$C$2:$Q$201,3,)="BRO","BKN",IF(VLOOKUP(H40,'Paste #BBall'!$C$2:$Q$201,3,)="OKL","OKC",VLOOKUP(H40,'Paste #BBall'!$C$2:$Q$201,3,))) -> PHX | B40: =VLOOKUP(A40,'Paste #BBall'!$A$204:$D$233,4,) -> 3 | C40: =VLOOKUP(A40,'Paste #BBall'!$A$204:$C$233,3,) -> 2 | D40: =VLOOKUP(A40,'Paste #BBall'!$A$204:$B$233,2,) -> 4 | E40: =SUM(B40:D40) -> 9 | F40: 35 | G40: =IFERROR(__xludf.DUMMYFUNCTION("""COMPUTED_VALUE"""),183.0) -> 183 | H40: =IFERROR(__xludf.DUMMYFUNCTION("""COMPUTED_VALUE"""),"Cameron Payne") -> Cameron Payne | I40: =IFERROR(__xludf.DUMMYFUNCTION("""COMPUTED_VALUE"""),74.0) -> 74 | J40: =IFERROR(__xludf.DUMMYFUNCTION("""COMPUTED_VALUE"""),"PG") -> PG | K40: =IFERROR(__xludf.DUMMYFUNCTION("""COMPUTED_VALUE"""),-4.413455137394668) -> -4.4134551 | L40: =IFERROR(__xludf.DUMMYFUNCTION("""COMPUTED_VALUE"""),-3.7822021391605136) -> -3.7822021 | M40: =IFERROR(__xludf.DUMMYFUNCTION("""COMPUTED_VALUE"""),0.6312529982341544) -> 0.631253 | N40: =IFERROR(__xludf.DUMMYFUNCTION("""COMPUTED_VALUE"""),10.9) -> 10.9 | O40: =IFERROR(__xludf.DUMMYFUNCTION("""COMPUTED_VALUE"""),1.2) -> 1.2 | P40: =IFERROR(__xludf.DUMMYFUNCTION("""COMPUTED_VALUE"""),3.1) -> 3.1 | Q40: =IFERROR(__xludf.DUMMYFUNCTION("""COMPUTED_VALUE"""),4.6) -> 4.6 | R40: =IFERROR(__xludf.DUMMYFUNCTION("""COMPUTED_VALUE"""),0.7) -> 0.7 | S40: =IFERROR(__xludf.DUMMYFUNCTION("""COMPUTED_VALUE"""),0.3) -> 0.3 | T40: =IFERROR(__xludf.DUMMYFUNCTION("""COMPUTED_VALUE"""),42.857142857142854) -> 42.857143 | U40: =IFERROR(__xludf.DUMMYFUNCTION("""COMPUTED_VALUE"""),86.66666666666667) -> 86.666667 | V40: =IFERROR(__xludf.DUMMYFUNCTION("""COMPUTED_VALUE"""),1.8) -> 1.8 | W40: =IFERROR(__xludf.DUMMYFUNCTION("""COMPUTED_VALUE"""),-1.6118275642570663) -> -1.6118276 | X40: =IFERROR(__xludf.DUMMYFUNCTION("""COMPUTED_VALUE"""),-0.41340444733554466) -> -0.41340445 | Y40: =IFERROR(__xludf.DUMMYFUNCTION("""COMPUTED_VALUE"""),-1.21423534649017) -> -1.2142353 | Z40: =IFERROR(__xludf.DUMMYFUNCTION("""COMPUTED_VALUE"""),0.5124748429845672) -> 0.51247484 | AA40: =IFERROR(__xludf.DUMMYFUNCTION("""COMPUTED_VALUE"""),-1.2428613161002313) -> -1.2428613 | AB40: =IFERROR(__xludf.DUMMYFUNCTION("""COMPUTED_VALUE"""),0.0) -> 0 | AC40: =IFERROR(__xludf.DUMMYFUNCTION("""COMPUTED_VALUE"""),0.0) -> 0 | AD40: =IFERROR(__xludf.DUMMYFUNCTION("""COMPUTED_VALUE"""),0.1876516920379314) -> 0.18765169 | AE40: =IFERROR(__xludf.DUMMYFUNCTION("""COMPUTED_VALUE"""),0.0) -> 0
A41: =IF(VLOOKUP(H41,'Paste #BBall'!$C$2:$Q$201,3,)="BRO","BKN",IF(VLOOKUP(H41,'Paste #BBall'!$C$2:$Q$201,3,)="OKL","OKC",VLOOKUP(H41,'Paste #BBall'!$C$2:$Q$201,3,))) -> CHI | B41: =VLOOKUP(A41,'Paste #BBall'!$A$204:$D$233,4,) -> 4 | C41: =VLOOKUP(A41,'Paste #BBall'!$A$204:$C$233,3,) -> 2 | D41: =VLOOKUP(A41,'Paste #BBall'!$A$204:$B$233,2,) -> 3 | E41: =SUM(B41:D41) -> 9 | F41: 36 | G41: =IFERROR(__xludf.DUMMYFUNCTION("""COMPUTED_VALUE"""),134.0) -> 134 | H41: =IFERROR(__xludf.DUMMYFUNCTION("""COMPUTED_VALUE"""),"Patrick Williams") -> Patrick Williams | I41: =IFERROR(__xludf.DUMMYFUNCTION("""COMPUTED_VALUE"""),73.0) -> 73 | J41: =IFERROR(__xludf.DUMMYFUNCTION("""COMPUTED_VALUE"""),"SF/PF") -> SF/PF | K41: =IFERROR(__xludf.DUMMYFUNCTION("""COMPUTED_VALUE"""),-3.138080020795908) -> -3.13808 | L41: =IFERROR(__xludf.DUMMYFUNCTION("""COMPUTED_VALUE"""),-3.787164759338576) -> -3.7871648 | M41: =IFERROR(__xludf.DUMMYFUNCTION("""COMPUTED_VALUE"""),-0.6490847385426681) -> -0.64908474 | N41: =IFERROR(__xludf.DUMMYFUNCTION("""COMPUTED_VALUE"""),11.0) -> 11 | O41: =IFERROR(__xludf.DUMMYFUNCTION("""COMPUTED_VALUE"""),1.3) -> 1.3 | P41: =IFERROR(__xludf.DUMMYFUNCTION("""COMPUTED_VALUE"""),4.9) -> 4.9 | Q41: =IFERROR(__xludf.DUMMYFUNCTION("""COMPUTED_VALUE"""),1.1) -> 1.1 | R41: =IFERROR(__xludf.DUMMYFUNCTION("""COMPUTED_VALUE"""),1.1) -> 1.1 | S41: =IFERROR(__xludf.DUMMYFUNCTION("""COMPUTED_VALUE"""),0.7) -> 0.7 | T41: =IFERROR(__xludf.DUMMYFUNCTION("""COMPUTED_VALUE"""),51.35135135135135) -> 51.351351 | U41: =IFERROR(__xludf.DUMMYFUNCTION("""COMPUTED_VALUE"""),72.41379310344827) -> 72.413793 | V41: =IFERROR(__xludf.DUMMYFUNCTION("""COMPUTED_VALUE"""),1.1) -> 1.1 | W41: =IFERROR(__xludf.DUMMYFUNCTION("""COMPUTED_VALUE"""),-1.5851990791617894) -> -1.5851991 | X41: =IFERROR(__xludf.DUMMYFUNCTION("""COMPUTED_VALUE"""),-0.31340889108068076) -> -0.31340889 | Y41: =IFERROR(__xludf.DUMMYFUNCTION("""COMPUTED_VALUE"""),-0.47944762101935795) -> -0.47944762 | Z41: =IFERROR(__xludf.DUMMYFUNCTION("""COMPUTED_VALUE"""),-1.484951394806553) -> -1.4849514 | AA41: =IFERROR(__xludf.DUMMYFUNCTION("""COMPUTED_VALUE"""),0.39233811965195126) -> 0.39233812 | AB41: =IFERROR(__xludf.DUMMYFUNCTION("""COMPUTED_VALUE"""),0.0) -> 0 | AC41: =IFERROR(__xludf.DUMMYFUNCTION("""COMPUTED_VALUE"""),0.0) -> 0 | AD41: =IFERROR(__xludf.DUMMYFUNCTION("""COMPUTED_VALUE"""),-0.316495892922146) -> -0.31649589 | AE41: =IFERROR(__xludf.DUMMYFUNCTION("""COMPUTED_VALUE"""),0.0) -> 0
A42: =IF(VLOOKUP(H42,'Paste #BBall'!$C$2:$Q$201,3,)="BRO","BKN",IF(VLOOKUP(H42,'Paste #BBall'!$C$2:$Q$201,3,)="OKL","OKC",VLOOKUP(H42,'Paste #BBall'!$C$2:$Q$201,3,))) -> MIL | B42: =VLOOKUP(A42,'Paste #BBall'!$A$204:$D$233,4,) -> 3 | C42: =VLOOKUP(A42,'Paste #BBall'!$A$204:$C$233,3,) -> 4 | D42: =VLOOKUP(A42,'Paste #BBall'!$A$204:$B$233,2,) -> 4 | E42: =SUM(B42:D42) -> 11 | F42: 37 | G42: =IFERROR(__xludf.DUMMYFUNCTION("""COMPUTED_VALUE"""),166.0) -> 166 | H42: =IFERROR(__xludf.DUMMYFUNCTION("""COMPUTED_VALUE"""),"Grayson Allen") -> Grayson Allen | I42: =IFERROR(__xludf.DUMMYFUNCTION("""COMPUTED_VALUE"""),77.0) -> 77 | J42: =IFERROR(__xludf.DUMMYFUNCTION("""COMPUTED_VALUE"""),"SG") -> SG | K42: =IFERROR(__xludf.DUMMYFUNCTION("""COMPUTED_VALUE"""),-3.9152657569866998) -> -3.9152658 | L42: =IFERROR(__xludf.DUMMYFUNCTION("""COMPUTED_VALUE"""),-3.8672756363628444) -> -3.8672756 | M42: =IFERROR(__xludf.DUMMYFUNCTION("""COMPUTED_VALUE"""),0.047990120623855326) -> 0.047990121 | N42: =IFERROR(__xludf.DUMMYFUNCTION("""COMPUTED_VALUE"""),11.5) -> 11.5 | O42: =IFERROR(__xludf.DUMMYFUNCTION("""COMPUTED_VALUE"""),2.5) -> 2.5 | P42: =IFERROR(__xludf.DUMMYFUNCTION("""COMPUTED_VALUE"""),3.5) -> 3.5 | Q42: =IFERROR(__xludf.DUMMYFUNCTION("""COMPUTED_VALUE"""),1.5) -> 1.5 | R42: =IFERROR(__xludf.DUMMYFUNCTION("""COMPUTED_VALUE"""),0.7) -> 0.7 | S42: =IFERROR(__xludf.DUMMYFUNCTION("""COMPUTED_VALUE"""),0.3) -> 0.3 | T42: =IFERROR(__xludf.DUMMYFUNCTION("""COMPUTED_VALUE"""),44.44444444444444) -> 44.444444 | U42: =IFERROR(__xludf.DUMMYFUNCTION("""COMPUTED_VALUE"""),91.66666666666667) -> 91.666667 | V42: =IFERROR(__xludf.DUMMYFUNCTION("""COMPUTED_VALUE"""),0.7) -> 0.7 | W42: =IFERROR(__xludf.DUMMYFUNCTION("""COMPUTED_VALUE"""),-1.4520566536854043) -> -1.4520567 | X42: =IFERROR(__xludf.DUMMYFUNCTION("""COMPUTED_VALUE"""),0.8865377839776849) -> 0.88653778 | Y42: =IFERROR(__xludf.DUMMYFUNCTION("""COMPUTED_VALUE"""),-1.0509491852744342) -> -1.0509492 | Z42: =IFERROR(__xludf.DUMMYFUNCTION("""COMPUTED_VALUE"""),-1.2566741104875678) -> -1.2566741 | AA42: =IFERROR(__xludf.DUMMYFUNCTION("""COMPUTED_VALUE"""),-1.2428613161002313) -> -1.2428613 | AB42: =IFERROR(__xludf.DUMMYFUNCTION("""COMPUTED_VALUE"""),0.0) -> 0 | AC42: =IFERROR(__xludf.DUMMYFUNCTION("""COMPUTED_VALUE"""),0.0) -> 0 | AD42: =IFERROR(__xludf.DUMMYFUNCTION("""COMPUTED_VALUE"""),0.24872784520710842) -> 0.24872785 | AE42: =IFERROR(__xludf.DUMMYFUNCTION("""COMPUTED_VALUE"""),0.0) -> 0
A43: =IF(VLOOKUP(H43,'Paste #BBall'!$C$2:$Q$201,3,)="BRO","BKN",IF(VLOOKUP(H43,'Paste #BBall'!$C$2:$Q$201,3,)="OKL","OKC",VLOOKUP(H43,'Paste #BBall'!$C$2:$Q$201,3,))) -> POR | B43: =VLOOKUP(A43,'Paste #BBall'!$A$204:$D$233,4,) -> 4 | C43: =VLOOKUP(A43,'Paste #BBall'!$A$204:$C$233,3,) -> 4 | D43: =VLOOKUP(A43,'Paste #BBall'!$A$204:$B$233,2,) -> 3 | E43: =SUM(B43:D43) -> 11 | F43: 38 | G43: =IFERROR(__xludf.DUMMYFUNCTION("""COMPUTED_VALUE"""),141.0) -> 141 | H43: =IFERROR(__xludf.DUMMYFUNCTION("""COMPUTED_VALUE"""),"Gary Payton II") -> Gary Payton II | I43: =IFERROR(__xludf.DUMMYFUNCTION("""COMPUTED_VALUE"""),58.0) -> 58 | J43: =IFERROR(__xludf.DUMMYFUNCTION("""COMPUTED_VALUE"""),"PG") -> PG | K43: =IFERROR(__xludf.DUMMYFUNCTION("""COMPUTED_VALUE"""),-3.219311282025422) -> -3.2193113 | L43: =IFERROR(__xludf.DUMMYFUNCTION("""COMPUTED_VALUE"""),-3.9789339961484704) -> -3.978934 | M43: =IFERROR(__xludf.DUMMYFUNCTION("""COMPUTED_VALUE"""),-0.7596227141230485) -> -0.75962271 | N43: =IFERROR(__xludf.DUMMYFUNCTION("""COMPUTED_VALUE"""),8.5) -> 8.5 | O43: =IFERROR(__xludf.DUMMYFUNCTION("""COMPUTED_VALUE"""),0.7) -> 0.7 | P43: =IFERROR(__xludf.DUMMYFUNCTION("""COMPUTED_VALUE"""),4.2) -> 4.2 | Q43: =IFERROR(__xludf.DUMMYFUNCTION("""COMPUTED_VALUE"""),1.1) -> 1.1 | R43: =IFERROR(__xludf.DUMMYFUNCTION("""COMPUTED_VALUE"""),1.4) -> 1.4 | S43: =IFERROR(__xludf.DUMMYFUNCTION("""COMPUTED_VALUE"""),0.4) -> 0.4 | T43: =IFERROR(__xludf.DUMMYFUNCTION("""COMPUTED_VALUE"""),61.01694915254237) -> 61.016949 | U43: =IFERROR(__xludf.DUMMYFUNCTION("""COMPUTED_VALUE"""),66.66666666666666) -> 66.666667 | V43: =IFERROR(__xludf.DUMMYFUNCTION("""COMPUTED_VALUE"""),0.7) -> 0.7 | W43: =IFERROR(__xludf.DUMMYFUNCTION("""COMPUTED_VALUE"""),-2.2509112065437136) -> -2.2509112 | X43: =IFERROR(__xludf.DUMMYFUNCTION("""COMPUTED_VALUE"""),-0.9133822286098637) -> -0.91338223 | Y43: =IFERROR(__xludf.DUMMYFUNCTION("""COMPUTED_VALUE"""),-0.765198403146896) -> -0.7651984 | Z43: =IFERROR(__xludf.DUMMYFUNCTION("""COMPUTED_VALUE"""),-1.484951394806553) -> -1.4849514 | AA43: =IFERROR(__xludf.DUMMYFUNCTION("""COMPUTED_VALUE"""),1.6187376964660871) -> 1.6187377 | AB43: =IFERROR(__xludf.DUMMYFUNCTION("""COMPUTED_VALUE"""),0.0) -> 0 | AC43: =IFERROR(__xludf.DUMMYFUNCTION("""COMPUTED_VALUE"""),0.0) -> 0 | AD43: =IFERROR(__xludf.DUMMYFUNCTION("""COMPUTED_VALUE"""),-0.1832284595075309) -> -0.18322846 | AE43: =IFERROR(__xludf.DUMMYFUNCTION("""COMPUTED_VALUE"""),0.0) -> 0
A44: =IF(VLOOKUP(H44,'Paste #BBall'!$C$2:$Q$201,3,)="BRO","BKN",IF(VLOOKUP(H44,'Paste #BBall'!$C$2:$Q$201,3,)="OKL","OKC",VLOOKUP(H44,'Paste #BBall'!$C$2:$Q$201,3,))) -> MEM | B44: =VLOOKUP(A44,'Paste #BBall'!$A$204:$D$233,4,) -> 4 | C44: =VLOOKUP(A44,'Paste #BBall'!$A$204:$C$233,3,) -> 3 | D44: =VLOOKUP(A44,'Paste #BBall'!$A$204:$B$233,2,) -> 4 | E44: =SUM(B44:D44) -> 11 | F44: 39 | G44: =IFERROR(__xludf.DUMMYFUNCTION("""COMPUTED_VALUE"""),191.0) -> 191 | H44: =IFERROR(__xludf.DUMMYFUNCTION("""COMPUTED_VALUE"""),"Tyus Jones") -> Tyus Jones | I44: =IFERROR(__xludf.DUMMYFUNCTION("""COMPUTED_VALUE"""),65.0) -> 65 | J44: =IFERROR(__xludf.DUMMYFUNCTION("""COMPUTED_VALUE"""),"PG") -> PG | K44: =IFERROR(__xludf.DUMMYFUNCTION("""COMPUTED_VALUE"""),-4.887292503106335) -> -4.8872925 | L44: =IFERROR(__xludf.DUMMYFUNCTION("""COMPUTED_VALUE"""),-4.008808114036971) -> -4.0088081 | M44: =IFERROR(__xludf.DUMMYFUNCTION("""COMPUTED_VALUE"""),0.8784843890693637) -> 0.87848439 | N44: =IFERROR(__xludf.DUMMYFUNCTION("""COMPUTED_VALUE"""),8.8) -> 8.8 | O44: =IFERROR(__xludf.DUMMYFUNCTION("""COMPUTED_VALUE"""),1.1) -> 1.1 | P44: =IFERROR(__xludf.DUMMYFUNCTION("""COMPUTED_VALUE"""),2.4) -> 2.4 | Q44: =IFERROR(__xludf.DUMMYFUNCTION("""COMPUTED_VALUE"""),4.5) -> 4.5 | R44: =IFERROR(__xludf.DUMMYFUNCTION("""COMPUTED_VALUE"""),0.9) -> 0.9 | S44: =IFERROR(__xludf.DUMMYFUNCTION("""COMPUTED_VALUE"""),0.0) -> 0 | T44: =IFERROR(__xludf.DUMMYFUNCTION("""COMPUTED_VALUE"""),45.45454545454545) -> 45.454545 | U44: =IFERROR(__xludf.DUMMYFUNCTION("""COMPUTED_VALUE"""),88.8888888888889) -> 88.888889 | V44: =IFERROR(__xludf.DUMMYFUNCTION("""COMPUTED_VALUE"""),0.6) -> 0.6 | W44: =IFERROR(__xludf.DUMMYFUNCTION("""COMPUTED_VALUE"""),-2.1710257512578823) -> -2.1710258 | X44: =IFERROR(__xludf.DUMMYFUNCTION("""COMPUTED_VALUE"""),-0.5134000035904084) -> -0.5134 | Y44: =IFERROR(__xludf.DUMMYFUNCTION("""COMPUTED_VALUE"""),-1.499986128617708) -> -1.4999861 | Z44: =IFERROR(__xludf.DUMMYFUNCTION("""COMPUTED_VALUE"""),0.4554055219048211) -> 0.45540552 | AA44: =IFERROR(__xludf.DUMMYFUNCTION("""COMPUTED_VALUE"""),-0.42526159822414) -> -0.4252616 | AB44: =IFERROR(__xludf.DUMMYFUNCTION("""COMPUTED_VALUE"""),0.0) -> 0 | AC44: =IFERROR(__xludf.DUMMYFUNCTION("""COMPUTED_VALUE"""),0.0) -> 0 | AD44: =IFERROR(__xludf.DUMMYFUNCTION("""COMPUTED_VALUE"""),0.14545984574834664) -> 0.14545985 | AE44: =IFERROR(__xludf.DUMMYFUNCTION("""COMPUTED_VALUE"""),0.0) -> 0
A45: =IF(VLOOKUP(H45,'Paste #BBall'!$C$2:$Q$201,3,)="BRO","BKN",IF(VLOOKUP(H45,'Paste #BBall'!$C$2:$Q$201,3,)="OKL","OKC",VLOOKUP(H45,'Paste #BBall'!$C$2:$Q$201,3,))) -> WAS | B45: =VLOOKUP(A45,'Paste #BBall'!$A$204:$D$233,4,) -> 3 | C45: =VLOOKUP(A45,'Paste #BBall'!$A$204:$C$233,3,) -> 4 | D45: =VLOOKUP(A45,'Paste #BBall'!$A$204:$B$233,2,) -> 3 | E45: =SUM(B45:D45) -> 10 | F45: 40 | G45: =IFERROR(__xludf.DUMMYFUNCTION("""COMPUTED_VALUE"""),182.0) -> 182 | H45: =IFERROR(__xludf.DUMMYFUNCTION("""COMPUTED_VALUE"""),"Delon Wright") -> Delon Wright | I45: =IFERROR(__xludf.DUMMYFUNCTION("""COMPUTED_VALUE"""),69.0) -> 69 | J45: =IFERROR(__xludf.DUMMYFUNCTION("""COMPUTED_VALUE"""),"SG/PF") -> SG/PF | K45: =IFERROR(__xludf.DUMMYFUNCTION("""COMPUTED_VALUE"""),-4.403843131387165) -> -4.4038431 | L45: =IFERROR(__xludf.DUMMYFUNCTION("""COMPUTED_VALUE"""),-4.113350002594853) -> -4.11335 | M45: =IFERROR(__xludf.DUMMYFUNCTION("""COMPUTED_VALUE"""),0.2904931287923125) -> 0.29049313 | N45: =IFERROR(__xludf.DUMMYFUNCTION("""COMPUTED_VALUE"""),6.4) -> 6.4 | O45: =IFERROR(__xludf.DUMMYFUNCTION("""COMPUTED_VALUE"""),0.7) -> 0.7 | P45: =IFERROR(__xludf.DUMMYFUNCTION("""COMPUTED_VALUE"""),3.2) -> 3.2 | Q45: =IFERROR(__xludf.DUMMYFUNCTION("""COMPUTED_VALUE"""),2.7) -> 2.7 | R45: =IFERROR(__xludf.DUMMYFUNCTION("""COMPUTED_VALUE"""),1.3) -> 1.3 | S45: =IFERROR(__xludf.DUMMYFUNCTION("""COMPUTED_VALUE"""),0.2) -> 0.2 | T45: =IFERROR(__xludf.DUMMYFUNCTION("""COMPUTED_VALUE"""),45.28301886792453) -> 45.283019 | U45: =IFERROR(__xludf.DUMMYFUNCTION("""COMPUTED_VALUE"""),88.8888888888889) -> 88.888889 | V45: =IFERROR(__xludf.DUMMYFUNCTION("""COMPUTED_VALUE"""),0.7) -> 0.7 | W45: =IFERROR(__xludf.DUMMYFUNCTION("""COMPUTED_VALUE"""),-2.81010939354453) -> -2.8101094 | X45: =IFERROR(__xludf.DUMMYFUNCTION("""COMPUTED_VALUE"""),-0.9133822286098637) -> -0.91338223 | Y45: =IFERROR(__xludf.DUMMYFUNCTION("""COMPUTED_VALUE"""),-1.173413806186236) -> -1.1734138 | Z45: =IFERROR(__xludf.DUMMYFUNCTION("""COMPUTED_VALUE"""),-0.5718422575306121) -> -0.57184226 | AA45: =IFERROR(__xludf.DUMMYFUNCTION("""COMPUTED_VALUE"""),1.209937837528042) -> 1.2099378 | AB45: =IFERROR(__xludf.DUMMYFUNCTION("""COMPUTED_VALUE"""),0.0) -> 0 | AC45: =IFERROR(__xludf.DUMMYFUNCTION("""COMPUTED_VALUE"""),0.0) -> 0 | AD45: =IFERROR(__xludf.DUMMYFUNCTION("""COMPUTED_VALUE"""),0.14545984574834664) -> 0.14545985 | AE45: =IFERROR(__xludf.DUMMYFUNCTION("""COMPUTED_VALUE"""),0.0) -> 0
A46: =IF(VLOOKUP(H46,'Paste #BBall'!$C$2:$Q$201,3,)="BRO","BKN",IF(VLOOKUP(H46,'Paste #BBall'!$C$2:$Q$201,3,)="OKL","OKC",VLOOKUP(H46,'Paste #BBall'!$C$2:$Q$201,3,))) -> MIA | B46: =VLOOKUP(A46,'Paste #BBall'!$A$204:$D$233,4,) -> 3 | C46: =VLOOKUP(A46,'Paste #BBall'!$A$204:$C$233,3,) -> 4 | D46: =VLOOKUP(A46,'Paste #BBall'!$A$204:$B$233,2,) -> 4 | E46: =SUM(B46:D46) -> 11 | F46: 41 | G46: =IFERROR(__xludf.DUMMYFUNCTION("""COMPUTED_VALUE"""),156.0) -> 156 | H46: =IFERROR(__xludf.DUMMYFUNCTION("""COMPUTED_VALUE"""),"Caleb Martin") -> Caleb Martin | I46: =IFERROR(__xludf.DUMMYFUNCTION("""COMPUTED_VALUE"""),64.0) -> 64 | J46: =IFERROR(__xludf.DUMMYFUNCTION("""COMPUTED_VALUE"""),"SG/SF") -> SG/SF | K46: =IFERROR(__xludf.DUMMYFUNCTION("""COMPUTED_VALUE"""),-3.6951221165375063) -> -3.6951221 | L46: =IFERROR(__xludf.DUMMYFUNCTION("""COMPUTED_VALUE"""),-4.137822014917293) -> -4.137822 | M46: =IFERROR(__xludf.DUMMYFUNCTION("""COMPUTED_VALUE"""),-0.44269989837978674) -> -0.4426999 | N46: =IFERROR(__xludf.DUMMYFUNCTION("""COMPUTED_VALUE"""),10.0) -> 10 | O46: =IFERROR(__xludf.DUMMYFUNCTION("""COMPUTED_VALUE"""),1.2) -> 1.2 | P46: =IFERROR(__xludf.DUMMYFUNCTION("""COMPUTED_VALUE"""),4.2) -> 4.2 | Q46: =IFERROR(__xludf.DUMMYFUNCTION("""COMPUTED_VALUE"""),1.2) -> 1.2 | R46: =IFERROR(__xludf.DUMMYFUNCTION("""COMPUTED_VALUE"""),1.1) -> 1.1 | S46: =IFERROR(__xludf.DUMMYFUNCTION("""COMPUTED_VALUE"""),0.5) -> 0.5 | T46: =IFERROR(__xludf.DUMMYFUNCTION("""COMPUTED_VALUE"""),50.0) -> 50 | U46: =IFERROR(__xludf.DUMMYFUNCTION("""COMPUTED_VALUE"""),76.47058823529413) -> 76.470588 | V46: =IFERROR(__xludf.DUMMYFUNCTION("""COMPUTED_VALUE"""),1.0) -> 1 | W46: =IFERROR(__xludf.DUMMYFUNCTION("""COMPUTED_VALUE"""),-1.851483930114559) -> -1.8514839 | X46: =IFERROR(__xludf.DUMMYFUNCTION("""COMPUTED_VALUE"""),-0.41340444733554466) -> -0.41340445 | Y46: =IFERROR(__xludf.DUMMYFUNCTION("""COMPUTED_VALUE"""),-0.765198403146896) -> -0.7651984 | Z46: =IFERROR(__xludf.DUMMYFUNCTION("""COMPUTED_VALUE"""),-1.427882073726807) -> -1.4278821 | AA46: =IFERROR(__xludf.DUMMYFUNCTION("""COMPUTED_VALUE"""),0.39233811965195126) -> 0.39233812 | AB46: =IFERROR(__xludf.DUMMYFUNCTION("""COMPUTED_VALUE"""),0.0) -> 0 | AC46: =IFERROR(__xludf.DUMMYFUNCTION("""COMPUTED_VALUE"""),0.0) -> 0 | AD46: =IFERROR(__xludf.DUMMYFUNCTION("""COMPUTED_VALUE"""),-0.07219128024543806) -> -0.07219128 | AE46: =IFERROR(__xludf.DUMMYFUNCTION("""COMPUTED_VALUE"""),0.0) -> 0
A47: =IF(VLOOKUP(H47,'Paste #BBall'!$C$2:$Q$201,3,)="BRO","BKN",IF(VLOOKUP(H47,'Paste #BBall'!$C$2:$Q$201,3,)="OKL","OKC",VLOOKUP(H47,'Paste #BBall'!$C$2:$Q$201,3,))) -> UTA | B47: =VLOOKUP(A47,'Paste #BBall'!$A$204:$D$233,4,) -> 3 | C47: =VLOOKUP(A47,'Paste #BBall'!$A$204:$C$233,3,) -> 3 | D47: =VLOOKUP(A47,'Paste #BBall'!$A$204:$B$233,2,) -> 2 | E47: =SUM(B47:D47) -> 8 | F47: 42 | G47: =IFERROR(__xludf.DUMMYFUNCTION("""COMPUTED_VALUE"""),185.0) -> 185 | H47: =IFERROR(__xludf.DUMMYFUNCTION("""COMPUTED_VALUE"""),"Talen Horton-Tucker") -> Talen Horton-Tucker | I47: =IFERROR(__xludf.DUMMYFUNCTION("""COMPUTED_VALUE"""),80.0) -> 80 | J47: =IFERROR(__xludf.DUMMYFUNCTION("""COMPUTED_VALUE"""),"SG/SF") -> SG/SF | K47: =IFERROR(__xludf.DUMMYFUNCTION("""COMPUTED_VALUE"""),-4.443876960992629) -> -4.443877 | L47: =IFERROR(__xludf.DUMMYFUNCTION("""COMPUTED_VALUE"""),-4.2365696732939675) -> -4.2365697 | M47: =IFERROR(__xludf.DUMMYFUNCTION("""COMPUTED_VALUE"""),0.20730728769866147) -> 0.20730729 | N47: =IFERROR(__xludf.DUMMYFUNCTION("""COMPUTED_VALUE"""),10.1) -> 10.1 | O47: =IFERROR(__xludf.DUMMYFUNCTION("""COMPUTED_VALUE"""),0.8) -> 0.8 | P47: =IFERROR(__xludf.DUMMYFUNCTION("""COMPUTED_VALUE"""),3.3) -> 3.3 | Q47: =IFERROR(__xludf.DUMMYFUNCTION("""COMPUTED_VALUE"""),2.8) -> 2.8 | R47: =IFERROR(__xludf.DUMMYFUNCTION("""COMPUTED_VALUE"""),1.0) -> 1 | S47: =IFERROR(__xludf.DUMMYFUNCTION("""COMPUTED_VALUE"""),0.5) -> 0.5 | T47: =IFERROR(__xludf.DUMMYFUNCTION("""COMPUTED_VALUE"""),43.18181818181818) -> 43.181818 | U47: =IFERROR(__xludf.DUMMYFUNCTION("""COMPUTED_VALUE"""),80.95238095238095) -> 80.952381 | V47: =IFERROR(__xludf.DUMMYFUNCTION("""COMPUTED_VALUE"""),1.4) -> 1.4 | W47: =IFERROR(__xludf.DUMMYFUNCTION("""COMPUTED_VALUE"""),-1.824855445019282) -> -1.8248554 | X47: =IFERROR(__xludf.DUMMYFUNCTION("""COMPUTED_VALUE"""),-0.8133866723549998) -> -0.81338667 | Y47: =IFERROR(__xludf.DUMMYFUNCTION("""COMPUTED_VALUE"""),-1.1325922658823022) -> -1.1325923 | Z47: =IFERROR(__xludf.DUMMYFUNCTION("""COMPUTED_VALUE"""),-0.514772936450866) -> -0.51477294 | AA47: =IFERROR(__xludf.DUMMYFUNCTION("""COMPUTED_VALUE"""),-0.01646173928609459) -> -0.016461739 | AB47: =IFERROR(__xludf.DUMMYFUNCTION("""COMPUTED_VALUE"""),0.0) -> 0 | AC47: =IFERROR(__xludf.DUMMYFUNCTION("""COMPUTED_VALUE"""),0.0) -> 0 | AD47: =IFERROR(__xludf.DUMMYFUNCTION("""COMPUTED_VALUE"""),0.0654993856995771) -> 0.065499386 | AE47: =IFERROR(__xludf.DUMMYFUNCTION("""COMPUTED_VALUE"""),0.0) -> 0
A48: =IF(VLOOKUP(H48,'Paste #BBall'!$C$2:$Q$201,3,)="BRO","BKN",IF(VLOOKUP(H48,'Paste #BBall'!$C$2:$Q$201,3,)="OKL","OKC",VLOOKUP(H48,'Paste #BBall'!$C$2:$Q$201,3,))) -> OKC | B48: =VLOOKUP(A48,'Paste #BBall'!$A$204:$D$233,4,) -> 4 | C48: =VLOOKUP(A48,'Paste #BBall'!$A$204:$C$233,3,) -> 4 | D48: =VLOOKUP(A48,'Paste #BBall'!$A$204:$B$233,2,) -> 3 | E48: =SUM(B48:D48) -> 11 | F48: 43 | G48: =IFERROR(__xludf.DUMMYFUNCTION("""COMPUTED_VALUE"""),155.0) -> 155 | H48: =IFERROR(__xludf.DUMMYFUNCTION("""COMPUTED_VALUE"""),"Darius Bazley") -> Darius Bazley | I48: =IFERROR(__xludf.DUMMYFUNCTION("""COMPUTED_VALUE"""),70.0) -> 70 | J48: =IFERROR(__xludf.DUMMYFUNCTION("""COMPUTED_VALUE"""),"SF/PF") -> SF/PF | K48: =IFERROR(__xludf.DUMMYFUNCTION("""COMPUTED_VALUE"""),-3.690717167703932) -> -3.6907172 | L48: =IFERROR(__xludf.DUMMYFUNCTION("""COMPUTED_VALUE"""),-4.243719493918171) -> -4.2437195 | M48: =IFERROR(__xludf.DUMMYFUNCTION("""COMPUTED_VALUE"""),-0.553002326214239) -> -0.55300233 | N48: =IFERROR(__xludf.DUMMYFUNCTION("""COMPUTED_VALUE"""),11.2) -> 11.2 | O48: =IFERROR(__xludf.DUMMYFUNCTION("""COMPUTED_VALUE"""),1.2) -> 1.2 | P48: =IFERROR(__xludf.DUMMYFUNCTION("""COMPUTED_VALUE"""),6.5) -> 6.5 | Q48: =IFERROR(__xludf.DUMMYFUNCTION("""COMPUTED_VALUE"""),1.4) -> 1.4 | R48: =IFERROR(__xludf.DUMMYFUNCTION("""COMPUTED_VALUE"""),0.8) -> 0.8 | S48: =IFERROR(__xludf.DUMMYFUNCTION("""COMPUTED_VALUE"""),1.0) -> 1 | T48: =IFERROR(__xludf.DUMMYFUNCTION("""COMPUTED_VALUE"""),42.70833333333333) -> 42.708333 | U48: =IFERROR(__xludf.DUMMYFUNCTION("""COMPUTED_VALUE"""),70.83333333333334) -> 70.833333 | V48: =IFERROR(__xludf.DUMMYFUNCTION("""COMPUTED_VALUE"""),1.3) -> 1.3 | W48: =IFERROR(__xludf.DUMMYFUNCTION("""COMPUTED_VALUE"""),-1.5319421089712355) -> -1.5319421 | X48: =IFERROR(__xludf.DUMMYFUNCTION("""COMPUTED_VALUE"""),-0.41340444733554466) -> -0.41340445 | Y48: =IFERROR(__xludf.DUMMYFUNCTION("""COMPUTED_VALUE"""),0.1736970238435859) -> 0.17369702 | Z48: =IFERROR(__xludf.DUMMYFUNCTION("""COMPUTED_VALUE"""),-1.313743431567314) -> -1.3137434 | AA48: =IFERROR(__xludf.DUMMYFUNCTION("""COMPUTED_VALUE"""),-0.8340614571621854) -> -0.83406146 | AB48: =IFERROR(__xludf.DUMMYFUNCTION("""COMPUTED_VALUE"""),0.0) -> 0 | AC48: =IFERROR(__xludf.DUMMYFUNCTION("""COMPUTED_VALUE"""),0.0) -> 0 | AD48: =IFERROR(__xludf.DUMMYFUNCTION("""COMPUTED_VALUE"""),-0.3242650727254767) -> -0.32426507 | AE48: =IFERROR(__xludf.DUMMYFUNCTION("""COMPUTED_VALUE"""),0.0) -> 0
A49: =IF(VLOOKUP(H49,'Paste #BBall'!$C$2:$Q$201,3,)="BRO","BKN",IF(VLOOKUP(H49,'Paste #BBall'!$C$2:$Q$201,3,)="OKL","OKC",VLOOKUP(H49,'Paste #BBall'!$C$2:$Q$201,3,))) -> DEN | B49: =VLOOKUP(A49,'Paste #BBall'!$A$204:$D$233,4,) -> 2 | C49: =VLOOKUP(A49,'Paste #BBall'!$A$204:$C$233,3,) -> 4 | D49: =VLOOKUP(A49,'Paste #BBall'!$A$204:$B$233,2,) -> 4 | E49: =SUM(B49:D49) -> 10 | F49: 44 | G49: =IFERROR(__xludf.DUMMYFUNCTION("""COMPUTED_VALUE"""),142.0) -> 142 | H49: =IFERROR(__xludf.DUMMYFUNCTION("""COMPUTED_VALUE"""),"Bruce Brown") -> Bruce Brown | I49: =IFERROR(__xludf.DUMMYFUNCTION("""COMPUTED_VALUE"""),60.0) -> 60 | J49: =IFERROR(__xludf.DUMMYFUNCTION("""COMPUTED_VALUE"""),"SG") -> SG | K49: =IFERROR(__xludf.DUMMYFUNCTION("""COMPUTED_VALUE"""),-3.268435312981288) -> -3.2684353 | L49: =IFERROR(__xludf.DUMMYFUNCTION("""COMPUTED_VALUE"""),-4.311099961626536) -> -4.3111 | M49: =IFERROR(__xludf.DUMMYFUNCTION("""COMPUTED_VALUE"""),-1.042664648645248) -> -1.0426646 | N49: =IFERROR(__xludf.DUMMYFUNCTION("""COMPUTED_VALUE"""),9.0) -> 9 | O49: =IFERROR(__xludf.DUMMYFUNCTION("""COMPUTED_VALUE"""),0.5) -> 0.5 | P49: =IFERROR(__xludf.DUMMYFUNCTION("""COMPUTED_VALUE"""),4.8) -> 4.8 | Q49: =IFERROR(__xludf.DUMMYFUNCTION("""COMPUTED_VALUE"""),2.1) -> 2.1 | R49: =IFERROR(__xludf.DUMMYFUNCTION("""COMPUTED_VALUE"""),1.1) -> 1.1 | S49: =IFERROR(__xludf.DUMMYFUNCTION("""COMPUTED_VALUE"""),0.7) -> 0.7 | T49: =IFERROR(__xludf.DUMMYFUNCTION("""COMPUTED_VALUE"""),52.17391304347826) -> 52.173913 | U49: =IFERROR(__xludf.DUMMYFUNCTION("""COMPUTED_VALUE"""),77.77777777777777) -> 77.777778 | V49: =IFERROR(__xludf.DUMMYFUNCTION("""COMPUTED_VALUE"""),0.8) -> 0.8 | W49: =IFERROR(__xludf.DUMMYFUNCTION("""COMPUTED_VALUE"""),-2.117768781067329) -> -2.1177688 | X49: =IFERROR(__xludf.DUMMYFUNCTION("""COMPUTED_VALUE"""),-1.1133733411195912) -> -1.1133733 | Y49: =IFERROR(__xludf.DUMMYFUNCTION("""COMPUTED_VALUE"""),-0.5202691613232922) -> -0.52026916 | Z49: =IFERROR(__xludf.DUMMYFUNCTION("""COMPUTED_VALUE"""),-0.91425818400909) -> -0.91425818 | AA49: =IFERROR(__xludf.DUMMYFUNCTION("""COMPUTED_VALUE"""),0.39233811965195126) -> 0.39233812 | AB49: =IFERROR(__xludf.DUMMYFUNCTION("""COMPUTED_VALUE"""),0.0) -> 0 | AC49: =IFERROR(__xludf.DUMMYFUNCTION("""COMPUTED_VALUE"""),0.0) -> 0 | AD49: =IFERROR(__xludf.DUMMYFUNCTION("""COMPUTED_VALUE"""),-0.0377686137591846) -> -0.037768614 | AE49: =IFERROR(__xludf.DUMMYFUNCTION("""COMPUTED_VALUE"""),0.0) -> 0
A50: =IF(VLOOKUP(H50,'Paste #BBall'!$C$2:$Q$201,3,)="BRO","BKN",IF(VLOOKUP(H50,'Paste #BBall'!$C$2:$Q$201,3,)="OKL","OKC",VLOOKUP(H50,'Paste #BBall'!$C$2:$Q$201,3,))) -> NYK | B50: =VLOOKUP(A50,'Paste #BBall'!$A$204:$D$233,4,) -> 3 | C50: =VLOOKUP(A50,'Paste #BBall'!$A$204:$C$233,3,) -> 4 | D50: =VLOOKUP(A50,'Paste #BBall'!$A$204:$B$233,2,) -> 2 | E50: =SUM(B50:D50) -> 9 | F50: 45 | G50: =IFERROR(__xludf.DUMMYFUNCTION("""COMPUTED_VALUE"""),177.0) -> 177 | H50: =IFERROR(__xludf.DUMMYFUNCTION("""COMPUTED_VALUE"""),"Derrick Rose") -> Derrick Rose | I50: =IFERROR(__xludf.DUMMYFUNCTION("""COMPUTED_VALUE"""),70.0) -> 70 | J50: =IFERROR(__xludf.DUMMYFUNCTION("""COMPUTED_VALUE"""),"PG") -> PG | K50: =IFERROR(__xludf.DUMMYFUNCTION("""COMPUTED_VALUE"""),-4.207808493872338) -> -4.2078085 | L50: =IFERROR(__xludf.DUMMYFUNCTION("""COMPUTED_VALUE"""),-4.4083667719402255) -> -4.4083668 | M50: =IFERROR(__xludf.DUMMYFUNCTION("""COMPUTED_VALUE"""),-0.20055827806788784) -> -0.20055828 | N50: =IFERROR(__xludf.DUMMYFUNCTION("""COMPUTED_VALUE"""),10.7) -> 10.7 | O50: =IFERROR(__xludf.DUMMYFUNCTION("""COMPUTED_VALUE"""),1.3) -> 1.3 | P50: =IFERROR(__xludf.DUMMYFUNCTION("""COMPUTED_VALUE"""),2.7) -> 2.7 | Q50: =IFERROR(__xludf.DUMMYFUNCTION("""COMPUTED_VALUE"""),3.6) -> 3.6 | R50: =IFERROR(__xludf.DUMMYFUNCTION("""COMPUTED_VALUE"""),0.7) -> 0.7 | S50: =IFERROR(__xludf.DUMMYFUNCTION("""COMPUTED_VALUE"""),0.5) -> 0.5 | T50: =IFERROR(__xludf.DUMMYFUNCTION("""COMPUTED_VALUE"""),44.680851063829785) -> 44.680851 | U50: =IFERROR(__xludf.DUMMYFUNCTION("""COMPUTED_VALUE"""),91.66666666666667) -> 91.666667 | V50: =IFERROR(__xludf.DUMMYFUNCTION("""COMPUTED_VALUE"""),1.3) -> 1.3 | W50: =IFERROR(__xludf.DUMMYFUNCTION("""COMPUTED_VALUE"""),-1.6650845344476204) -> -1.6650845 | X50: =IFERROR(__xludf.DUMMYFUNCTION("""COMPUTED_VALUE"""),-0.31340889108068076) -> -0.31340889 | Y50: =IFERROR(__xludf.DUMMYFUNCTION("""COMPUTED_VALUE"""),-1.377521507705906) -> -1.3775215 | Z50: =IFERROR(__xludf.DUMMYFUNCTION("""COMPUTED_VALUE"""),-0.058218367812895515) -> -0.058218368 | AA50: =IFERROR(__xludf.DUMMYFUNCTION("""COMPUTED_VALUE"""),-1.2428613161002313) -> -1.2428613 | AB50: =IFERROR(__xludf.DUMMYFUNCTION("""COMPUTED_VALUE"""),0.0) -> 0 | AC50: =IFERROR(__xludf.DUMMYFUNCTION("""COMPUTED_VALUE"""),0.0) -> 0 | AD50: =IFERROR(__xludf.DUMMYFUNCTION("""COMPUTED_VALUE"""),0.24872784520710842) -> 0.24872785 | AE50: =IFERROR(__xludf.DUMMYFUNCTION("""COMPUTED_VALUE"""),0.0) -> 0
A51: =IF(VLOOKUP(H51,'Paste #BBall'!$C$2:$Q$201,3,)="BRO","BKN",IF(VLOOKUP(H51,'Paste #BBall'!$C$2:$Q$201,3,)="OKL","OKC",VLOOKUP(H51,'Paste #BBall'!$C$2:$Q$201,3,))) -> MIN | B51: =VLOOKUP(A51,'Paste #BBall'!$A$204:$D$233,4,) -> 3 | C51: =VLOOKUP(A51,'Paste #BBall'!$A$204:$C$233,3,) -> 2 | D51: =VLOOKUP(A51,'Paste #BBall'!$A$204:$B$233,2,) -> 4 | E51: =SUM(B51:D51) -> 9 | F51: 46 | G51: =IFERROR(__xludf.DUMMYFUNCTION("""COMPUTED_VALUE"""),178.0) -> 178 | H51: =IFERROR(__xludf.DUMMYFUNCTION("""COMPUTED_VALUE"""),"Kyle Anderson") -> Kyle Anderson | I51: =IFERROR(__xludf.DUMMYFUNCTION("""COMPUTED_VALUE"""),72.0) -> 72 | J51: =IFERROR(__xludf.DUMMYFUNCTION("""COMPUTED_VALUE"""),"SF/PF") -> SF/PF | K51: =IFERROR(__xludf.DUMMYFUNCTION("""COMPUTED_VALUE"""),-4.231513943777578) -> -4.2315139 | L51: =IFERROR(__xludf.DUMMYFUNCTION("""COMPUTED_VALUE"""),-4.431615762144243) -> -4.4316158 | M51: =IFERROR(__xludf.DUMMYFUNCTION("""COMPUTED_VALUE"""),-0.2001018183666643) -> -0.20010182 | N51: =IFERROR(__xludf.DUMMYFUNCTION("""COMPUTED_VALUE"""),7.5) -> 7.5 | O51: =IFERROR(__xludf.DUMMYFUNCTION("""COMPUTED_VALUE"""),0.5) -> 0.5 | P51: =IFERROR(__xludf.DUMMYFUNCTION("""COMPUTED_VALUE"""),5.3) -> 5.3 | Q51: =IFERROR(__xludf.DUMMYFUNCTION("""COMPUTED_VALUE"""),2.7) -> 2.7 | R51: =IFERROR(__xludf.DUMMYFUNCTION("""COMPUTED_VALUE"""),1.1) -> 1.1 | S51: =IFERROR(__xludf.DUMMYFUNCTION("""COMPUTED_VALUE"""),0.7) -> 0.7 | T51: =IFERROR(__xludf.DUMMYFUNCTION("""COMPUTED_VALUE"""),44.11764705882353) -> 44.117647 | U51: =IFERROR(__xludf.DUMMYFUNCTION("""COMPUTED_VALUE"""),66.66666666666666) -> 66.666667 | V51: =IFERROR(__xludf.DUMMYFUNCTION("""COMPUTED_VALUE"""),1.0) -> 1 | W51: =IFERROR(__xludf.DUMMYFUNCTION("""COMPUTED_VALUE"""),-2.5171960574964833) -> -2.5171961 | X51: =IFERROR(__xludf.DUMMYFUNCTION("""COMPUTED_VALUE"""),-1.1133733411195912) -> -1.1133733 | Y51: =IFERROR(__xludf.DUMMYFUNCTION("""COMPUTED_VALUE"""),-0.3161614598036222) -> -0.31616146 | Z51: =IFERROR(__xludf.DUMMYFUNCTION("""COMPUTED_VALUE"""),-0.5718422575306121) -> -0.57184226 | AA51: =IFERROR(__xludf.DUMMYFUNCTION("""COMPUTED_VALUE"""),0.39233811965195126) -> 0.39233812 | AB51: =IFERROR(__xludf.DUMMYFUNCTION("""COMPUTED_VALUE"""),0.0) -> 0 | AC51: =IFERROR(__xludf.DUMMYFUNCTION("""COMPUTED_VALUE"""),0.0) -> 0 | AD51: =IFERROR(__xludf.DUMMYFUNCTION("""COMPUTED_VALUE"""),-0.3053807658458848) -> -0.30538077 | AE51: =IFERROR(__xludf.DUMMYFUNCTION("""COMPUTED_VALUE"""),0.0) -> 0
A52: =IF(VLOOKUP(H52,'Paste #BBall'!$C$2:$Q$201,3,)="BRO","BKN",IF(VLOOKUP(H52,'Paste #BBall'!$C$2:$Q$201,3,)="OKL","OKC",VLOOKUP(H52,'Paste #BBall'!$C$2:$Q$201,3,))) -> PHI | B52: =VLOOKUP(A52,'Paste #BBall'!$A$204:$D$233,4,) -> 3 | C52: =VLOOKUP(A52,'Paste #BBall'!$A$204:$C$233,3,) -> 4 | D52: =VLOOKUP(A52,'Paste #BBall'!$A$204:$B$233,2,) -> 3 | E52: =SUM(B52:D52) -> 10 | F52: 47 | G52: =IFERROR(__xludf.DUMMYFUNCTION("""COMPUTED_VALUE"""),123.0) -> 123 | H52: =IFERROR(__xludf.DUMMYFUNCTION("""COMPUTED_VALUE"""),"Matisse Thybulle") -> Matisse Thybulle | I52: =IFERROR(__xludf.DUMMYFUNCTION("""COMPUTED_VALUE"""),60.0) -> 60 | J52: =IFERROR(__xludf.DUMMYFUNCTION("""COMPUTED_VALUE"""),"PG/SG") -> PG/SG | K52: =IFERROR(__xludf.DUMMYFUNCTION("""COMPUTED_VALUE"""),-2.6598152798889014) -> -2.6598153 | L52: =IFERROR(__xludf.DUMMYFUNCTION("""COMPUTED_VALUE"""),-4.4571208209177655) -> -4.4571208 | M52: =IFERROR(__xludf.DUMMYFUNCTION("""COMPUTED_VALUE"""),-1.797305541028864) -> -1.7973055 | N52: =IFERROR(__xludf.DUMMYFUNCTION("""COMPUTED_VALUE"""),5.7) -> 5.7 | O52: =IFERROR(__xludf.DUMMYFUNCTION("""COMPUTED_VALUE"""),0.7) -> 0.7 | P52: =IFERROR(__xludf.DUMMYFUNCTION("""COMPUTED_VALUE"""),2.3) -> 2.3 | Q52: =IFERROR(__xludf.DUMMYFUNCTION("""COMPUTED_VALUE"""),1.1) -> 1.1 | R52: =IFERROR(__xludf.DUMMYFUNCTION("""COMPUTED_VALUE"""),1.6) -> 1.6 | S52: =IFERROR(__xludf.DUMMYFUNCTION("""COMPUTED_VALUE"""),1.1) -> 1.1 | T52: =IFERROR(__xludf.DUMMYFUNCTION("""COMPUTED_VALUE"""),51.11111111111111) -> 51.111111 | U52: =IFERROR(__xludf.DUMMYFUNCTION("""COMPUTED_VALUE"""),83.33333333333334) -> 83.333333 | V52: =IFERROR(__xludf.DUMMYFUNCTION("""COMPUTED_VALUE"""),0.6) -> 0.6 | W52: =IFERROR(__xludf.DUMMYFUNCTION("""COMPUTED_VALUE"""),-2.9965087892114695) -> -2.9965088 | X52: =IFERROR(__xludf.DUMMYFUNCTION("""COMPUTED_VALUE"""),-0.9133822286098637) -> -0.91338223 | Y52: =IFERROR(__xludf.DUMMYFUNCTION("""COMPUTED_VALUE"""),-1.5408076689216421) -> -1.5408077 | Z52: =IFERROR(__xludf.DUMMYFUNCTION("""COMPUTED_VALUE"""),-1.484951394806553) -> -1.4849514 | AA52: =IFERROR(__xludf.DUMMYFUNCTION("""COMPUTED_VALUE"""),2.4363374143421788) -> 2.4363374 | AB52: =IFERROR(__xludf.DUMMYFUNCTION("""COMPUTED_VALUE"""),0.0) -> 0 | AC52: =IFERROR(__xludf.DUMMYFUNCTION("""COMPUTED_VALUE"""),0.0) -> 0 | AD52: =IFERROR(__xludf.DUMMYFUNCTION("""COMPUTED_VALUE"""),0.04219184628958482) -> 0.042191846 | AE52: =IFERROR(__xludf.DUMMYFUNCTION("""COMPUTED_VALUE"""),0.0) -> 0
A53: =IF(VLOOKUP(H53,'Paste #BBall'!$C$2:$Q$201,3,)="BRO","BKN",IF(VLOOKUP(H53,'Paste #BBall'!$C$2:$Q$201,3,)="OKL","OKC",VLOOKUP(H53,'Paste #BBall'!$C$2:$Q$201,3,))) -> PHI | B53: =VLOOKUP(A53,'Paste #BBall'!$A$204:$D$233,4,) -> 3 | C53: =VLOOKUP(A53,'Paste #BBall'!$A$204:$C$233,3,) -> 4 | D53: =VLOOKUP(A53,'Paste #BBall'!$A$204:$B$233,2,) -> 3 | E53: =SUM(B53:D53) -> 10 | F53: 48 | G53: =IFERROR(__xludf.DUMMYFUNCTION("""COMPUTED_VALUE"""),152.0) -> 152 | H53: =IFERROR(__xludf.DUMMYFUNCTION("""COMPUTED_VALUE"""),"Paul Reed") -> Paul Reed | I53: =IFERROR(__xludf.DUMMYFUNCTION("""COMPUTED_VALUE"""),69.0) -> 69 | J53: =IFERROR(__xludf.DUMMYFUNCTION("""COMPUTED_VALUE"""),"PF") -> PF | K53: =IFERROR(__xludf.DUMMYFUNCTION("""COMPUTED_VALUE"""),-3.6424822096561114) -> -3.6424822 | L53: =IFERROR(__xludf.DUMMYFUNCTION("""COMPUTED_VALUE"""),-4.608196123689421) -> -4.6081961 | M53: =IFERROR(__xludf.DUMMYFUNCTION("""COMPUTED_VALUE"""),-0.9657139140333095) -> -0.96571391 | N53: =IFERROR(__xludf.DUMMYFUNCTION("""COMPUTED_VALUE"""),5.6) -> 5.6 | O53: =IFERROR(__xludf.DUMMYFUNCTION("""COMPUTED_VALUE"""),0.2) -> 0.2 | P53: =IFERROR(__xludf.DUMMYFUNCTION("""COMPUTED_VALUE"""),4.5) -> 4.5 | Q53: =IFERROR(__xludf.DUMMYFUNCTION("""COMPUTED_VALUE"""),0.7) -> 0.7 | R53: =IFERROR(__xludf.DUMMYFUNCTION("""COMPUTED_VALUE"""),1.6) -> 1.6 | S53: =IFERROR(__xludf.DUMMYFUNCTION("""COMPUTED_VALUE"""),0.7) -> 0.7 | T53: =IFERROR(__xludf.DUMMYFUNCTION("""COMPUTED_VALUE"""),55.55555555555556) -> 55.555556 | U53: =IFERROR(__xludf.DUMMYFUNCTION("""COMPUTED_VALUE"""),57.14285714285715) -> 57.142857 | V53: =IFERROR(__xludf.DUMMYFUNCTION("""COMPUTED_VALUE"""),0.5) -> 0.5 | W53: =IFERROR(__xludf.DUMMYFUNCTION("""COMPUTED_VALUE"""),-3.023137274306746) -> -3.0231373 | X53: =IFERROR(__xludf.DUMMYFUNCTION("""COMPUTED_VALUE"""),-1.4133600098841828) -> -1.41336 | Y53: =IFERROR(__xludf.DUMMYFUNCTION("""COMPUTED_VALUE"""),-0.6427337822350941) -> -0.64273378 | Z53: =IFERROR(__xludf.DUMMYFUNCTION("""COMPUTED_VALUE"""),-1.7132286791255382) -> -1.7132287 | AA53: =IFERROR(__xludf.DUMMYFUNCTION("""COMPUTED_VALUE"""),2.4363374143421788) -> 2.4363374 | AB53: =IFERROR(__xludf.DUMMYFUNCTION("""COMPUTED_VALUE"""),0.0) -> 0 | AC53: =IFERROR(__xludf.DUMMYFUNCTION("""COMPUTED_VALUE"""),0.0) -> 0 | AD53: =IFERROR(__xludf.DUMMYFUNCTION("""COMPUTED_VALUE"""),-0.2520737924800385) -> -0.25207379 | AE53: =IFERROR(__xludf.DUMMYFUNCTION("""COMPUTED_VALUE"""),0.0) -> 0
A54: =IF(VLOOKUP(H54,'Paste #BBall'!$C$2:$Q$201,3,)="BRO","BKN",IF(VLOOKUP(H54,'Paste #BBall'!$C$2:$Q$201,3,)="OKL","OKC",VLOOKUP(H54,'Paste #BBall'!$C$2:$Q$201,3,))) -> BKN | B54: =VLOOKUP(A54,'Paste #BBall'!$A$204:$D$233,4,) -> 4 | C54: =VLOOKUP(A54,'Paste #BBall'!$A$204:$C$233,3,) -> 4 | D54: =VLOOKUP(A54,'Paste #BBall'!$A$204:$B$233,2,) -> 3 | E54: =SUM(B54:D54) -> 11 | F54: 49 | G54: =IFERROR(__xludf.DUMMYFUNCTION("""COMPUTED_VALUE"""),186.0) -> 186 | H54: =IFERROR(__xludf.DUMMYFUNCTION("""COMPUTED_VALUE"""),"Royce O'Neale") -> Royce O'Neale | I54: =IFERROR(__xludf.DUMMYFUNCTION("""COMPUTED_VALUE"""),60.0) -> 60 | J54: =IFERROR(__xludf.DUMMYFUNCTION("""COMPUTED_VALUE"""),"SF/PF") -> SF/PF | K54: =IFERROR(__xludf.DUMMYFUNCTION("""COMPUTED_VALUE"""),-4.583286013078305) -> -4.583286 | L54: =IFERROR(__xludf.DUMMYFUNCTION("""COMPUTED_VALUE"""),-4.696844403394227) -> -4.6968444 | M54: =IFERROR(__xludf.DUMMYFUNCTION("""COMPUTED_VALUE"""),-0.11355839031592208) -> -0.11355839 | N54: =IFERROR(__xludf.DUMMYFUNCTION("""COMPUTED_VALUE"""),6.6) -> 6.6 | O54: =IFERROR(__xludf.DUMMYFUNCTION("""COMPUTED_VALUE"""),1.4) -> 1.4 | P54: =IFERROR(__xludf.DUMMYFUNCTION("""COMPUTED_VALUE"""),4.2) -> 4.2 | Q54: =IFERROR(__xludf.DUMMYFUNCTION("""COMPUTED_VALUE"""),2.2) -> 2.2 | R54: =IFERROR(__xludf.DUMMYFUNCTION("""COMPUTED_VALUE"""),1.0) -> 1 | S54: =IFERROR(__xludf.DUMMYFUNCTION("""COMPUTED_VALUE"""),0.4) -> 0.4 | T54: =IFERROR(__xludf.DUMMYFUNCTION("""COMPUTED_VALUE"""),44.230769230769226) -> 44.230769 | U54: =IFERROR(__xludf.DUMMYFUNCTION("""COMPUTED_VALUE"""),71.42857142857143) -> 71.428571 | V54: =IFERROR(__xludf.DUMMYFUNCTION("""COMPUTED_VALUE"""),0.9) -> 0.9 | W54: =IFERROR(__xludf.DUMMYFUNCTION("""COMPUTED_VALUE"""),-2.756852423353976) -> -2.7568524 | X54: =IFERROR(__xludf.DUMMYFUNCTION("""COMPUTED_VALUE"""),-0.2134133348258171) -> -0.21341333 | Y54: =IFERROR(__xludf.DUMMYFUNCTION("""COMPUTED_VALUE"""),-0.765198403146896) -> -0.7651984 | Z54: =IFERROR(__xludf.DUMMYFUNCTION("""COMPUTED_VALUE"""),-0.8571888629293436) -> -0.85718886 | AA54: =IFERROR(__xludf.DUMMYFUNCTION("""COMPUTED_VALUE"""),-0.01646173928609459) -> -0.016461739 | AB54: =IFERROR(__xludf.DUMMYFUNCTION("""COMPUTED_VALUE"""),0.0) -> 0 | AC54: =IFERROR(__xludf.DUMMYFUNCTION("""COMPUTED_VALUE"""),0.0) -> 0 | AD54: =IFERROR(__xludf.DUMMYFUNCTION("""COMPUTED_VALUE"""),-0.08772963985209994) -> -0.08772964 | AE54: =IFERROR(__xludf.DUMMYFUNCTION("""COMPUTED_VALUE"""),0.0) -> 0
A55: =IF(VLOOKUP(H55,'Paste #BBall'!$C$2:$Q$201,3,)="BRO","BKN",IF(VLOOKUP(H55,'Paste #BBall'!$C$2:$Q$201,3,)="OKL","OKC",VLOOKUP(H55,'Paste #BBall'!$C$2:$Q$201,3,))) -> WAS | B55: =VLOOKUP(A55,'Paste #BBall'!$A$204:$D$233,4,) -> 3 | C55: =VLOOKUP(A55,'Paste #BBall'!$A$204:$C$233,3,) -> 4 | D55: =VLOOKUP(A55,'Paste #BBall'!$A$204:$B$233,2,) -> 3 | E55: =SUM(B55:D55) -> 10 | F55: 50 | G55: =IFERROR(__xludf.DUMMYFUNCTION("""COMPUTED_VALUE"""),187.0) -> 187 | H55: =IFERROR(__xludf.DUMMYFUNCTION("""COMPUTED_VALUE"""),"Deni Avdija") -> Deni Avdija | I55: =IFERROR(__xludf.DUMMYFUNCTION("""COMPUTED_VALUE"""),72.0) -> 72 | J55: =IFERROR(__xludf.DUMMYFUNCTION("""COMPUTED_VALUE"""),"SF/PF") -> SF/PF | K55: =IFERROR(__xludf.DUMMYFUNCTION("""COMPUTED_VALUE"""),-4.63979458430623) -> -4.6397946 | L55: =IFERROR(__xludf.DUMMYFUNCTION("""COMPUTED_VALUE"""),-4.708487925723021) -> -4.7084879 | M55: =IFERROR(__xludf.DUMMYFUNCTION("""COMPUTED_VALUE"""),-0.06869334141679051) -> -0.068693341 | N55: =IFERROR(__xludf.DUMMYFUNCTION("""COMPUTED_VALUE"""),10.1) -> 10.1 | O55: =IFERROR(__xludf.DUMMYFUNCTION("""COMPUTED_VALUE"""),1.2) -> 1.2 | P55: =IFERROR(__xludf.DUMMYFUNCTION("""COMPUTED_VALUE"""),5.4) -> 5.4 | Q55: =IFERROR(__xludf.DUMMYFUNCTION("""COMPUTED_VALUE"""),2.1) -> 2.1 | R55: =IFERROR(__xludf.DUMMYFUNCTION("""COMPUTED_VALUE"""),0.7) -> 0.7 | S55: =IFERROR(__xludf.DUMMYFUNCTION("""COMPUTED_VALUE"""),0.5) -> 0.5 | T55: =IFERROR(__xludf.DUMMYFUNCTION("""COMPUTED_VALUE"""),43.529411764705884) -> 43.529412 | U55: =IFERROR(__xludf.DUMMYFUNCTION("""COMPUTED_VALUE"""),77.77777777777777) -> 77.777778 | V55: =IFERROR(__xludf.DUMMYFUNCTION("""COMPUTED_VALUE"""),1.2) -> 1.2 | W55: =IFERROR(__xludf.DUMMYFUNCTION("""COMPUTED_VALUE"""),-1.824855445019282) -> -1.8248554 | X55: =IFERROR(__xludf.DUMMYFUNCTION("""COMPUTED_VALUE"""),-0.41340444733554466) -> -0.41340445 | Y55: =IFERROR(__xludf.DUMMYFUNCTION("""COMPUTED_VALUE"""),-0.27533991949968795) -> -0.27533992 | Z55: =IFERROR(__xludf.DUMMYFUNCTION("""COMPUTED_VALUE"""),-0.91425818400909) -> -0.91425818 | AA55: =IFERROR(__xludf.DUMMYFUNCTION("""COMPUTED_VALUE"""),-1.2428613161002313) -> -1.2428613 | AB55: =IFERROR(__xludf.DUMMYFUNCTION("""COMPUTED_VALUE"""),0.0) -> 0 | AC55: =IFERROR(__xludf.DUMMYFUNCTION("""COMPUTED_VALUE"""),0.0) -> 0 | AD55: =IFERROR(__xludf.DUMMYFUNCTION("""COMPUTED_VALUE"""),-0.0377686137591846) -> -0.037768614 | AE55: =IFERROR(__xludf.DUMMYFUNCTION("""COMPUTED_VALUE"""),0.0) -> 0
A56: =IF(VLOOKUP(H56,'Paste #BBall'!$C$2:$Q$201,3,)="BRO","BKN",IF(VLOOKUP(H56,'Paste #BBall'!$C$2:$Q$201,3,)="OKL","OKC",VLOOKUP(H56,'Paste #BBall'!$C$2:$Q$201,3,))) -> MIN | B56: =VLOOKUP(A56,'Paste #BBall'!$A$204:$D$233,4,) -> 3 | C56: =VLOOKUP(A56,'Paste #BBall'!$A$204:$C$233,3,) -> 2 | D56: =VLOOKUP(A56,'Paste #BBall'!$A$204:$B$233,2,) -> 4 | E56: =SUM(B56:D56) -> 9 | F56: 51 | G56: =IFERROR(__xludf.DUMMYFUNCTION("""COMPUTED_VALUE"""),151.0) -> 151 | H56: =IFERROR(__xludf.DUMMYFUNCTION("""COMPUTED_VALUE"""),"Jaden McDaniels") -> Jaden McDaniels | I56: =IFERROR(__xludf.DUMMYFUNCTION("""COMPUTED_VALUE"""),76.0) -> 76 | J56: =IFERROR(__xludf.DUMMYFUNCTION("""COMPUTED_VALUE"""),"SF") -> SF | K56: =IFERROR(__xludf.DUMMYFUNCTION("""COMPUTED_VALUE"""),-3.5921321353011324) -> -3.5921321 | L56: =IFERROR(__xludf.DUMMYFUNCTION("""COMPUTED_VALUE"""),-4.838611852222199) -> -4.8386119 | M56: =IFERROR(__xludf.DUMMYFUNCTION("""COMPUTED_VALUE"""),-1.2464797169210664) -> -1.2464797 | N56: =IFERROR(__xludf.DUMMYFUNCTION("""COMPUTED_VALUE"""),10.8) -> 10.8 | O56: =IFERROR(__xludf.DUMMYFUNCTION("""COMPUTED_VALUE"""),1.3) -> 1.3 | P56: =IFERROR(__xludf.DUMMYFUNCTION("""COMPUTED_VALUE"""),4.6) -> 4.6 | Q56: =IFERROR(__xludf.DUMMYFUNCTION("""COMPUTED_VALUE"""),1.3) -> 1.3 | R56: =IFERROR(__xludf.DUMMYFUNCTION("""COMPUTED_VALUE"""),0.8) -> 0.8 | S56: =IFERROR(__xludf.DUMMYFUNCTION("""COMPUTED_VALUE"""),1.0) -> 1 | T56: =IFERROR(__xludf.DUMMYFUNCTION("""COMPUTED_VALUE"""),46.23655913978494) -> 46.236559 | U56: =IFERROR(__xludf.DUMMYFUNCTION("""COMPUTED_VALUE"""),75.0) -> 75 | V56: =IFERROR(__xludf.DUMMYFUNCTION("""COMPUTED_VALUE"""),1.3) -> 1.3 | W56: =IFERROR(__xludf.DUMMYFUNCTION("""COMPUTED_VALUE"""),-1.6384560493523432) -> -1.638456 | X56: =IFERROR(__xludf.DUMMYFUNCTION("""COMPUTED_VALUE"""),-0.31340889108068076) -> -0.31340889 | Y56: =IFERROR(__xludf.DUMMYFUNCTION("""COMPUTED_VALUE"""),-0.6019122419311602) -> -0.60191224 | Z56: =IFERROR(__xludf.DUMMYFUNCTION("""COMPUTED_VALUE"""),-1.3708127526470602) -> -1.3708128 | AA56: =IFERROR(__xludf.DUMMYFUNCTION("""COMPUTED_VALUE"""),-0.8340614571621854) -> -0.83406146 | AB56: =IFERROR(__xludf.DUMMYFUNCTION("""COMPUTED_VALUE"""),0.0) -> 0 | AC56: =IFERROR(__xludf.DUMMYFUNCTION("""COMPUTED_VALUE"""),0.0) -> 0 | AD56: =IFERROR(__xludf.DUMMYFUNCTION("""COMPUTED_VALUE"""),-0.0799604600487691) -> -0.07996046 | AE56: =IFERROR(__xludf.DUMMYFUNCTION("""COMPUTED_VALUE"""),0.0) -> 0
A57: =IF(VLOOKUP(H57,'Paste #BBall'!$C$2:$Q$201,3,)="BRO","BKN",IF(VLOOKUP(H57,'Paste #BBall'!$C$2:$Q$201,3,)="OKL","OKC",VLOOKUP(H57,'Paste #BBall'!$C$2:$Q$201,3,))) -> DAL | B57: =VLOOKUP(A57,'Paste #BBall'!$A$204:$D$233,4,) -> 3 | C57: =VLOOKUP(A57,'Paste #BBall'!$A$204:$C$233,3,) -> 3 | D57: =VLOOKUP(A57,'Paste #BBall'!$A$204:$B$233,2,) -> 3 | E57: =SUM(B57:D57) -> 9 | F57: 52 | G57: =IFERROR(__xludf.DUMMYFUNCTION("""COMPUTED_VALUE"""),196.0) -> 196 | H57: =IFERROR(__xludf.DUMMYFUNCTION("""COMPUTED_VALUE"""),"Reggie Bullock") -> Reggie Bullock | I57: =IFERROR(__xludf.DUMMYFUNCTION("""COMPUTED_VALUE"""),70.0) -> 70 | J57: =IFERROR(__xludf.DUMMYFUNCTION("""COMPUTED_VALUE"""),"PG/SG") -> PG/SG | K57: =IFERROR(__xludf.DUMMYFUNCTION("""COMPUTED_VALUE"""),-5.1230163107224564) -> -5.1230163 | L57: =IFERROR(__xludf.DUMMYFUNCTION("""COMPUTED_VALUE"""),-4.912657196568591) -> -4.9126572 | M57: =IFERROR(__xludf.DUMMYFUNCTION("""COMPUTED_VALUE"""),0.21035911415386543) -> 0.21035911 | N57: =IFERROR(__xludf.DUMMYFUNCTION("""COMPUTED_VALUE"""),10.1) -> 10.1 | O57: =IFERROR(__xludf.DUMMYFUNCTION("""COMPUTED_VALUE"""),2.4) -> 2.4 | P57: =IFERROR(__xludf.DUMMYFUNCTION("""COMPUTED_VALUE"""),3.8) -> 3.8 | Q57: =IFERROR(__xludf.DUMMYFUNCTION("""COMPUTED_VALUE"""),1.3) -> 1.3 | R57: =IFERROR(__xludf.DUMMYFUNCTION("""COMPUTED_VALUE"""),0.6) -> 0.6 | S57: =IFERROR(__xludf.DUMMYFUNCTION("""COMPUTED_VALUE"""),0.2) -> 0.2 | T57: =IFERROR(__xludf.DUMMYFUNCTION("""COMPUTED_VALUE"""),43.75) -> 43.75 | U57: =IFERROR(__xludf.DUMMYFUNCTION("""COMPUTED_VALUE"""),85.71428571428572) -> 85.714286 | V57: =IFERROR(__xludf.DUMMYFUNCTION("""COMPUTED_VALUE"""),0.6) -> 0.6 | W57: =IFERROR(__xludf.DUMMYFUNCTION("""COMPUTED_VALUE"""),-1.824855445019282) -> -1.8248554 | X57: =IFERROR(__xludf.DUMMYFUNCTION("""COMPUTED_VALUE"""),0.786542227722821) -> 0.78654223 | Y57: =IFERROR(__xludf.DUMMYFUNCTION("""COMPUTED_VALUE"""),-0.9284845643626322) -> -0.92848456 | Z57: =IFERROR(__xludf.DUMMYFUNCTION("""COMPUTED_VALUE"""),-1.3708127526470602) -> -1.3708128 | AA57: =IFERROR(__xludf.DUMMYFUNCTION("""COMPUTED_VALUE"""),-1.6516611750382768) -> -1.6516612 | AB57: =IFERROR(__xludf.DUMMYFUNCTION("""COMPUTED_VALUE"""),0.0) -> 0 | AC57: =IFERROR(__xludf.DUMMYFUNCTION("""COMPUTED_VALUE"""),0.0) -> 0 | AD57: =IFERROR(__xludf.DUMMYFUNCTION("""COMPUTED_VALUE"""),0.07661451277583878) -> 0.076614513 | AE57: =IFERROR(__xludf.DUMMYFUNCTION("""COMPUTED_VALUE"""),0.0) -> 0
A58: =IF(VLOOKUP(H58,'Paste #BBall'!$C$2:$Q$201,3,)="BRO","BKN",IF(VLOOKUP(H58,'Paste #BBall'!$C$2:$Q$201,3,)="OKL","OKC",VLOOKUP(H58,'Paste #BBall'!$C$2:$Q$201,3,))) -> CHI | B58: =VLOOKUP(A58,'Paste #BBall'!$A$204:$D$233,4,) -> 4 | C58: =VLOOKUP(A58,'Paste #BBall'!$A$204:$C$233,3,) -> 2 | D58: =VLOOKUP(A58,'Paste #BBall'!$A$204:$B$233,2,) -> 3 | E58: =SUM(B58:D58) -> 9 | F58: 53 | G58: =IFERROR(__xludf.DUMMYFUNCTION("""COMPUTED_VALUE"""),167.0) -> 167 | H58: =IFERROR(__xludf.DUMMYFUNCTION("""COMPUTED_VALUE"""),"Andre Drummond") -> Andre Drummond | I58: =IFERROR(__xludf.DUMMYFUNCTION("""COMPUTED_VALUE"""),68.0) -> 68 | J58: =IFERROR(__xludf.DUMMYFUNCTION("""COMPUTED_VALUE"""),"C") -> C | K58: =IFERROR(__xludf.DUMMYFUNCTION("""COMPUTED_VALUE"""),-3.9222817147077222) -> -3.9222817 | L58: =IFERROR(__xludf.DUMMYFUNCTION("""COMPUTED_VALUE"""),-5.0084175209007995) -> -5.0084175 | M58: =IFERROR(__xludf.DUMMYFUNCTION("""COMPUTED_VALUE"""),-1.0861358061930773) -> -1.0861358 | N58: =IFERROR(__xludf.DUMMYFUNCTION("""COMPUTED_VALUE"""),7.5) -> 7.5 | O58: =IFERROR(__xludf.DUMMYFUNCTION("""COMPUTED_VALUE"""),0.0) -> 0 | P58: =IFERROR(__xludf.DUMMYFUNCTION("""COMPUTED_VALUE"""),8.7) -> 8.7 | Q58: =IFERROR(__xludf.DUMMYFUNCTION("""COMPUTED_VALUE"""),1.7) -> 1.7 | R58: =IFERROR(__xludf.DUMMYFUNCTION("""COMPUTED_VALUE"""),1.0) -> 1 | S58: =IFERROR(__xludf.DUMMYFUNCTION("""COMPUTED_VALUE"""),0.8) -> 0.8 | T58: =IFERROR(__xludf.DUMMYFUNCTION("""COMPUTED_VALUE"""),58.18181818181819) -> 58.181818 | U58: =IFERROR(__xludf.DUMMYFUNCTION("""COMPUTED_VALUE"""),55.00000000000001) -> 55 | V58: =IFERROR(__xludf.DUMMYFUNCTION("""COMPUTED_VALUE"""),1.5) -> 1.5 | W58: =IFERROR(__xludf.DUMMYFUNCTION("""COMPUTED_VALUE"""),-2.5171960574964833) -> -2.5171961 | X58: =IFERROR(__xludf.DUMMYFUNCTION("""COMPUTED_VALUE"""),-1.6133511223939103) -> -1.6133511 | Y58: =IFERROR(__xludf.DUMMYFUNCTION("""COMPUTED_VALUE"""),1.0717709105301336) -> 1.0717709 | Z58: =IFERROR(__xludf.DUMMYFUNCTION("""COMPUTED_VALUE"""),-1.1425354683280753) -> -1.1425355 | AA58: =IFERROR(__xludf.DUMMYFUNCTION("""COMPUTED_VALUE"""),-0.01646173928609459) -> -0.016461739 | AB58: =IFERROR(__xludf.DUMMYFUNCTION("""COMPUTED_VALUE"""),0.0) -> 0 | AC58: =IFERROR(__xludf.DUMMYFUNCTION("""COMPUTED_VALUE"""),0.0) -> 0 | AD58: =IFERROR(__xludf.DUMMYFUNCTION("""COMPUTED_VALUE"""),-0.7906440439263698) -> -0.79064404 | AE58: =IFERROR(__xludf.DUMMYFUNCTION("""COMPUTED_VALUE"""),0.0) -> 0
A59: =IF(VLOOKUP(H59,'Paste #BBall'!$C$2:$Q$201,3,)="BRO","BKN",IF(VLOOKUP(H59,'Paste #BBall'!$C$2:$Q$201,3,)="OKL","OKC",VLOOKUP(H59,'Paste #BBall'!$C$2:$Q$201,3,))) -> POR | B59: =VLOOKUP(A59,'Paste #BBall'!$A$204:$D$233,4,) -> 4 | C59: =VLOOKUP(A59,'Paste #BBall'!$A$204:$C$233,3,) -> 4 | D59: =VLOOKUP(A59,'Paste #BBall'!$A$204:$B$233,2,) -> 3 | E59: =SUM(B59:D59) -> 11 | F59: 54 | G59: =IFERROR(__xludf.DUMMYFUNCTION("""COMPUTED_VALUE"""),153.0) -> 153 | H59: =IFERROR(__xludf.DUMMYFUNCTION("""COMPUTED_VALUE"""),"Nassir Little") -> Nassir Little | I59: =IFERROR(__xludf.DUMMYFUNCTION("""COMPUTED_VALUE"""),72.0) -> 72 | J59: =IFERROR(__xludf.DUMMYFUNCTION("""COMPUTED_VALUE"""),"SF/PF") -> SF/PF | K59: =IFERROR(__xludf.DUMMYFUNCTION("""COMPUTED_VALUE"""),-3.66883546230712) -> -3.6688355 | L59: =IFERROR(__xludf.DUMMYFUNCTION("""COMPUTED_VALUE"""),-5.159437805841848) -> -5.1594378 | M59: =IFERROR(__xludf.DUMMYFUNCTION("""COMPUTED_VALUE"""),-1.4906023435347278) -> -1.4906023 | N59: =IFERROR(__xludf.DUMMYFUNCTION("""COMPUTED_VALUE"""),10.4) -> 10.4 | O59: =IFERROR(__xludf.DUMMYFUNCTION("""COMPUTED_VALUE"""),1.3) -> 1.3 | P59: =IFERROR(__xludf.DUMMYFUNCTION("""COMPUTED_VALUE"""),5.9) -> 5.9 | Q59: =IFERROR(__xludf.DUMMYFUNCTION("""COMPUTED_VALUE"""),1.4) -> 1.4 | R59: =IFERROR(__xludf.DUMMYFUNCTION("""COMPUTED_VALUE"""),0.6) -> 0.6 | S59: =IFERROR(__xludf.DUMMYFUNCTION("""COMPUTED_VALUE"""),1.0) -> 1 | T59: =IFERROR(__xludf.DUMMYFUNCTION("""COMPUTED_VALUE"""),46.25) -> 46.25 | U59: =IFERROR(__xludf.DUMMYFUNCTION("""COMPUTED_VALUE"""),77.27272727272727) -> 77.272727 | V59: =IFERROR(__xludf.DUMMYFUNCTION("""COMPUTED_VALUE"""),1.1) -> 1.1 | W59: =IFERROR(__xludf.DUMMYFUNCTION("""COMPUTED_VALUE"""),-1.744969989733451) -> -1.74497 | X59: =IFERROR(__xludf.DUMMYFUNCTION("""COMPUTED_VALUE"""),-0.31340889108068076) -> -0.31340889 | Y59: =IFERROR(__xludf.DUMMYFUNCTION("""COMPUTED_VALUE"""),-0.07123221798001796) -> -0.071232218 | Z59: =IFERROR(__xludf.DUMMYFUNCTION("""COMPUTED_VALUE"""),-1.313743431567314) -> -1.3137434 | AA59: =IFERROR(__xludf.DUMMYFUNCTION("""COMPUTED_VALUE"""),-1.6516611750382768) -> -1.6516612 | AB59: =IFERROR(__xludf.DUMMYFUNCTION("""COMPUTED_VALUE"""),0.0) -> 0 | AC59: =IFERROR(__xludf.DUMMYFUNCTION("""COMPUTED_VALUE"""),0.0) -> 0 | AD59: =IFERROR(__xludf.DUMMYFUNCTION("""COMPUTED_VALUE"""),-0.06442210044210782) -> -0.0644221 | AE59: =IFERROR(__xludf.DUMMYFUNCTION("""COMPUTED_VALUE"""),0.0) -> 0
A60: =IF(VLOOKUP(H60,'Paste #BBall'!$C$2:$Q$201,3,)="BRO","BKN",IF(VLOOKUP(H60,'Paste #BBall'!$C$2:$Q$201,3,)="OKL","OKC",VLOOKUP(H60,'Paste #BBall'!$C$2:$Q$201,3,))) -> SAS | B60: =VLOOKUP(A60,'Paste #BBall'!$A$204:$D$233,4,) -> 4 | C60: =VLOOKUP(A60,'Paste #BBall'!$A$204:$C$233,3,) -> 2 | D60: =VLOOKUP(A60,'Paste #BBall'!$A$204:$B$233,2,) -> 4 | E60: =SUM(B60:D60) -> 10 | F60: 55 | G60: =IFERROR(__xludf.DUMMYFUNCTION("""COMPUTED_VALUE"""),192.0) -> 192 | H60: =IFERROR(__xludf.DUMMYFUNCTION("""COMPUTED_VALUE"""),"Josh Richardson") -> Josh Richardson | I60: =IFERROR(__xludf.DUMMYFUNCTION("""COMPUTED_VALUE"""),73.0) -> 73 | J60: =IFERROR(__xludf.DUMMYFUNCTION("""COMPUTED_VALUE"""),"SG/SF") -> SG/SF | K60: =IFERROR(__xludf.DUMMYFUNCTION("""COMPUTED_VALUE"""),-4.990148132797363) -> -4.9901481 | L60: =IFERROR(__xludf.DUMMYFUNCTION("""COMPUTED_VALUE"""),-5.21765277894726) -> -5.2176528 | M60: =IFERROR(__xludf.DUMMYFUNCTION("""COMPUTED_VALUE"""),-0.22750464614989685) -> -0.22750465 | N60: =IFERROR(__xludf.DUMMYFUNCTION("""COMPUTED_VALUE"""),9.7) -> 9.7 | O60: =IFERROR(__xludf.DUMMYFUNCTION("""COMPUTED_VALUE"""),1.5) -> 1.5 | P60: =IFERROR(__xludf.DUMMYFUNCTION("""COMPUTED_VALUE"""),2.6) -> 2.6 | Q60: =IFERROR(__xludf.DUMMYFUNCTION("""COMPUTED_VALUE"""),1.7) -> 1.7 | R60: =IFERROR(__xludf.DUMMYFUNCTION("""COMPUTED_VALUE"""),0.8) -> 0.8 | S60: =IFERROR(__xludf.DUMMYFUNCTION("""COMPUTED_VALUE"""),0.4) -> 0.4 | T60: =IFERROR(__xludf.DUMMYFUNCTION("""COMPUTED_VALUE"""),44.15584415584416) -> 44.155844 | U60: =IFERROR(__xludf.DUMMYFUNCTION("""COMPUTED_VALUE"""),87.49999999999999) -> 87.5 | V60: =IFERROR(__xludf.DUMMYFUNCTION("""COMPUTED_VALUE"""),0.9) -> 0.9 | W60: =IFERROR(__xludf.DUMMYFUNCTION("""COMPUTED_VALUE"""),-1.93136938540039) -> -1.9313694 | X60: =IFERROR(__xludf.DUMMYFUNCTION("""COMPUTED_VALUE"""),-0.1134177785709532) -> -0.11341778 | Y60: =IFERROR(__xludf.DUMMYFUNCTION("""COMPUTED_VALUE"""),-1.41834304800984) -> -1.418343 | Z60: =IFERROR(__xludf.DUMMYFUNCTION("""COMPUTED_VALUE"""),-1.1425354683280753) -> -1.1425355 | AA60: =IFERROR(__xludf.DUMMYFUNCTION("""COMPUTED_VALUE"""),-0.8340614571621854) -> -0.83406146 | AB60: =IFERROR(__xludf.DUMMYFUNCTION("""COMPUTED_VALUE"""),0.0) -> 0 | AC60: =IFERROR(__xludf.DUMMYFUNCTION("""COMPUTED_VALUE"""),0.0) -> 0 | AD60: =IFERROR(__xludf.DUMMYFUNCTION("""COMPUTED_VALUE"""),0.22207435852418494) -> 0.22207436 | AE60: =IFERROR(__xludf.DUMMYFUNCTION("""COMPUTED_VALUE"""),0.0) -> 0
A61: =IF(VLOOKUP(H61,'Paste #BBall'!$C$2:$Q$201,3,)="BRO","BKN",IF(VLOOKUP(H61,'Paste #BBall'!$C$2:$Q$201,3,)="OKL","OKC",VLOOKUP(H61,'Paste #BBall'!$C$2:$Q$201,3,))) -> ATL | B61: =VLOOKUP(A61,'Paste #BBall'!$A$204:$D$233,4,) -> 3 | C61: =VLOOKUP(A61,'Paste #BBall'!$A$204:$C$233,3,) -> 4 | D61: =VLOOKUP(A61,'Paste #BBall'!$A$204:$B$233,2,) -> 3 | E61: =SUM(B61:D61) -> 10 | F61: 56 | G61: =IFERROR(__xludf.DUMMYFUNCTION("""COMPUTED_VALUE"""),194.0) -> 194 | H61: =IFERROR(__xludf.DUMMYFUNCTION("""COMPUTED_VALUE"""),"De'Andre Hunter") -> De'Andre Hunter | I61: =IFERROR(__xludf.DUMMYFUNCTION("""COMPUTED_VALUE"""),70.0) -> 70 | J61: =IFERROR(__xludf.DUMMYFUNCTION("""COMPUTED_VALUE"""),"SF/PF") -> SF/PF | K61: =IFERROR(__xludf.DUMMYFUNCTION("""COMPUTED_VALUE"""),-5.090864323142862) -> -5.0908643 | L61: =IFERROR(__xludf.DUMMYFUNCTION("""COMPUTED_VALUE"""),-5.3003522505710245) -> -5.3003523 | M61: =IFERROR(__xludf.DUMMYFUNCTION("""COMPUTED_VALUE"""),-0.2094879274281629) -> -0.20948793 | N61: =IFERROR(__xludf.DUMMYFUNCTION("""COMPUTED_VALUE"""),10.9) -> 10.9 | O61: =IFERROR(__xludf.DUMMYFUNCTION("""COMPUTED_VALUE"""),1.5) -> 1.5 | P61: =IFERROR(__xludf.DUMMYFUNCTION("""COMPUTED_VALUE"""),3.4) -> 3.4 | Q61: =IFERROR(__xludf.DUMMYFUNCTION("""COMPUTED_VALUE"""),1.4) -> 1.4 | R61: =IFERROR(__xludf.DUMMYFUNCTION("""COMPUTED_VALUE"""),0.7) -> 0.7 | S61: =IFERROR(__xludf.DUMMYFUNCTION("""COMPUTED_VALUE"""),0.4) -> 0.4 | T61: =IFERROR(__xludf.DUMMYFUNCTION("""COMPUTED_VALUE"""),45.67901234567901) -> 45.679012 | U61: =IFERROR(__xludf.DUMMYFUNCTION("""COMPUTED_VALUE"""),80.76923076923077) -> 80.769231 | V61: =IFERROR(__xludf.DUMMYFUNCTION("""COMPUTED_VALUE"""),1.4) -> 1.4 | W61: =IFERROR(__xludf.DUMMYFUNCTION("""COMPUTED_VALUE"""),-1.6118275642570663) -> -1.6118276 | X61: =IFERROR(__xludf.DUMMYFUNCTION("""COMPUTED_VALUE"""),-0.1134177785709532) -> -0.11341778 | Y61: =IFERROR(__xludf.DUMMYFUNCTION("""COMPUTED_VALUE"""),-1.0917707255783682) -> -1.0917707 | Z61: =IFERROR(__xludf.DUMMYFUNCTION("""COMPUTED_VALUE"""),-1.313743431567314) -> -1.3137434 | AA61: =IFERROR(__xludf.DUMMYFUNCTION("""COMPUTED_VALUE"""),-1.2428613161002313) -> -1.2428613 | AB61: =IFERROR(__xludf.DUMMYFUNCTION("""COMPUTED_VALUE"""),0.0) -> 0 | AC61: =IFERROR(__xludf.DUMMYFUNCTION("""COMPUTED_VALUE"""),0.0) -> 0 | AD61: =IFERROR(__xludf.DUMMYFUNCTION("""COMPUTED_VALUE"""),0.07326856550290839) -> 0.073268565 | AE61: =IFERROR(__xludf.DUMMYFUNCTION("""COMPUTED_VALUE"""),0.0) -> 0
A62: =IF(VLOOKUP(H62,'Paste #BBall'!$C$2:$Q$201,3,)="BRO","BKN",IF(VLOOKUP(H62,'Paste #BBall'!$C$2:$Q$201,3,)="OKL","OKC",VLOOKUP(H62,'Paste #BBall'!$C$2:$Q$201,3,))) -> GSW | B62: =VLOOKUP(A62,'Paste #BBall'!$A$204:$D$233,4,) -> 4 | C62: =VLOOKUP(A62,'Paste #BBall'!$A$204:$C$233,3,) -> 3 | D62: =VLOOKUP(A62,'Paste #BBall'!$A$204:$B$233,2,) -> 4 | E62: =SUM(B62:D62) -> 11 | F62: 57 | G62: =IFERROR(__xludf.DUMMYFUNCTION("""COMPUTED_VALUE"""),193.0) -> 193 | H62: =IFERROR(__xludf.DUMMYFUNCTION("""COMPUTED_VALUE"""),"Jonathan Kuminga") -> Jonathan Kuminga | I62: =IFERROR(__xludf.DUMMYFUNCTION("""COMPUTED_VALUE"""),67.0) -> 67 | J62: =IFERROR(__xludf.DUMMYFUNCTION("""COMPUTED_VALUE"""),"SF/PF") -> SF/PF | K62: =IFERROR(__xludf.DUMMYFUNCTION("""COMPUTED_VALUE"""),-5.010005119403756) -> -5.0100051 | L62: =IFERROR(__xludf.DUMMYFUNCTION("""COMPUTED_VALUE"""),-5.327040185232659) -> -5.3270402 | M62: =IFERROR(__xludf.DUMMYFUNCTION("""COMPUTED_VALUE"""),-0.31703506582890295) -> -0.31703507 | N62: =IFERROR(__xludf.DUMMYFUNCTION("""COMPUTED_VALUE"""),12.9) -> 12.9 | O62: =IFERROR(__xludf.DUMMYFUNCTION("""COMPUTED_VALUE"""),1.1) -> 1.1 | P62: =IFERROR(__xludf.DUMMYFUNCTION("""COMPUTED_VALUE"""),5.2) -> 5.2 | Q62: =IFERROR(__xludf.DUMMYFUNCTION("""COMPUTED_VALUE"""),1.4) -> 1.4 | R62: =IFERROR(__xludf.DUMMYFUNCTION("""COMPUTED_VALUE"""),0.6) -> 0.6 | S62: =IFERROR(__xludf.DUMMYFUNCTION("""COMPUTED_VALUE"""),0.5) -> 0.5 | T62: =IFERROR(__xludf.DUMMYFUNCTION("""COMPUTED_VALUE"""),50.526315789473685) -> 50.526316 | U62: =IFERROR(__xludf.DUMMYFUNCTION("""COMPUTED_VALUE"""),70.96774193548387) -> 70.967742 | V62: =IFERROR(__xludf.DUMMYFUNCTION("""COMPUTED_VALUE"""),1.7) -> 1.7 | W62: =IFERROR(__xludf.DUMMYFUNCTION("""COMPUTED_VALUE"""),-1.0792578623515265) -> -1.0792579 | X62: =IFERROR(__xludf.DUMMYFUNCTION("""COMPUTED_VALUE"""),-0.5134000035904084) -> -0.5134 | Y62: =IFERROR(__xludf.DUMMYFUNCTION("""COMPUTED_VALUE"""),-0.35698300010755607) -> -0.356983 | Z62: =IFERROR(__xludf.DUMMYFUNCTION("""COMPUTED_VALUE"""),-1.313743431567314) -> -1.3137434 | AA62: =IFERROR(__xludf.DUMMYFUNCTION("""COMPUTED_VALUE"""),-1.6516611750382768) -> -1.6516612 | AB62: =IFERROR(__xludf.DUMMYFUNCTION("""COMPUTED_VALUE"""),0.0) -> 0 | AC62: =IFERROR(__xludf.DUMMYFUNCTION("""COMPUTED_VALUE"""),0.0) -> 0 | AD62: =IFERROR(__xludf.DUMMYFUNCTION("""COMPUTED_VALUE"""),-0.4119947125775767) -> -0.41199471 | AE62: =IFERROR(__xludf.DUMMYFUNCTION("""COMPUTED_VALUE"""),0.0) -> 0
A63: =IF(VLOOKUP(H63,'Paste #BBall'!$C$2:$Q$201,3,)="BRO","BKN",IF(VLOOKUP(H63,'Paste #BBall'!$C$2:$Q$201,3,)="OKL","OKC",VLOOKUP(H63,'Paste #BBall'!$C$2:$Q$201,3,))) -> CHA | B63: =VLOOKUP(A63,'Paste #BBall'!$A$204:$D$233,4,) -> 3 | C63: =VLOOKUP(A63,'Paste #BBall'!$A$204:$C$233,3,) -> 4 | D63: =VLOOKUP(A63,'Paste #BBall'!$A$204:$B$233,2,) -> 2 | E63: =SUM(B63:D63) -> 9 | F63: 58 | G63: =IFERROR(__xludf.DUMMYFUNCTION("""COMPUTED_VALUE"""),174.0) -> 174 | H63: =IFERROR(__xludf.DUMMYFUNCTION("""COMPUTED_VALUE"""),"Mason Plumlee") -> Mason Plumlee | I63: =IFERROR(__xludf.DUMMYFUNCTION("""COMPUTED_VALUE"""),76.0) -> 76 | J63: =IFERROR(__xludf.DUMMYFUNCTION("""COMPUTED_VALUE"""),"C") -> C | K63: =IFERROR(__xludf.DUMMYFUNCTION("""COMPUTED_VALUE"""),-4.128412651134322) -> -4.1284127 | L63: =IFERROR(__xludf.DUMMYFUNCTION("""COMPUTED_VALUE"""),-5.481866147679258) -> -5.4818661 | M63: =IFERROR(__xludf.DUMMYFUNCTION("""COMPUTED_VALUE"""),-1.3534534965449359) -> -1.3534535 | N63: =IFERROR(__xludf.DUMMYFUNCTION("""COMPUTED_VALUE"""),6.7) -> 6.7 | O63: =IFERROR(__xludf.DUMMYFUNCTION("""COMPUTED_VALUE"""),0.0) -> 0 | P63: =IFERROR(__xludf.DUMMYFUNCTION("""COMPUTED_VALUE"""),7.5) -> 7.5 | Q63: =IFERROR(__xludf.DUMMYFUNCTION("""COMPUTED_VALUE"""),3.2) -> 3.2 | R63: =IFERROR(__xludf.DUMMYFUNCTION("""COMPUTED_VALUE"""),0.8) -> 0.8 | S63: =IFERROR(__xludf.DUMMYFUNCTION("""COMPUTED_VALUE"""),0.7) -> 0.7 | T63: =IFERROR(__xludf.DUMMYFUNCTION("""COMPUTED_VALUE"""),64.44444444444444) -> 64.444444 | U63: =IFERROR(__xludf.DUMMYFUNCTION("""COMPUTED_VALUE"""),56.25) -> 56.25 | V63: =IFERROR(__xludf.DUMMYFUNCTION("""COMPUTED_VALUE"""),1.4) -> 1.4 | W63: =IFERROR(__xludf.DUMMYFUNCTION("""COMPUTED_VALUE"""),-2.7302239382586992) -> -2.7302239 | X63: =IFERROR(__xludf.DUMMYFUNCTION("""COMPUTED_VALUE"""),-1.6133511223939103) -> -1.6133511 | Y63: =IFERROR(__xludf.DUMMYFUNCTION("""COMPUTED_VALUE"""),0.5819124268829259) -> 0.58191243 | Z63: =IFERROR(__xludf.DUMMYFUNCTION("""COMPUTED_VALUE"""),-0.2864956521318806) -> -0.28649565 | AA63: =IFERROR(__xludf.DUMMYFUNCTION("""COMPUTED_VALUE"""),-0.8340614571621854) -> -0.83406146 | AB63: =IFERROR(__xludf.DUMMYFUNCTION("""COMPUTED_VALUE"""),0.0) -> 0 | AC63: =IFERROR(__xludf.DUMMYFUNCTION("""COMPUTED_VALUE"""),0.0) -> 0 | AD63: =IFERROR(__xludf.DUMMYFUNCTION("""COMPUTED_VALUE"""),-0.5996464046155081) -> -0.5996464 | AE63: =IFERROR(__xludf.DUMMYFUNCTION("""COMPUTED_VALUE"""),0.0) -> 0
A64: =IF(VLOOKUP(H64,'Paste #BBall'!$C$2:$Q$201,3,)="BRO","BKN",IF(VLOOKUP(H64,'Paste #BBall'!$C$2:$Q$201,3,)="OKL","OKC",VLOOKUP(H64,'Paste #BBall'!$C$2:$Q$201,3,))) -> ORL | B64: =VLOOKUP(A64,'Paste #BBall'!$A$204:$D$233,4,) -> 4 | C64: =VLOOKUP(A64,'Paste #BBall'!$A$204:$C$233,3,) -> 3 | D64: =VLOOKUP(A64,'Paste #BBall'!$A$204:$B$233,2,) -> 4 | E64: =SUM(B64:D64) -> 11 | F64: 59 | G64: =IFERROR(__xludf.DUMMYFUNCTION("""COMPUTED_VALUE"""),172.0) -> 172 | H64: =IFERROR(__xludf.DUMMYFUNCTION("""COMPUTED_VALUE"""),"Jonathan Isaac") -> Jonathan Isaac | I64: =IFERROR(__xludf.DUMMYFUNCTION("""COMPUTED_VALUE"""),70.0) -> 70 | J64: =IFERROR(__xludf.DUMMYFUNCTION("""COMPUTED_VALUE"""),"SF/PF") -> SF/PF | K64: =IFERROR(__xludf.DUMMYFUNCTION("""COMPUTED_VALUE"""),-4.049637275027518) -> -4.0496373 | L64: =IFERROR(__xludf.DUMMYFUNCTION("""COMPUTED_VALUE"""),-5.918110257582098) -> -5.9181103 | M64: =IFERROR(__xludf.DUMMYFUNCTION("""COMPUTED_VALUE"""),-1.8684729825545805) -> -1.868473 | N64: =IFERROR(__xludf.DUMMYFUNCTION("""COMPUTED_VALUE"""),8.3) -> 8.3 | O64: =IFERROR(__xludf.DUMMYFUNCTION("""COMPUTED_VALUE"""),0.6) -> 0.6 | P64: =IFERROR(__xludf.DUMMYFUNCTION("""COMPUTED_VALUE"""),4.7) -> 4.7 | Q64: =IFERROR(__xludf.DUMMYFUNCTION("""COMPUTED_VALUE"""),1.0) -> 1 | R64: =IFERROR(__xludf.DUMMYFUNCTION("""COMPUTED_VALUE"""),0.9) -> 0.9 | S64: =IFERROR(__xludf.DUMMYFUNCTION("""COMPUTED_VALUE"""),1.2) -> 1.2 | T64: =IFERROR(__xludf.DUMMYFUNCTION("""COMPUTED_VALUE"""),45.714285714285715) -> 45.714286 | U64: =IFERROR(__xludf.DUMMYFUNCTION("""COMPUTED_VALUE"""),76.47058823529413) -> 76.470588 | V64: =IFERROR(__xludf.DUMMYFUNCTION("""COMPUTED_VALUE"""),1.0) -> 1 | W64: =IFERROR(__xludf.DUMMYFUNCTION("""COMPUTED_VALUE"""),-2.3041681767342674) -> -2.3041682 | X64: =IFERROR(__xludf.DUMMYFUNCTION("""COMPUTED_VALUE"""),-1.0133777848647274) -> -1.0133778 | Y64: =IFERROR(__xludf.DUMMYFUNCTION("""COMPUTED_VALUE"""),-0.5610907016272261) -> -0.5610907 | Z64: =IFERROR(__xludf.DUMMYFUNCTION("""COMPUTED_VALUE"""),-1.542020715886299) -> -1.5420207 | AA64: =IFERROR(__xludf.DUMMYFUNCTION("""COMPUTED_VALUE"""),-0.42526159822414) -> -0.4252616 | AB64: =IFERROR(__xludf.DUMMYFUNCTION("""COMPUTED_VALUE"""),0.0) -> 0 | AC64: =IFERROR(__xludf.DUMMYFUNCTION("""COMPUTED_VALUE"""),0.0) -> 0 | AD64: =IFERROR(__xludf.DUMMYFUNCTION("""COMPUTED_VALUE"""),-0.07219128024543806) -> -0.07219128 | AE64: =IFERROR(__xludf.DUMMYFUNCTION("""COMPUTED_VALUE"""),0.0) -> 0
A65: =IF(VLOOKUP(H65,'Paste #BBall'!$C$2:$Q$201,3,)="BRO","BKN",IF(VLOOKUP(H65,'Paste #BBall'!$C$2:$Q$201,3,)="OKL","OKC",VLOOKUP(H65,'Paste #BBall'!$C$2:$Q$201,3,))) -> ORL | B65: =VLOOKUP(A65,'Paste #BBall'!$A$204:$D$233,4,) -> 4 | C65: =VLOOKUP(A65,'Paste #BBall'!$A$204:$C$233,3,) -> 3 | D65: =VLOOKUP(A65,'Paste #BBall'!$A$204:$B$233,2,) -> 4 | E65: =SUM(B65:D65) -> 11 | F65: 60 | G65: =IFERROR(__xludf.DUMMYFUNCTION("""COMPUTED_VALUE"""),157.0) -> 157 | H65: =IFERROR(__xludf.DUMMYFUNCTION("""COMPUTED_VALUE"""),"Mo Bamba") -> Mo Bamba | I65: =IFERROR(__xludf.DUMMYFUNCTION("""COMPUTED_VALUE"""),72.0) -> 72 | J65: =IFERROR(__xludf.DUMMYFUNCTION("""COMPUTED_VALUE"""),"C") -> C | K65: =IFERROR(__xludf.DUMMYFUNCTION("""COMPUTED_VALUE"""),-3.6982533563602717) -> -3.6982534 | L65: =IFERROR(__xludf.DUMMYFUNCTION("""COMPUTED_VALUE"""),-6.36423457447897) -> -6.3642346 | M65: =IFERROR(__xludf.DUMMYFUNCTION("""COMPUTED_VALUE"""),-2.665981218118698) -> -2.6659812 | N65: =IFERROR(__xludf.DUMMYFUNCTION("""COMPUTED_VALUE"""),8.6) -> 8.6 | O65: =IFERROR(__xludf.DUMMYFUNCTION("""COMPUTED_VALUE"""),1.2) -> 1.2 | P65: =IFERROR(__xludf.DUMMYFUNCTION("""COMPUTED_VALUE"""),6.5) -> 6.5 | Q65: =IFERROR(__xludf.DUMMYFUNCTION("""COMPUTED_VALUE"""),1.0) -> 1 | R65: =IFERROR(__xludf.DUMMYFUNCTION("""COMPUTED_VALUE"""),0.4) -> 0.4 | S65: =IFERROR(__xludf.DUMMYFUNCTION("""COMPUTED_VALUE"""),1.2) -> 1.2 | T65: =IFERROR(__xludf.DUMMYFUNCTION("""COMPUTED_VALUE"""),48.57142857142857) -> 48.571429 | U65: =IFERROR(__xludf.DUMMYFUNCTION("""COMPUTED_VALUE"""),87.49999999999999) -> 87.5 | V65: =IFERROR(__xludf.DUMMYFUNCTION("""COMPUTED_VALUE"""),0.9) -> 0.9 | W65: =IFERROR(__xludf.DUMMYFUNCTION("""COMPUTED_VALUE"""),-2.224282721448437) -> -2.2242827 | X65: =IFERROR(__xludf.DUMMYFUNCTION("""COMPUTED_VALUE"""),-0.41340444733554466) -> -0.41340445 | Y65: =IFERROR(__xludf.DUMMYFUNCTION("""COMPUTED_VALUE"""),0.1736970238435859) -> 0.17369702 | Z65: =IFERROR(__xludf.DUMMYFUNCTION("""COMPUTED_VALUE"""),-1.542020715886299) -> -1.5420207 | AA65: =IFERROR(__xludf.DUMMYFUNCTION("""COMPUTED_VALUE"""),-2.4692608929143676) -> -2.4692609 | AB65: =IFERROR(__xludf.DUMMYFUNCTION("""COMPUTED_VALUE"""),0.0) -> 0 | AC65: =IFERROR(__xludf.DUMMYFUNCTION("""COMPUTED_VALUE"""),0.0) -> 0 | AD65: =IFERROR(__xludf.DUMMYFUNCTION("""COMPUTED_VALUE"""),0.11103717926209247) -> 0.11103718 | AE65: =IFERROR(__xludf.DUMMYFUNCTION("""COMPUTED_VALUE"""),0.0) -> 0
A66: =IF(VLOOKUP(H66,'Paste #BBall'!$C$2:$Q$201,3,)="BRO","BKN",IF(VLOOKUP(H66,'Paste #BBall'!$C$2:$Q$201,3,)="OKL","OKC",VLOOKUP(H66,'Paste #BBall'!$C$2:$Q$201,3,))) -> BOS | B66: =VLOOKUP(A66,'Paste #BBall'!$A$204:$D$233,4,) -> 3 | C66: =VLOOKUP(A66,'Paste #BBall'!$A$204:$C$233,3,) -> 3 | D66: =VLOOKUP(A66,'Paste #BBall'!$A$204:$B$233,2,) -> 4 | E66: =SUM(B66:D66) -> 10 | F66: 61 | G66: =IFERROR(__xludf.DUMMYFUNCTION("""COMPUTED_VALUE"""),188.0) -> 188 | H66: =IFERROR(__xludf.DUMMYFUNCTION("""COMPUTED_VALUE"""),"Grant Williams") -> Grant Williams | I66: =IFERROR(__xludf.DUMMYFUNCTION("""COMPUTED_VALUE"""),70.0) -> 70 | J66: =IFERROR(__xludf.DUMMYFUNCTION("""COMPUTED_VALUE"""),"PF") -> PF | K66: =IFERROR(__xludf.DUMMYFUNCTION("""COMPUTED_VALUE"""),-4.6950780104385474) -> -4.695078 | L66: =IFERROR(__xludf.DUMMYFUNCTION("""COMPUTED_VALUE"""),-6.555075466566812) -> -6.5550755 | M66: =IFERROR(__xludf.DUMMYFUNCTION("""COMPUTED_VALUE"""),-1.8599974561282648) -> -1.8599975 | N66: =IFERROR(__xludf.DUMMYFUNCTION("""COMPUTED_VALUE"""),8.5) -> 8.5 | O66: =IFERROR(__xludf.DUMMYFUNCTION("""COMPUTED_VALUE"""),1.5) -> 1.5 | P66: =IFERROR(__xludf.DUMMYFUNCTION("""COMPUTED_VALUE"""),3.8) -> 3.8 | Q66: =IFERROR(__xludf.DUMMYFUNCTION("""COMPUTED_VALUE"""),1.1) -> 1.1 | R66: =IFERROR(__xludf.DUMMYFUNCTION("""COMPUTED_VALUE"""),0.5) -> 0.5 | S66: =IFERROR(__xludf.DUMMYFUNCTION("""COMPUTED_VALUE"""),0.8) -> 0.8 | T66: =IFERROR(__xludf.DUMMYFUNCTION("""COMPUTED_VALUE"""),47.54098360655738) -> 47.540984 | U66: =IFERROR(__xludf.DUMMYFUNCTION("""COMPUTED_VALUE"""),92.3076923076923) -> 92.307692 | V66: =IFERROR(__xludf.DUMMYFUNCTION("""COMPUTED_VALUE"""),0.9) -> 0.9 | W66: =IFERROR(__xludf.DUMMYFUNCTION("""COMPUTED_VALUE"""),-2.2509112065437136) -> -2.2509112 | X66: =IFERROR(__xludf.DUMMYFUNCTION("""COMPUTED_VALUE"""),-0.1134177785709532) -> -0.11341778 | Y66: =IFERROR(__xludf.DUMMYFUNCTION("""COMPUTED_VALUE"""),-0.9284845643626322) -> -0.92848456 | Z66: =IFERROR(__xludf.DUMMYFUNCTION("""COMPUTED_VALUE"""),-1.484951394806553) -> -1.4849514 | AA66: =IFERROR(__xludf.DUMMYFUNCTION("""COMPUTED_VALUE"""),-2.0604610339763223) -> -2.060461 | AB66: =IFERROR(__xludf.DUMMYFUNCTION("""COMPUTED_VALUE"""),0.0) -> 0 | AC66: =IFERROR(__xludf.DUMMYFUNCTION("""COMPUTED_VALUE"""),0.0) -> 0 | AD66: =IFERROR(__xludf.DUMMYFUNCTION("""COMPUTED_VALUE"""),0.2831505116933621) -> 0.28315051 | AE66: =IFERROR(__xludf.DUMMYFUNCTION("""COMPUTED_VALUE"""),0.0) -> 0
A67: =IF(VLOOKUP(H67,'Paste #BBall'!$C$2:$Q$201,3,)="BRO","BKN",IF(VLOOKUP(H67,'Paste #BBall'!$C$2:$Q$201,3,)="OKL","OKC",VLOOKUP(H67,'Paste #BBall'!$C$2:$Q$201,3,))) -> POR | B67: =VLOOKUP(A67,'Paste #BBall'!$A$204:$D$233,4,) -> 4 | C67: =VLOOKUP(A67,'Paste #BBall'!$A$204:$C$233,3,) -> 4 | D67: =VLOOKUP(A67,'Paste #BBall'!$A$204:$B$233,2,) -> 3 | E67: =SUM(B67:D67) -> 11 | F67: 62 | G67: =IFERROR(__xludf.DUMMYFUNCTION("""COMPUTED_VALUE"""),197.0) -> 197 | H67: =IFERROR(__xludf.DUMMYFUNCTION("""COMPUTED_VALUE"""),"Trendon Watford") -> Trendon Watford | I67: =IFERROR(__xludf.DUMMYFUNCTION("""COMPUTED_VALUE"""),69.0) -> 69 | J67: =IFERROR(__xludf.DUMMYFUNCTION("""COMPUTED_VALUE"""),"PF") -> PF | K67: =IFERROR(__xludf.DUMMYFUNCTION("""COMPUTED_VALUE"""),-5.260331128174739) -> -5.2603311 | L67: =IFERROR(__xludf.DUMMYFUNCTION("""COMPUTED_VALUE"""),-6.745842023067917) -> -6.745842 | M67: =IFERROR(__xludf.DUMMYFUNCTION("""COMPUTED_VALUE"""),-1.485510894893178) -> -1.4855109 | N67: =IFERROR(__xludf.DUMMYFUNCTION("""COMPUTED_VALUE"""),8.7) -> 8.7 | O67: =IFERROR(__xludf.DUMMYFUNCTION("""COMPUTED_VALUE"""),0.2) -> 0.2 | P67: =IFERROR(__xludf.DUMMYFUNCTION("""COMPUTED_VALUE"""),4.8) -> 4.8 | Q67: =IFERROR(__xludf.DUMMYFUNCTION("""COMPUTED_VALUE"""),1.9) -> 1.9 | R67: =IFERROR(__xludf.DUMMYFUNCTION("""COMPUTED_VALUE"""),0.6) -> 0.6 | S67: =IFERROR(__xludf.DUMMYFUNCTION("""COMPUTED_VALUE"""),0.7) -> 0.7 | T67: =IFERROR(__xludf.DUMMYFUNCTION("""COMPUTED_VALUE"""),50.74626865671642) -> 50.746269 | U67: =IFERROR(__xludf.DUMMYFUNCTION("""COMPUTED_VALUE"""),80.95238095238095) -> 80.952381 | V67: =IFERROR(__xludf.DUMMYFUNCTION("""COMPUTED_VALUE"""),1.0) -> 1 | W67: =IFERROR(__xludf.DUMMYFUNCTION("""COMPUTED_VALUE"""),-2.19765423635316) -> -2.1976542 | X67: =IFERROR(__xludf.DUMMYFUNCTION("""COMPUTED_VALUE"""),-1.4133600098841828) -> -1.41336 | Y67: =IFERROR(__xludf.DUMMYFUNCTION("""COMPUTED_VALUE"""),-0.5202691613232922) -> -0.52026916 | Z67: =IFERROR(__xludf.DUMMYFUNCTION("""COMPUTED_VALUE"""),-1.0283968261685825) -> -1.0283968 | AA67: =IFERROR(__xludf.DUMMYFUNCTION("""COMPUTED_VALUE"""),-1.6516611750382768) -> -1.6516612 | AB67: =IFERROR(__xludf.DUMMYFUNCTION("""COMPUTED_VALUE"""),0.0) -> 0 | AC67: =IFERROR(__xludf.DUMMYFUNCTION("""COMPUTED_VALUE"""),0.0) -> 0 | AD67: =IFERROR(__xludf.DUMMYFUNCTION("""COMPUTED_VALUE"""),0.0654993856995771) -> 0.065499386 | AE67: =IFERROR(__xludf.DUMMYFUNCTION("""COMPUTED_VALUE"""),0.0) -> 0
A68: =IF(VLOOKUP(H68,'Paste #BBall'!$C$2:$Q$201,3,)="BRO","BKN",IF(VLOOKUP(H68,'Paste #BBall'!$C$2:$Q$201,3,)="OKL","OKC",VLOOKUP(H68,'Paste #BBall'!$C$2:$Q$201,3,))) -> NYK | B68: =VLOOKUP(A68,'Paste #BBall'!$A$204:$D$233,4,) -> 3 | C68: =VLOOKUP(A68,'Paste #BBall'!$A$204:$C$233,3,) -> 4 | D68: =VLOOKUP(A68,'Paste #BBall'!$A$204:$B$233,2,) -> 2 | E68: =SUM(B68:D68) -> 9 | F68: 63 | G68: =IFERROR(__xludf.DUMMYFUNCTION("""COMPUTED_VALUE"""),199.0) -> 199 | H68: =IFERROR(__xludf.DUMMYFUNCTION("""COMPUTED_VALUE"""),"Obi Toppin") -> Obi Toppin | I68: =IFERROR(__xludf.DUMMYFUNCTION("""COMPUTED_VALUE"""),72.0) -> 72 | J68: =IFERROR(__xludf.DUMMYFUNCTION("""COMPUTED_VALUE"""),"PF") -> PF | K68: =IFERROR(__xludf.DUMMYFUNCTION("""COMPUTED_VALUE"""),-5.623007218152929) -> -5.6230072 | L68: =IFERROR(__xludf.DUMMYFUNCTION("""COMPUTED_VALUE"""),-6.9660448910330155) -> -6.9660449 | M68: =IFERROR(__xludf.DUMMYFUNCTION("""COMPUTED_VALUE"""),-1.3430376728800866) -> -1.3430377 | N68: =IFERROR(__xludf.DUMMYFUNCTION("""COMPUTED_VALUE"""),10.9) -> 10.9 | O68: =IFERROR(__xludf.DUMMYFUNCTION("""COMPUTED_VALUE"""),0.8) -> 0.8 | P68: =IFERROR(__xludf.DUMMYFUNCTION("""COMPUTED_VALUE"""),4.6) -> 4.6 | Q68: =IFERROR(__xludf.DUMMYFUNCTION("""COMPUTED_VALUE"""),1.3) -> 1.3 | R68: =IFERROR(__xludf.DUMMYFUNCTION("""COMPUTED_VALUE"""),0.4) -> 0.4 | S68: =IFERROR(__xludf.DUMMYFUNCTION("""COMPUTED_VALUE"""),0.6) -> 0.6 | T68: =IFERROR(__xludf.DUMMYFUNCTION("""COMPUTED_VALUE"""),52.5) -> 52.5 | U68: =IFERROR(__xludf.DUMMYFUNCTION("""COMPUTED_VALUE"""),76.19047619047619) -> 76.190476 | V68: =IFERROR(__xludf.DUMMYFUNCTION("""COMPUTED_VALUE"""),1.0) -> 1 | W68: =IFERROR(__xludf.DUMMYFUNCTION("""COMPUTED_VALUE"""),-1.6118275642570663) -> -1.6118276 | X68: =IFERROR(__xludf.DUMMYFUNCTION("""COMPUTED_VALUE"""),-0.8133866723549998) -> -0.81338667 | Y68: =IFERROR(__xludf.DUMMYFUNCTION("""COMPUTED_VALUE"""),-0.6019122419311602) -> -0.60191224 | Z68: =IFERROR(__xludf.DUMMYFUNCTION("""COMPUTED_VALUE"""),-1.3708127526470602) -> -1.3708128 | AA68: =IFERROR(__xludf.DUMMYFUNCTION("""COMPUTED_VALUE"""),-2.4692608929143676) -> -2.4692609 | AB68: =IFERROR(__xludf.DUMMYFUNCTION("""COMPUTED_VALUE"""),0.0) -> 0 | AC68: =IFERROR(__xludf.DUMMYFUNCTION("""COMPUTED_VALUE"""),0.0) -> 0 | AD68: =IFERROR(__xludf.DUMMYFUNCTION("""COMPUTED_VALUE"""),-0.0988447669283614) -> -0.098844767 | AE68: =IFERROR(__xludf.DUMMYFUNCTION("""COMPUTED_VALUE"""),0.0) -> 0
A69: =IF(VLOOKUP(H69,'Paste #BBall'!$C$2:$Q$201,3,)="BRO","BKN",IF(VLOOKUP(H69,'Paste #BBall'!$C$2:$Q$201,3,)="OKL","OKC",VLOOKUP(H69,'Paste #BBall'!$C$2:$Q$201,3,))) -> SAC | B69: =VLOOKUP(A69,'Paste #BBall'!$A$204:$D$233,4,) -> 3 | C69: =VLOOKUP(A69,'Paste #BBall'!$A$204:$C$233,3,) -> 3 | D69: =VLOOKUP(A69,'Paste #BBall'!$A$204:$B$233,2,) -> 4 | E69: =SUM(B69:D69) -> 10 | F69: 64 | G69: =IFERROR(__xludf.DUMMYFUNCTION("""COMPUTED_VALUE"""),171.0) -> 171 | H69: =IFERROR(__xludf.DUMMYFUNCTION("""COMPUTED_VALUE"""),"Richaun Holmes") -> Richaun Holmes | I69: =IFERROR(__xludf.DUMMYFUNCTION("""COMPUTED_VALUE"""),64.0) -> 64 | J69: =IFERROR(__xludf.DUMMYFUNCTION("""COMPUTED_VALUE"""),"PF/C") -> PF/C | K69: =IFERROR(__xludf.DUMMYFUNCTION("""COMPUTED_VALUE"""),-4.041045474905978) -> -4.0410455 | L69: =IFERROR(__xludf.DUMMYFUNCTION("""COMPUTED_VALUE"""),-7.167053183050866) -> -7.1670532 | M69: =IFERROR(__xludf.DUMMYFUNCTION("""COMPUTED_VALUE"""),-3.126007708144888) -> -3.1260077 | N69: =IFERROR(__xludf.DUMMYFUNCTION("""COMPUTED_VALUE"""),10.0) -> 10 | O69: =IFERROR(__xludf.DUMMYFUNCTION("""COMPUTED_VALUE"""),0.0) -> 0 | P69: =IFERROR(__xludf.DUMMYFUNCTION("""COMPUTED_VALUE"""),6.7) -> 6.7 | Q69: =IFERROR(__xludf.DUMMYFUNCTION("""COMPUTED_VALUE"""),1.1) -> 1.1 | R69: =IFERROR(__xludf.DUMMYFUNCTION("""COMPUTED_VALUE"""),0.4) -> 0.4 | S69: =IFERROR(__xludf.DUMMYFUNCTION("""COMPUTED_VALUE"""),0.9) -> 0.9 | T69: =IFERROR(__xludf.DUMMYFUNCTION("""COMPUTED_VALUE"""),66.15384615384615) -> 66.153846 | U69: =IFERROR(__xludf.DUMMYFUNCTION("""COMPUTED_VALUE"""),78.94736842105263) -> 78.947368 | V69: =IFERROR(__xludf.DUMMYFUNCTION("""COMPUTED_VALUE"""),1.2) -> 1.2 | W69: =IFERROR(__xludf.DUMMYFUNCTION("""COMPUTED_VALUE"""),-1.851483930114559) -> -1.8514839 | X69: =IFERROR(__xludf.DUMMYFUNCTION("""COMPUTED_VALUE"""),-1.6133511223939103) -> -1.6133511 | Y69: =IFERROR(__xludf.DUMMYFUNCTION("""COMPUTED_VALUE"""),0.255340104451454) -> 0.2553401 | Z69: =IFERROR(__xludf.DUMMYFUNCTION("""COMPUTED_VALUE"""),-1.484951394806553) -> -1.4849514 | AA69: =IFERROR(__xludf.DUMMYFUNCTION("""COMPUTED_VALUE"""),-2.4692608929143676) -> -2.4692609 | AB69: =IFERROR(__xludf.DUMMYFUNCTION("""COMPUTED_VALUE"""),0.0) -> 0 | AC69: =IFERROR(__xludf.DUMMYFUNCTION("""COMPUTED_VALUE"""),0.0) -> 0 | AD69: =IFERROR(__xludf.DUMMYFUNCTION("""COMPUTED_VALUE"""),-0.0033459472729303564) -> -0.0033459473 | AE69: =IFERROR(__xludf.DUMMYFUNCTION("""COMPUTED_VALUE"""),0.0) -> 0
A70: =IF(VLOOKUP(H70,'Paste #BBall'!$C$2:$Q$201,3,)="BRO","BKN",IF(VLOOKUP(H70,'Paste #BBall'!$C$2:$Q$201,3,)="OKL","OKC",VLOOKUP(H70,'Paste #BBall'!$C$2:$Q$201,3,))) -> LAL | B70: =VLOOKUP(A70,'Paste #BBall'!$A$204:$D$233,4,) -> 4 | C70: =VLOOKUP(A70,'Paste #BBall'!$A$204:$C$233,3,) -> 3 | D70: =VLOOKUP(A70,'Paste #BBall'!$A$204:$B$233,2,) -> 4 | E70: =SUM(B70:D70) -> 11 | F70: 65 | G70: =IFERROR(__xludf.DUMMYFUNCTION("""COMPUTED_VALUE"""),190.0) -> 190 | H70: =IFERROR(__xludf.DUMMYFUNCTION("""COMPUTED_VALUE"""),"Damian Jones") -> Damian Jones | I70: =IFERROR(__xludf.DUMMYFUNCTION("""COMPUTED_VALUE"""),65.0) -> 65 | J70: =IFERROR(__xludf.DUMMYFUNCTION("""COMPUTED_VALUE"""),"C") -> C | K70: =IFERROR(__xludf.DUMMYFUNCTION("""COMPUTED_VALUE"""),-4.7989353332678935) -> -4.7989353 | L70: =IFERROR(__xludf.DUMMYFUNCTION("""COMPUTED_VALUE"""),-7.261841594313899) -> -7.2618416 | M70: =IFERROR(__xludf.DUMMYFUNCTION("""COMPUTED_VALUE"""),-2.4629062610460055) -> -2.4629063 | N70: =IFERROR(__xludf.DUMMYFUNCTION("""COMPUTED_VALUE"""),9.1) -> 9.1 | O70: =IFERROR(__xludf.DUMMYFUNCTION("""COMPUTED_VALUE"""),0.2) -> 0.2 | P70: =IFERROR(__xludf.DUMMYFUNCTION("""COMPUTED_VALUE"""),4.9) -> 4.9 | Q70: =IFERROR(__xludf.DUMMYFUNCTION("""COMPUTED_VALUE"""),1.3) -> 1.3 | R70: =IFERROR(__xludf.DUMMYFUNCTION("""COMPUTED_VALUE"""),0.6) -> 0.6 | S70: =IFERROR(__xludf.DUMMYFUNCTION("""COMPUTED_VALUE"""),0.9) -> 0.9 | T70: =IFERROR(__xludf.DUMMYFUNCTION("""COMPUTED_VALUE"""),64.81481481481481) -> 64.814815 | U70: =IFERROR(__xludf.DUMMYFUNCTION("""COMPUTED_VALUE"""),73.07692307692307) -> 73.076923 | V70: =IFERROR(__xludf.DUMMYFUNCTION("""COMPUTED_VALUE"""),1.2) -> 1.2 | W70: =IFERROR(__xludf.DUMMYFUNCTION("""COMPUTED_VALUE"""),-2.091140295972052) -> -2.0911403 | X70: =IFERROR(__xludf.DUMMYFUNCTION("""COMPUTED_VALUE"""),-1.4133600098841828) -> -1.41336 | Y70: =IFERROR(__xludf.DUMMYFUNCTION("""COMPUTED_VALUE"""),-0.47944762101935795) -> -0.47944762 | Z70: =IFERROR(__xludf.DUMMYFUNCTION("""COMPUTED_VALUE"""),-1.3708127526470602) -> -1.3708128 | AA70: =IFERROR(__xludf.DUMMYFUNCTION("""COMPUTED_VALUE"""),-1.6516611750382768) -> -1.6516612 | AB70: =IFERROR(__xludf.DUMMYFUNCTION("""COMPUTED_VALUE"""),0.0) -> 0 | AC70: =IFERROR(__xludf.DUMMYFUNCTION("""COMPUTED_VALUE"""),0.0) -> 0 | AD70: =IFERROR(__xludf.DUMMYFUNCTION("""COMPUTED_VALUE"""),-0.2554197397529692) -> -0.25541974 | AE70: =IFERROR(__xludf.DUMMYFUNCTION("""COMPUTED_VALUE"""),0.0) -> 0
A71: =IF(VLOOKUP(H71,'Paste #BBall'!$C$2:$Q$201,3,)="BRO","BKN",IF(VLOOKUP(H71,'Paste #BBall'!$C$2:$Q$201,3,)="OKL","OKC",VLOOKUP(H71,'Paste #BBall'!$C$2:$Q$201,3,))) -> WAS | B71: =VLOOKUP(A71,'Paste #BBall'!$A$204:$D$233,4,) -> 3 | C71: =VLOOKUP(A71,'Paste #BBall'!$A$204:$C$233,3,) -> 4 | D71: =VLOOKUP(A71,'Paste #BBall'!$A$204:$B$233,2,) -> 3 | E71: =SUM(B71:D71) -> 10 | F71: 66 | G71: =IFERROR(__xludf.DUMMYFUNCTION("""COMPUTED_VALUE"""),160.0) -> 160 | H71: =IFERROR(__xludf.DUMMYFUNCTION("""COMPUTED_VALUE"""),"Daniel Gafford") -> Daniel Gafford | I71: =IFERROR(__xludf.DUMMYFUNCTION("""COMPUTED_VALUE"""),69.0) -> 69 | J71: =IFERROR(__xludf.DUMMYFUNCTION("""COMPUTED_VALUE"""),"PF/C") -> PF/C | K71: =IFERROR(__xludf.DUMMYFUNCTION("""COMPUTED_VALUE"""),-3.781995402157282) -> -3.7819954 | L71: =IFERROR(__xludf.DUMMYFUNCTION("""COMPUTED_VALUE"""),-7.338591846842746) -> -7.3385918 | M71: =IFERROR(__xludf.DUMMYFUNCTION("""COMPUTED_VALUE"""),-3.5565964446854643) -> -3.5565964 | N71: =IFERROR(__xludf.DUMMYFUNCTION("""COMPUTED_VALUE"""),9.7) -> 9.7 | O71: =IFERROR(__xludf.DUMMYFUNCTION("""COMPUTED_VALUE"""),0.0) -> 0 | P71: =IFERROR(__xludf.DUMMYFUNCTION("""COMPUTED_VALUE"""),6.4) -> 6.4 | Q71: =IFERROR(__xludf.DUMMYFUNCTION("""COMPUTED_VALUE"""),1.0) -> 1 | R71: =IFERROR(__xludf.DUMMYFUNCTION("""COMPUTED_VALUE"""),0.5) -> 0.5 | S71: =IFERROR(__xludf.DUMMYFUNCTION("""COMPUTED_VALUE"""),1.4) -> 1.4 | T71: =IFERROR(__xludf.DUMMYFUNCTION("""COMPUTED_VALUE"""),63.49206349206349) -> 63.492063 | U71: =IFERROR(__xludf.DUMMYFUNCTION("""COMPUTED_VALUE"""),70.83333333333334) -> 70.833333 | V71: =IFERROR(__xludf.DUMMYFUNCTION("""COMPUTED_VALUE"""),1.0) -> 1 | W71: =IFERROR(__xludf.DUMMYFUNCTION("""COMPUTED_VALUE"""),-1.93136938540039) -> -1.9313694 | X71: =IFERROR(__xludf.DUMMYFUNCTION("""COMPUTED_VALUE"""),-1.6133511223939103) -> -1.6133511 | Y71: =IFERROR(__xludf.DUMMYFUNCTION("""COMPUTED_VALUE"""),0.13287548353965203) -> 0.13287548 | Z71: =IFERROR(__xludf.DUMMYFUNCTION("""COMPUTED_VALUE"""),-1.542020715886299) -> -1.5420207 | AA71: =IFERROR(__xludf.DUMMYFUNCTION("""COMPUTED_VALUE"""),-2.0604610339763223) -> -2.060461 | AB71: =IFERROR(__xludf.DUMMYFUNCTION("""COMPUTED_VALUE"""),0.0) -> 0 | AC71: =IFERROR(__xludf.DUMMYFUNCTION("""COMPUTED_VALUE"""),0.0) -> 0 | AD71: =IFERROR(__xludf.DUMMYFUNCTION("""COMPUTED_VALUE"""),-0.3242650727254767) -> -0.32426507 | AE71: =IFERROR(__xludf.DUMMYFUNCTION("""COMPUTED_VALUE"""),0.0) -> 0
A72: =IF(VLOOKUP(H72,'Paste #BBall'!$C$2:$Q$201,3,)="BRO","BKN",IF(VLOOKUP(H72,'Paste #BBall'!$C$2:$Q$201,3,)="OKL","OKC",VLOOKUP(H72,'Paste #BBall'!$C$2:$Q$201,3,))) -> LAL | B72: =VLOOKUP(A72,'Paste #BBall'!$A$204:$D$233,4,) -> 4 | C72: =VLOOKUP(A72,'Paste #BBall'!$A$204:$C$233,3,) -> 3 | D72: =VLOOKUP(A72,'Paste #BBall'!$A$204:$B$233,2,) -> 4 | E72: =SUM(B72:D72) -> 11 | F72: 67 | G72: =IFERROR(__xludf.DUMMYFUNCTION("""COMPUTED_VALUE"""),195.0) -> 195 | H72: =IFERROR(__xludf.DUMMYFUNCTION("""COMPUTED_VALUE"""),"Thomas Bryant") -> Thomas Bryant | I72: =IFERROR(__xludf.DUMMYFUNCTION("""COMPUTED_VALUE"""),72.0) -> 72 | J72: =IFERROR(__xludf.DUMMYFUNCTION("""COMPUTED_VALUE"""),"C") -> C | K72: =IFERROR(__xludf.DUMMYFUNCTION("""COMPUTED_VALUE"""),-5.1221026364218885) -> -5.1221026 | L72: =IFERROR(__xludf.DUMMYFUNCTION("""COMPUTED_VALUE"""),-7.548032402961378) -> -7.5480324 | M72: =IFERROR(__xludf.DUMMYFUNCTION("""COMPUTED_VALUE"""),-2.4259297665394897) -> -2.4259298 | N72: =IFERROR(__xludf.DUMMYFUNCTION("""COMPUTED_VALUE"""),10.4) -> 10.4 | O72: =IFERROR(__xludf.DUMMYFUNCTION("""COMPUTED_VALUE"""),0.4) -> 0.4 | P72: =IFERROR(__xludf.DUMMYFUNCTION("""COMPUTED_VALUE"""),5.8) -> 5.8 | Q72: =IFERROR(__xludf.DUMMYFUNCTION("""COMPUTED_VALUE"""),1.3) -> 1.3 | R72: =IFERROR(__xludf.DUMMYFUNCTION("""COMPUTED_VALUE"""),0.3) -> 0.3 | S72: =IFERROR(__xludf.DUMMYFUNCTION("""COMPUTED_VALUE"""),1.1) -> 1.1 | T72: =IFERROR(__xludf.DUMMYFUNCTION("""COMPUTED_VALUE"""),53.16455696202531) -> 53.164557 | U72: =IFERROR(__xludf.DUMMYFUNCTION("""COMPUTED_VALUE"""),72.72727272727273) -> 72.727273 | V72: =IFERROR(__xludf.DUMMYFUNCTION("""COMPUTED_VALUE"""),1.0) -> 1 | W72: =IFERROR(__xludf.DUMMYFUNCTION("""COMPUTED_VALUE"""),-1.744969989733451) -> -1.74497 | X72: =IFERROR(__xludf.DUMMYFUNCTION("""COMPUTED_VALUE"""),-1.2133688973744552) -> -1.2133689 | Y72: =IFERROR(__xludf.DUMMYFUNCTION("""COMPUTED_VALUE"""),-0.11205375828395218) -> -0.11205376 | Z72: =IFERROR(__xludf.DUMMYFUNCTION("""COMPUTED_VALUE"""),-1.3708127526470602) -> -1.3708128 | AA72: =IFERROR(__xludf.DUMMYFUNCTION("""COMPUTED_VALUE"""),-2.8780607518524133) -> -2.8780608 | AB72: =IFERROR(__xludf.DUMMYFUNCTION("""COMPUTED_VALUE"""),0.0) -> 0 | AC72: =IFERROR(__xludf.DUMMYFUNCTION("""COMPUTED_VALUE"""),0.0) -> 0 | AD72: =IFERROR(__xludf.DUMMYFUNCTION("""COMPUTED_VALUE"""),-0.22876625307004594) -> -0.22876625 | AE72: =IFERROR(__xludf.DUMMYFUNCTION("""COMPUTED_VALUE"""),0.0) -> 0
A73: =IF(VLOOKUP(H73,'Paste #BBall'!$C$2:$Q$201,3,)="BRO","BKN",IF(VLOOKUP(H73,'Paste #BBall'!$C$2:$Q$201,3,)="OKL","OKC",VLOOKUP(H73,'Paste #BBall'!$C$2:$Q$201,3,))) -> NOP | B73: =VLOOKUP(A73,'Paste #BBall'!$A$204:$D$233,4,) -> 2 | C73: =VLOOKUP(A73,'Paste #BBall'!$A$204:$C$233,3,) -> 4 | D73: =VLOOKUP(A73,'Paste #BBall'!$A$204:$B$233,2,) -> 3 | E73: =SUM(B73:D73) -> 9 | F73: 68 | G73: =IFERROR(__xludf.DUMMYFUNCTION("""COMPUTED_VALUE"""),198.0) -> 198 | H73: =IFERROR(__xludf.DUMMYFUNCTION("""COMPUTED_VALUE"""),"Jaxson Hayes") -> Jaxson Hayes | I73: =IFERROR(__xludf.DUMMYFUNCTION("""COMPUTED_VALUE"""),67.0) -> 67 | J73: =IFERROR(__xludf.DUMMYFUNCTION("""COMPUTED_VALUE"""),"PF/C") -> PF/C | K73: =IFERROR(__xludf.DUMMYFUNCTION("""COMPUTED_VALUE"""),-5.569815878824355) -> -5.5698159 | L73: =IFERROR(__xludf.DUMMYFUNCTION("""COMPUTED_VALUE"""),-8.002075510468412) -> -8.0020755 | M73: =IFERROR(__xludf.DUMMYFUNCTION("""COMPUTED_VALUE"""),-2.4322596316440572) -> -2.4322596 | N73: =IFERROR(__xludf.DUMMYFUNCTION("""COMPUTED_VALUE"""),8.9) -> 8.9 | O73: =IFERROR(__xludf.DUMMYFUNCTION("""COMPUTED_VALUE"""),0.3) -> 0.3 | P73: =IFERROR(__xludf.DUMMYFUNCTION("""COMPUTED_VALUE"""),4.4) -> 4.4 | Q73: =IFERROR(__xludf.DUMMYFUNCTION("""COMPUTED_VALUE"""),0.6) -> 0.6 | R73: =IFERROR(__xludf.DUMMYFUNCTION("""COMPUTED_VALUE"""),0.5) -> 0.5 | S73: =IFERROR(__xludf.DUMMYFUNCTION("""COMPUTED_VALUE"""),0.8) -> 0.8 | T73: =IFERROR(__xludf.DUMMYFUNCTION("""COMPUTED_VALUE"""),60.71428571428572) -> 60.714286 | U73: =IFERROR(__xludf.DUMMYFUNCTION("""COMPUTED_VALUE"""),78.26086956521739) -> 78.26087 | V73: =IFERROR(__xludf.DUMMYFUNCTION("""COMPUTED_VALUE"""),0.8) -> 0.8 | W73: =IFERROR(__xludf.DUMMYFUNCTION("""COMPUTED_VALUE"""),-2.144397266162606) -> -2.1443973 | X73: =IFERROR(__xludf.DUMMYFUNCTION("""COMPUTED_VALUE"""),-1.313364453629319) -> -1.3133645 | Y73: =IFERROR(__xludf.DUMMYFUNCTION("""COMPUTED_VALUE"""),-0.683555322539028) -> -0.68355532 | Z73: =IFERROR(__xludf.DUMMYFUNCTION("""COMPUTED_VALUE"""),-1.7702980002052842) -> -1.770298 | AA73: =IFERROR(__xludf.DUMMYFUNCTION("""COMPUTED_VALUE"""),-2.0604610339763223) -> -2.060461 | AB73: =IFERROR(__xludf.DUMMYFUNCTION("""COMPUTED_VALUE"""),0.0) -> 0 | AC73: =IFERROR(__xludf.DUMMYFUNCTION("""COMPUTED_VALUE"""),0.0) -> 0 | AD73: =IFERROR(__xludf.DUMMYFUNCTION("""COMPUTED_VALUE"""),-0.029999433955853298) -> -0.029999434 | AE73: =IFERROR(__xludf.DUMMYFUNCTION("""COMPUTED_VALUE"""),0.0) -> 0
A74: =IF(VLOOKUP(H74,'Paste #BBall'!$C$2:$Q$201,3,)="BRO","BKN",IF(VLOOKUP(H74,'Paste #BBall'!$C$2:$Q$201,3,)="OKL","OKC",VLOOKUP(H74,'Paste #BBall'!$C$2:$Q$201,3,))) -> PHI | B74: =VLOOKUP(A74,'Paste #BBall'!$A$204:$D$233,4,) -> 3 | C74: =VLOOKUP(A74,'Paste #BBall'!$A$204:$C$233,3,) -> 4 | D74: =VLOOKUP(A74,'Paste #BBall'!$A$204:$B$233,2,) -> 3 | E74: =SUM(B74:D74) -> 10 | F74: 69 | G74: =IFERROR(__xludf.DUMMYFUNCTION("""COMPUTED_VALUE"""),200.0) -> 200 | H74: =IFERROR(__xludf.DUMMYFUNCTION("""COMPUTED_VALUE"""),"Montrezl Harrell") -> Montrezl Harrell | I74: =IFERROR(__xludf.DUMMYFUNCTION("""COMPUTED_VALUE"""),73.0) -> 73 | J74: =IFERROR(__xludf.DUMMYFUNCTION("""COMPUTED_VALUE"""),"PF/C") -> PF/C | K74: =IFERROR(__xludf.DUMMYFUNCTION("""COMPUTED_VALUE"""),-6.043416030323476) -> -6.043416 | L74: =IFERROR(__xludf.DUMMYFUNCTION("""COMPUTED_VALUE"""),-8.022486895995648) -> -8.0224869 | M74: =IFERROR(__xludf.DUMMYFUNCTION("""COMPUTED_VALUE"""),-1.9790708656721723) -> -1.9790709 | N74: =IFERROR(__xludf.DUMMYFUNCTION("""COMPUTED_VALUE"""),11.8) -> 11.8 | O74: =IFERROR(__xludf.DUMMYFUNCTION("""COMPUTED_VALUE"""),0.0) -> 0 | P74: =IFERROR(__xludf.DUMMYFUNCTION("""COMPUTED_VALUE"""),4.6) -> 4.6 | Q74: =IFERROR(__xludf.DUMMYFUNCTION("""COMPUTED_VALUE"""),1.1) -> 1.1 | R74: =IFERROR(__xludf.DUMMYFUNCTION("""COMPUTED_VALUE"""),0.4) -> 0.4 | S74: =IFERROR(__xludf.DUMMYFUNCTION("""COMPUTED_VALUE"""),0.7) -> 0.7 | T74: =IFERROR(__xludf.DUMMYFUNCTION("""COMPUTED_VALUE"""),62.0253164556962) -> 62.025316 | U74: =IFERROR(__xludf.DUMMYFUNCTION("""COMPUTED_VALUE"""),68.96551724137932) -> 68.965517 | V74: =IFERROR(__xludf.DUMMYFUNCTION("""COMPUTED_VALUE"""),1.1) -> 1.1 | W74: =IFERROR(__xludf.DUMMYFUNCTION("""COMPUTED_VALUE"""),-1.3721711983995732) -> -1.3721712 | X74: =IFERROR(__xludf.DUMMYFUNCTION("""COMPUTED_VALUE"""),-1.6133511223939103) -> -1.6133511 | Y74: =IFERROR(__xludf.DUMMYFUNCTION("""COMPUTED_VALUE"""),-0.6019122419311602) -> -0.60191224 | Z74: =IFERROR(__xludf.DUMMYFUNCTION("""COMPUTED_VALUE"""),-1.484951394806553) -> -1.4849514 | AA74: =IFERROR(__xludf.DUMMYFUNCTION("""COMPUTED_VALUE"""),-2.4692608929143676) -> -2.4692609 | AB74: =IFERROR(__xludf.DUMMYFUNCTION("""COMPUTED_VALUE"""),0.0) -> 0 | AC74: =IFERROR(__xludf.DUMMYFUNCTION("""COMPUTED_VALUE"""),0.0) -> 0 | AD74: =IFERROR(__xludf.DUMMYFUNCTION("""COMPUTED_VALUE"""),-0.4808400455500844) -> -0.48084005 | AE74: =IFERROR(__xludf.DUMMYFUNCTION("""COMPUTED_VALUE"""),0.0) -> 0
A75: =IF(VLOOKUP(H75,'Paste #BBall'!$C$2:$Q$201,3,)="BRO","BKN",IF(VLOOKUP(H75,'Paste #BBall'!$C$2:$Q$201,3,)="OKL","OKC",VLOOKUP(H75,'Paste #BBall'!$C$2:$Q$201,3,))) -> #N/A | B75: =VLOOKUP(A75,'Paste #BBall'!$A$204:$D$233,4,) -> #N/A | C75: =VLOOKUP(A75,'Paste #BBall'!$A$204:$C$233,3,) -> #N/A | D75: =VLOOKUP(A75,'Paste #BBall'!$A$204:$B$233,2,) -> #N/A | E75: =SUM(B75:D75) -> #N/A | F75: 70
A76: =IF(VLOOKUP(H76,'Paste #BBall'!$C$2:$Q$201,3,)="BRO","BKN",IF(VLOOKUP(H76,'Paste #BBall'!$C$2:$Q$201,3,)="OKL","OKC",VLOOKUP(H76,'Paste #BBall'!$C$2:$Q$201,3,))) -> #N/A | B76: =VLOOKUP(A76,'Paste #BBall'!$A$204:$D$233,4,) -> #N/A | C76: =VLOOKUP(A76,'Paste #BBall'!$A$204:$C$233,3,) -> #N/A | D76: =VLOOKUP(A76,'Paste #BBall'!$A$204:$B$233,2,) -> #N/A | E76: =SUM(B76:D76) -> #N/A | F76: 71
A77: =IF(VLOOKUP(H77,'Paste #BBall'!$C$2:$Q$201,3,)="BRO","BKN",IF(VLOOKUP(H77,'Paste #BBall'!$C$2:$Q$201,3,)="OKL","OKC",VLOOKUP(H77,'Paste #BBall'!$C$2:$Q$201,3,))) -> #N/A | B77: =VLOOKUP(A77,'Paste #BBall'!$A$204:$D$233,4,) -> #N/A | C77: =VLOOKUP(A77,'Paste #BBall'!$A$204:$C$233,3,) -> #N/A | D77: =VLOOKUP(A77,'Paste #BBall'!$A$204:$B$233,2,) -> #N/A | E77: =SUM(B77:D77) -> #N/A | F77: 72
A78: =IF(VLOOKUP(H78,'Paste #BBall'!$C$2:$Q$201,3,)="BRO","BKN",IF(VLOOKUP(H78,'Paste #BBall'!$C$2:$Q$201,3,)="OKL","OKC",VLOOKUP(H78,'Paste #BBall'!$C$2:$Q$201,3,))) -> #N/A | B78: =VLOOKUP(A78,'Paste #BBall'!$A$204:$D$233,4,) -> #N/A | C78: =VLOOKUP(A78,'Paste #BBall'!$A$204:$C$233,3,) -> #N/A | D78: =VLOOKUP(A78,'Paste #BBall'!$A$204:$B$233,2,) -> #N/A | E78: =SUM(B78:D78) -> #N/A | F78: 73
A79: =IF(VLOOKUP(H79,'Paste #BBall'!$C$2:$Q$201,3,)="BRO","BKN",IF(VLOOKUP(H79,'Paste #BBall'!$C$2:$Q$201,3,)="OKL","OKC",VLOOKUP(H79,'Paste #BBall'!$C$2:$Q$201,3,))) -> #N/A | B79: =VLOOKUP(A79,'Paste #BBall'!$A$204:$D$233,4,) -> #N/A | C79: =VLOOKUP(A79,'Paste #BBall'!$A$204:$C$233,3,) -> #N/A | D79: =VLOOKUP(A79,'Paste #BBall'!$A$204:$B$233,2,) -> #N/A | E79: =SUM(B79:D79) -> #N/A | F79: 74
A80: =IF(VLOOKUP(H80,'Paste #BBall'!$C$2:$Q$201,3,)="BRO","BKN",IF(VLOOKUP(H80,'Paste #BBall'!$C$2:$Q$201,3,)="OKL","OKC",VLOOKUP(H80,'Paste #BBall'!$C$2:$Q$201,3,))) -> #N/A | B80: =VLOOKUP(A80,'Paste #BBall'!$A$204:$D$233,4,) -> #N/A | C80: =VLOOKUP(A80,'Paste #BBall'!$A$204:$C$233,3,) -> #N/A | D80: =VLOOKUP(A80,'Paste #BBall'!$A$204:$B$233,2,) -> #N/A | E80: =SUM(B80:D80) -> #N/A | F80: 75
A81: =IF(VLOOKUP(H81,'Paste #BBall'!$C$2:$Q$201,3,)="BRO","BKN",IF(VLOOKUP(H81,'Paste #BBall'!$C$2:$Q$201,3,)="OKL","OKC",VLOOKUP(H81,'Paste #BBall'!$C$2:$Q$201,3,))) -> #N/A | B81: =VLOOKUP(A81,'Paste #BBall'!$A$204:$D$233,4,) -> #N/A | C81: =VLOOKUP(A81,'Paste #BBall'!$A$204:$C$233,3,) -> #N/A | D81: =VLOOKUP(A81,'Paste #BBall'!$A$204:$B$233,2,) -> #N/A | E81: =SUM(B81:D81) -> #N/A | F81: 76
A82: =IF(VLOOKUP(H82,'Paste #BBall'!$C$2:$Q$201,3,)="BRO","BKN",IF(VLOOKUP(H82,'Paste #BBall'!$C$2:$Q$201,3,)="OKL","OKC",VLOOKUP(H82,'Paste #BBall'!$C$2:$Q$201,3,))) -> #N/A | B82: =VLOOKUP(A82,'Paste #BBall'!$A$204:$D$233,4,) -> #N/A | C82: =VLOOKUP(A82,'Paste #BBall'!$A$204:$C$233,3,) -> #N/A | D82: =VLOOKUP(A82,'Paste #BBall'!$A$204:$B$233,2,) -> #N/A | E82: =SUM(B82:D82) -> #N/A | F82: 77
A83: =IF(VLOOKUP(H83,'Paste #BBall'!$C$2:$Q$201,3,)="BRO","BKN",IF(VLOOKUP(H83,'Paste #BBall'!$C$2:$Q$201,3,)="OKL","OKC",VLOOKUP(H83,'Paste #BBall'!$C$2:$Q$201,3,))) -> #N/A | B83: =VLOOKUP(A83,'Paste #BBall'!$A$204:$D$233,4,) -> #N/A | C83: =VLOOKUP(A83,'Paste #BBall'!$A$204:$C$233,3,) -> #N/A | D83: =VLOOKUP(A83,'Paste #BBall'!$A$204:$B$233,2,) -> #N/A | E83: =SUM(B83:D83) -> #N/A | F83: 78
A84: =IF(VLOOKUP(H84,'Paste #BBall'!$C$2:$Q$201,3,)="BRO","BKN",IF(VLOOKUP(H84,'Paste #BBall'!$C$2:$Q$201,3,)="OKL","OKC",VLOOKUP(H84,'Paste #BBall'!$C$2:$Q$201,3,))) -> #N/A | B84: =VLOOKUP(A84,'Paste #BBall'!$A$204:$D$233,4,) -> #N/A | C84: =VLOOKUP(A84,'Paste #BBall'!$A$204:$C$233,3,) -> #N/A | D84: =VLOOKUP(A84,'Paste #BBall'!$A$204:$B$233,2,) -> #N/A | E84: =SUM(B84:D84) -> #N/A | F84: 79
A85: =IF(VLOOKUP(H85,'Paste #BBall'!$C$2:$Q$201,3,)="BRO","BKN",IF(VLOOKUP(H85,'Paste #BBall'!$C$2:$Q$201,3,)="OKL","OKC",VLOOKUP(H85,'Paste #BBall'!$C$2:$Q$201,3,))) -> #N/A | B85: =VLOOKUP(A85,'Paste #BBall'!$A$204:$D$233,4,) -> #N/A | C85: =VLOOKUP(A85,'Paste #BBall'!$A$204:$C$233,3,) -> #N/A | D85: =VLOOKUP(A85,'Paste #BBall'!$A$204:$B$233,2,) -> #N/A | E85: =SUM(B85:D85) -> #N/A | F85: 80
A86: =IF(VLOOKUP(H86,'Paste #BBall'!$C$2:$Q$201,3,)="BRO","BKN",IF(VLOOKUP(H86,'Paste #BBall'!$C$2:$Q$201,3,)="OKL","OKC",VLOOKUP(H86,'Paste #BBall'!$C$2:$Q$201,3,))) -> #N/A | B86: =VLOOKUP(A86,'Paste #BBall'!$A$204:$D$233,4,) -> #N/A | C86: =VLOOKUP(A86,'Paste #BBall'!$A$204:$C$233,3,) -> #N/A | D86: =VLOOKUP(A86,'Paste #BBall'!$A$204:$B$233,2,) -> #N/A | E86: =SUM(B86:D86) -> #N/A | F86: 81
... A205: =IF(VLOOKUP(H205,'Paste #BBall'!$C$2:$Q$201,3,)="BRO","BKN",IF(VLOOKUP(H205,'Paste #BBall'!$C$2:$Q$201,3,)="OKL","OKC",VLOOKUP(H205,'Paste #BBall'!$C$2:$Q$201,3,))) -> #N/A | B205: =VLOOKUP(A205,'Paste #BBall'!$A$204:$D$233,4,) -> #N/A | C205: =VLOOKUP(A205,'Paste #BBall'!$A$204:$C$233,3,) -> #N/A | D205: =VLOOKUP(A205,'Paste #BBall'!$A$204:$B$233,2,) -> #N/A | E205: =SUM(B205:D205) -> #N/A | F205: 200
F206: 201
F207: 202
F208: 203
F209: 204
F210: 205
F211: 206
F212: 207
F213: 208
F214: 209
F215: 210
F216: 211
F217: 212
... F401: 396

Sheet Team
A1: son | C1: Team | D1: =VLOOKUP(TRUE(),B5:C16,2,FALSE) -> 6 | Y1: TOP | Z1: 150
F2: Don't sort this table!
M3: =C5 -> 1 | N3: =C6 -> 2 | O3: =C7 -> 3 | P3: =C8 -> 4 | Q3: =C9 -> 5 | R3: =C10 -> 6 | S3: =C11 -> 7 | T3: =C12 -> 8 | U3: =C13 -> 9 | V3: =C14 -> 10 | W3: =C15 -> 11 | X3: =C16 -> 12
C4: Team | D4: PTS | E4: 3P | F4: REB | G4: AST | H4: STL | I4: BLK | J4: FG% | K4: FT% | L4: TO | M4: Categories won | Y4: Categories Won | Z4: Winrate
B5: =Draft!B3 -> FALSE | C5: 1 | D5: =((IF(ISBLANK(Draft!C3),0,VLOOKUP(Draft!C3, 'NO USAR1'!A4:L1000,2,FALSE)+(IF(ISBLANK(Draft!D14),0,VLOOKUP(Draft!D14, 'NO USAR1'!A4:L1000,2,FALSE)+(IF(ISBLANK(Draft!E3),0,VLOOKUP(Draft!E3, 'NO USAR1'!A4:L1000,2,FALSE)+(IF(ISBLANK(Draft!F14),0,VLOOKUP(Draft!F14, 'NO USAR1'!A4:L1000,2,FALSE)+(IF(ISBLANK(Draft!G3),0,VLOOKUP(Draft!G3, 'NO USAR1'!A4:L1000,2,FALSE)+(IF(ISBLANK(Draft!H14),0,VLOOKUP(Draft!H14, 'NO USAR1'!A4:L1000,2,FALSE)+(IF(ISBLANK(Draft!I3),0,VLOOKUP(Draft!I3, 'NO USAR1'!A4:L1000,2,FALSE)+(IF(ISBLANK(Draft!J14),0,VLOOKUP(Draft!J14, 'NO USAR1'!A4:L1000,2,FALSE)+(IF(ISBLANK(Draft!K3),0,VLOOKUP(Draft!K3, 'NO USAR1'!A4:L1000,2,FALSE)+(IF(ISBLANK(Draft!L14),0,VLOOKUP(Draft!L14, 'NO USAR1'!A4:L1000,2,FALSE)+IF(ISBLANK(Draft!M3),0,VLOOKUP(Draft!M3, 'NO USAR1'!A4:L1000,2,FALSE)+IF(ISBLANK(Draft!N14),0,VLOOKUP(Draft!N14, 'NO USAR1'!A4:L1000,2,FALSE)))))))))))))))))))))))) -> 1.4137521 | E5: =((IF(ISBLANK(Draft!C3),0,VLOOKUP(Draft!C3, 'NO USAR1'!A4:L1000,3,FALSE)+(IF(ISBLANK(Draft!D14),0,VLOOKUP(Draft!D14, 'NO USAR1'!A4:L1000,3,FALSE)+(IF(ISBLANK(Draft!E3),0,VLOOKUP(Draft!E3, 'NO USAR1'!A4:L1000,3,FALSE)+(IF(ISBLANK(Draft!F14),0,VLOOKUP(Draft!F14, 'NO USAR1'!A4:L1000,3,FALSE)+(IF(ISBLANK(Draft!G3),0,VLOOKUP(Draft!G3, 'NO USAR1'!A4:L1000,3,FALSE)+(IF(ISBLANK(Draft!H14),0,VLOOKUP(Draft!H14, 'NO USAR1'!A4:L1000,3,FALSE)+(IF(ISBLANK(Draft!I3),0,VLOOKUP(Draft!I3, 'NO USAR1'!A4:L1000,3,FALSE)+(IF(ISBLANK(Draft!J14),0,VLOOKUP(Draft!J14, 'NO USAR1'!A4:L1000,3,FALSE)+(IF(ISBLANK(Draft!K3),0,VLOOKUP(Draft!K3, 'NO USAR1'!A4:L1000,3,FALSE)+(IF(ISBLANK(Draft!L14),0,VLOOKUP(Draft!L14, 'NO USAR1'!A4:L1000,3,FALSE)+IF(ISBLANK(Draft!M3),0,VLOOKUP(Draft!M3, 'NO USAR1'!A4:L1000,3,FALSE)+IF(ISBLANK(Draft!N14),0,VLOOKUP(Draft!N14, 'NO USAR1'!A4:L1000,3,FALSE)))))))))))))))))))))))) -> -2.7609511 | F5: =((IF(ISBLANK(Draft!C3),0,VLOOKUP(Draft!C3, 'NO USAR1'!A4:L1000,4,FALSE)+(IF(ISBLANK(Draft!D14),0,VLOOKUP(Draft!D14, 'NO USAR1'!A4:L1000,4,FALSE)+(IF(ISBLANK(Draft!E3),0,VLOOKUP(Draft!E3, 'NO USAR1'!A4:L1000,4,FALSE)+(IF(ISBLANK(Draft!F14),0,VLOOKUP(Draft!F14, 'NO USAR1'!A4:L1000,4,FALSE)+(IF(ISBLANK(Draft!G3),0,VLOOKUP(Draft!G3, 'NO USAR1'!A4:L1000,4,FALSE)+(IF(ISBLANK(Draft!H14),0,VLOOKUP(Draft!H14, 'NO USAR1'!A4:L1000,4,FALSE)+(IF(ISBLANK(Draft!I3),0,VLOOKUP(Draft!I3, 'NO USAR1'!A4:L1000,4,FALSE)+(IF(ISBLANK(Draft!J14),0,VLOOKUP(Draft!J14, 'NO USAR1'!A4:L1000,4,FALSE)+(IF(ISBLANK(Draft!K3),0,VLOOKUP(Draft!K3, 'NO USAR1'!A4:L1000,4,FALSE)+(IF(ISBLANK(Draft!L14),0,VLOOKUP(Draft!L14, 'NO USAR1'!A4:L1000,4,FALSE)+IF(ISBLANK(Draft!M3),0,VLOOKUP(Draft!M3, 'NO USAR1'!A4:L1000,4,FALSE)+IF(ISBLANK(Draft!N14),0,VLOOKUP(Draft!N14, 'NO USAR1'!A4:L1000,4,FALSE)))))))))))))))))))))))) -> 0.32903805 | G5: =((IF(ISBLANK(Draft!C3),0,VLOOKUP(Draft!C3, 'NO USAR1'!A4:L1000,5,FALSE)+(IF(ISBLANK(Draft!D14),0,VLOOKUP(Draft!D14, 'NO USAR1'!A4:L1000,5,FALSE)+(IF(ISBLANK(Draft!E3),0,VLOOKUP(Draft!E3, 'NO USAR1'!A4:L1000,5,FALSE)+(IF(ISBLANK(Draft!F14),0,VLOOKUP(Draft!F14, 'NO USAR1'!A4:L1000,5,FALSE)+(IF(ISBLANK(Draft!G3),0,VLOOKUP(Draft!G3, 'NO USAR1'!A4:L1000,5,FALSE)+(IF(ISBLANK(Draft!H14),0,VLOOKUP(Draft!H14, 'NO USAR1'!A4:L1000,5,FALSE)+(IF(ISBLANK(Draft!I3),0,VLOOKUP(Draft!I3, 'NO USAR1'!A4:L1000,5,FALSE)+(IF(ISBLANK(Draft!J14),0,VLOOKUP(Draft!J14, 'NO USAR1'!A4:L1000,5,FALSE)+(IF(ISBLANK(Draft!K3),0,VLOOKUP(Draft!K3, 'NO USAR1'!A4:L1000,5,FALSE)+(IF(ISBLANK(Draft!L14),0,VLOOKUP(Draft!L14, 'NO USAR1'!A4:L1000,5,FALSE)+IF(ISBLANK(Draft!M3),0,VLOOKUP(Draft!M3, 'NO USAR1'!A4:L1000,5,FALSE)+IF(ISBLANK(Draft!N14),0,VLOOKUP(Draft!N14, 'NO USAR1'!A4:L1000,5,FALSE)))))))))))))))))))))))) -> 1.9064983 | H5: =((IF(ISBLANK(Draft!C3),0,VLOOKUP(Draft!C3, 'NO USAR1'!A4:L1000,6,FALSE)+(IF(ISBLANK(Draft!D14),0,VLOOKUP(Draft!D14, 'NO USAR1'!A4:L1000,6,FALSE)+(IF(ISBLANK(Draft!E3),0,VLOOKUP(Draft!E3, 'NO USAR1'!A4:L1000,6,FALSE)+(IF(ISBLANK(Draft!F14),0,VLOOKUP(Draft!F14, 'NO USAR1'!A4:L1000,6,FALSE)+(IF(ISBLANK(Draft!G3),0,VLOOKUP(Draft!G3, 'NO USAR1'!A4:L1000,6,FALSE)+(IF(ISBLANK(Draft!H14),0,VLOOKUP(Draft!H14, 'NO USAR1'!A4:L1000,6,FALSE)+(IF(ISBLANK(Draft!I3),0,VLOOKUP(Draft!I3, 'NO USAR1'!A4:L1000,6,FALSE)+(IF(ISBLANK(Draft!J14),0,VLOOKUP(Draft!J14, 'NO USAR1'!A4:L1000,6,FALSE)+(IF(ISBLANK(Draft!K3),0,VLOOKUP(Draft!K3, 'NO USAR1'!A4:L1000,6,FALSE)+(IF(ISBLANK(Draft!L14),0,VLOOKUP(Draft!L14, 'NO USAR1'!A4:L1000,6,FALSE)+IF(ISBLANK(Draft!M3),0,VLOOKUP(Draft!M3, 'NO USAR1'!A4:L1000,6,FALSE)+IF(ISBLANK(Draft!N14),0,VLOOKUP(Draft!N14, 'NO USAR1'!A4:L1000,6,FALSE)))))))))))))))))))))))) -> 1.4771667 | I5: =((IF(ISBLANK(Draft!C3),0,VLOOKUP(Draft!C3, 'NO USAR1'!A4:L1000,7,FALSE)+(IF(ISBLANK(Draft!D14),0,VLOOKUP(Draft!D14, 'NO USAR1'!A4:L1000,7,FALSE)+(IF(ISBLANK(Draft!E3),0,VLOOKUP(Draft!E3, 'NO USAR1'!A4:L1000,7,FALSE)+(IF(ISBLANK(Draft!F14),0,VLOOKUP(Draft!F14, 'NO USAR1'!A4:L1000,7,FALSE)+(IF(ISBLANK(Draft!G3),0,VLOOKUP(Draft!G3, 'NO USAR1'!A4:L1000,7,FALSE)+(IF(ISBLANK(Draft!H14),0,VLOOKUP(Draft!H14, 'NO USAR1'!A4:L1000,7,FALSE)+(IF(ISBLANK(Draft!I3),0,VLOOKUP(Draft!I3, 'NO USAR1'!A4:L1000,7,FALSE)+(IF(ISBLANK(Draft!J14),0,VLOOKUP(Draft!J14, 'NO USAR1'!A4:L1000,7,FALSE)+(IF(ISBLANK(Draft!K3),0,VLOOKUP(Draft!K3, 'NO USAR1'!A4:L1000,7,FALSE)+(IF(ISBLANK(Draft!L14),0,VLOOKUP(Draft!L14, 'NO USAR1'!A4:L1000,7,FALSE)+IF(ISBLANK(Draft!M3),0,VLOOKUP(Draft!M3, 'NO USAR1'!A4:L1000,7,FALSE)+IF(ISBLANK(Draft!N14),0,VLOOKUP(Draft!N14, 'NO USAR1'!A4:L1000,7,FALSE)))))))))))))))))))))))) -> -0.34562333 | J5: =((IF(ISBLANK(Draft!C3),0,VLOOKUP(Draft!C3, 'NO USAR1'!A4:L1000,8,FALSE)+(IF(ISBLANK(Draft!D14),0,VLOOKUP(Draft!D14, 'NO USAR1'!A4:L1000,8,FALSE)+(IF(ISBLANK(Draft!E3),0,VLOOKUP(Draft!E3, 'NO USAR1'!A4:L1000,8,FALSE)+(IF(ISBLANK(Draft!F14),0,VLOOKUP(Draft!F14, 'NO USAR1'!A4:L1000,8,FALSE)+(IF(ISBLANK(Draft!G3),0,VLOOKUP(Draft!G3, 'NO USAR1'!A4:L1000,8,FALSE)+(IF(ISBLANK(Draft!H14),0,VLOOKUP(Draft!H14, 'NO USAR1'!A4:L1000,8,FALSE)+(IF(ISBLANK(Draft!I3),0,VLOOKUP(Draft!I3, 'NO USAR1'!A4:L1000,8,FALSE)+(IF(ISBLANK(Draft!J14),0,VLOOKUP(Draft!J14, 'NO USAR1'!A4:L1000,8,FALSE)+(IF(ISBLANK(Draft!K3),0,VLOOKUP(Draft!K3, 'NO USAR1'!A4:L1000,8,FALSE)+(IF(ISBLANK(Draft!L14),0,VLOOKUP(Draft!L14, 'NO USAR1'!A4:L1000,8,FALSE)+IF(ISBLANK(Draft!M3),0,VLOOKUP(Draft!M3, 'NO USAR1'!A4:L1000,8,FALSE)+IF(ISBLANK(Draft!N14),0,VLOOKUP(Draft!N14, 'NO USAR1'!A4:L1000,8,FALSE)))))))))))))))))))))))) -> -0.34510499 | K5: =((IF(ISBLANK(Draft!C3),0,VLOOKUP(Draft!C3, 'NO USAR1'!A4:L1000,10,FALSE)+(IF(ISBLANK(Draft!D14),0,VLOOKUP(Draft!D14, 'NO USAR1'!A4:L1000,10,FALSE)+(IF(ISBLANK(Draft!E3),0,VLOOKUP(Draft!E3, 'NO USAR1'!A4:L1000,10,FALSE)+(IF(ISBLANK(Draft!F14),0,VLOOKUP(Draft!F14, 'NO USAR1'!A4:L1000,10,FALSE)+(IF(ISBLANK(Draft!G3),0,VLOOKUP(Draft!G3, 'NO USAR1'!A4:L1000,10,FALSE)+(IF(ISBLANK(Draft!H14),0,VLOOKUP(Draft!H14, 'NO USAR1'!A4:L1000,10,FALSE)+(IF(ISBLANK(Draft!I3),0,VLOOKUP(Draft!I3, 'NO USAR1'!A4:L1000,10,FALSE)+(IF(ISBLANK(Draft!J14),0,VLOOKUP(Draft!J14, 'NO USAR1'!A4:L1000,10,FALSE)+(IF(ISBLANK(Draft!K3),0,VLOOKUP(Draft!K3, 'NO USAR1'!A4:L1000,10,FALSE)+(IF(ISBLANK(Draft!L14),0,VLOOKUP(Draft!L14, 'NO USAR1'!A4:L1000,10,FALSE)+IF(ISBLANK(Draft!M3),0,VLOOKUP(Draft!M3, 'NO USAR1'!A4:L1000,10,FALSE)+IF(ISBLANK(Draft!N14),0,VLOOKUP(Draft!N14, 'NO USAR1'!A4:L1000,10,FALSE)))))))))))))))))))))))) -> -0.57367747 | L5: =((IF(ISBLANK(Draft!C3),0,VLOOKUP(Draft!C3, 'NO USAR1'!A4:L1000,12,FALSE)+(IF(ISBLANK(Draft!D14),0,VLOOKUP(Draft!D14, 'NO USAR1'!A4:L1000,12,FALSE)+(IF(ISBLANK(Draft!E3),0,VLOOKUP(Draft!E3, 'NO USAR1'!A4:L1000,12,FALSE)+(IF(ISBLANK(Draft!F14),0,VLOOKUP(Draft!F14, 'NO USAR1'!A4:L1000,12,FALSE)+(IF(ISBLANK(Draft!G3),0,VLOOKUP(Draft!G3, 'NO USAR1'!A4:L1000,12,FALSE)+(IF(ISBLANK(Draft!H14),0,VLOOKUP(Draft!H14, 'NO USAR1'!A4:L1000,12,FALSE)+(IF(ISBLANK(Draft!I3),0,VLOOKUP(Draft!I3, 'NO USAR1'!A4:L1000,12,FALSE)+(IF(ISBLANK(Draft!J14),0,VLOOKUP(Draft!J14, 'NO USAR1'!A4:L1000,12,FALSE)+(IF(ISBLANK(Draft!K3),0,VLOOKUP(Draft!K3, 'NO USAR1'!A4:L1000,12,FALSE)+(IF(ISBLANK(Draft!L14),0,VLOOKUP(Draft!L14, 'NO USAR1'!A4:L1000,12,FALSE)+IF(ISBLANK(Draft!M3),0,VLOOKUP(Draft!M3, 'NO USAR1'!A4:L1000,12,FALSE)+IF(ISBLANK(Draft!N14),0,VLOOKUP(Draft!N14, 'NO USAR1'!A4:L1000,12,FALSE)))))))))))))))))))))))) -> -2.1524954 | M5: {=if(M$3=$C5,"-", countif(indirect(address(row($C$4)+ VLOOKUP(M$3,$C$5:$C$16,1),COLUMN($D$4))):indirect(address(row($C$4)+ VLOOKUP(M$3,$C$5:$C$16,1),COLUMN($L$4)))>indirect(address(row($C5),COLUMN($D$4))):indirect(address(row($C5),COLUMN($L$4))),TRUE()))} -> - | N5: {=if(N$3=$C5,"-", countif(indirect(address(row($C$4)+ VLOOKUP(N$3,$C$5:$C$16,1),COLUMN($D$4))):indirect(address(row($C$4)+ VLOOKUP(N$3,$C$5:$C$16,1),COLUMN($L$4)))>indirect(address(row($C5),COLUMN($D$4))):indirect(address(row($C5),COLUMN($L$4))),TRUE()))} -> 5 | O5: {=if(O$3=$C5,"-", countif(indirect(address(row($C$4)+ VLOOKUP(O$3,$C$5:$C$16,1),COLUMN($D$4))):indirect(address(row($C$4)+ VLOOKUP(O$3,$C$5:$C$16,1),COLUMN($L$4)))>indirect(address(row($C5),COLUMN($D$4))):indirect(address(row($C5),COLUMN($L$4))),TRUE()))} -> 5 | P5: {=if(P$3=$C5,"-", countif(indirect(address(row($C$4)+ VLOOKUP(P$3,$C$5:$C$16,1),COLUMN($D$4))):indirect(address(row($C$4)+ VLOOKUP(P$3,$C$5:$C$16,1),COLUMN($L$4)))>indirect(address(row($C5),COLUMN($D$4))):indirect(address(row($C5),COLUMN($L$4))),TRUE()))} -> 4 | Q5: {=if(Q$3=$C5,"-", countif(indirect(address(row($C$4)+ VLOOKUP(Q$3,$C$5:$C$16,1),COLUMN($D$4))):indirect(address(row($C$4)+ VLOOKUP(Q$3,$C$5:$C$16,1),COLUMN($L$4)))>indirect(address(row($C5),COLUMN($D$4))):indirect(address(row($C5),COLUMN($L$4))),TRUE()))} -> 5 | R5: {=if(R$3=$C5,"-", countif(indirect(address(row($C$4)+ VLOOKUP(R$3,$C$5:$C$16,1),COLUMN($D$4))):indirect(address(row($C$4)+ VLOOKUP(R$3,$C$5:$C$16,1),COLUMN($L$4)))>indirect(address(row($C5),COLUMN($D$4))):indirect(address(row($C5),COLUMN($L$4))),TRUE()))} -> 6 | S5: {=if(S$3=$C5,"-", countif(indirect(address(row($C$4)+ VLOOKUP(S$3,$C$5:$C$16,1),COLUMN($D$4))):indirect(address(row($C$4)+ VLOOKUP(S$3,$C$5:$C$16,1),COLUMN($L$4)))>indirect(address(row($C5),COLUMN($D$4))):indirect(address(row($C5),COLUMN($L$4))),TRUE()))} -> 6 | T5: {=if(T$3=$C5,"-", countif(indirect(address(row($C$4)+ VLOOKUP(T$3,$C$5:$C$16,1),COLUMN($D$4))):indirect(address(row($C$4)+ VLOOKUP(T$3,$C$5:$C$16,1),COLUMN($L$4)))>indirect(address(row($C5),COLUMN($D$4))):indirect(address(row($C5),COLUMN($L$4))),TRUE()))} -> 4 | ... X5: {=if(X$3=$C5,"-", countif(indirect(address(row($C$4)+ VLOOKUP(X$3,$C$5:$C$16,1),COLUMN($D$4))):indirect(address(row($C$4)+ VLOOKUP(X$3,$C$5:$C$16,1),COLUMN($L$4)))>indirect(address(row($C5),COLUMN($D$4))):indirect(address(row($C5),COLUMN($L$4))),TRUE()))} -> 4 | Y5: {=if(D$1=$C5,"-", countif(indirect(address(row($C$4)+ VLOOKUP(D$1,$C$5:$C$16,1),COLUMN($D$4))):indirect(address(row($C$4)+ VLOOKUP(D$1,$C$5:$C$16,1),COLUMN($L$4)))>indirect(address(row($C5),COLUMN($D$4))):indirect(address(row($C5),COLUMN($L$4))),TRUE()))} -> 6 | Z5: =SUM(M$5:M$16)/99 -> 0.46464646
